t(s)	ag (m/s^2)
0	-0.0322
0.005	0.0243
0.01	-0.0174
0.015	-0.0414
0.02	-0.0273
0.025	-0.0331
0.03	-0.0162
0.035	0.0023
0.04	0.0255
0.045	0.0294
0.05	0.0301
0.055	0.0466
0.06	0.054
0.065	0.047
0.07	0.0437
0.075	0.0173
0.08	-0.0205
0.085	-0.0242
0.09	-0.0408
0.095	-0.0474
0.1	-0.0357
0.105	-0.0307
0.11	-0.0028
0.115	0.0236
0.12	0.0332
0.125	0.0396
0.13	0.0383
0.135	0.0308
0.14	0.0306
0.145	0.0313
0.15	0.0233
0.155	0.0149
0.16	0.0194
0.165	0.044
0.17	0.0748
0.175	0.0827
0.18	0.0731
0.185	0.0698
0.19	0.0566
0.195	0.0253
0.2	-0.0131
0.205	-0.0362
0.21	-0.0398
0.215	-0.0528
0.22	-0.0488
0.225	-0.0233
0.23	-0.0219
0.235	0.0095
0.24	0.0416
0.245	0.018
0.25	0.0085
0.255	-0.0009
0.26	-0.0277
0.265	-0.0473
0.27	-0.0531
0.275	-0.0588
0.28	-0.0536
0.285	-0.0227
0.29	-0.011
0.295	0.0252
0.3	0.0733
0.305	0.1012
0.31	0.1324
0.315	0.1106
0.32	0.0797
0.325	0.0677
0.33	0.0005
0.335	-0.0442
0.34	-0.0463
0.345	-0.0835
0.35	-0.0769
0.355	-0.0143
0.36	0.0107
0.365	0.0161
0.37	0.029
0.375	0.0118
0.38	-0.01
0.385	-0.0316
0.39	-0.0794
0.395	-0.0767
0.4	-0.0242
0.405	-0.0016
0.41	0.0389
0.415	0.1039
0.42	0.1424
0.425	0.1344
0.43	0.1152
0.435	0.0981
0.44	0.0641
0.445	0.0298
0.45	-0.0505
0.455	-0.0889
0.46	-0.0487
0.465	-0.0594
0.47	-0.0734
0.475	-0.0387
0.48	-0.0315
0.485	-0.0385
0.49	-0.0147
0.495	0.012
0.5	0.0476
0.505	0.0702
0.51	0.0803
0.515	0.0919
0.52	0.0767
0.525	0.0813
0.53	0.1127
0.535	0.1311
0.54	0.1301
0.545	0.113
0.55	0.0929
0.555	0.0826
0.56	0.0518
0.565	-0.0509
0.57	-0.0817
0.575	-0.05
0.58	-0.0208
0.585	0.0868
0.59	0.1545
0.595	0.1671
0.6	0.1571
0.605	0.1233
0.61	0.0839
0.615	0.0212
0.62	0.0226
0.625	0.064
0.63	0.0568
0.635	0.0368
0.64	0.0288
0.645	-0.0218
0.65	-0.1177
0.655	-0.1926
0.66	-0.2049
0.665	-0.1917
0.67	-0.1573
0.675	-0.0391
0.68	0.0937
0.685	0.1565
0.69	0.1837
0.695	0.2112
0.7	0.2273
0.705	0.2404
0.71	0.1966
0.715	0.0879
0.72	0.0096
0.725	-0.1196
0.73	-0.2589
0.735	-0.3114
0.74	-0.3626
0.745	-0.2828
0.75	-0.1517
0.755	-0.0256
0.76	0.1422
0.765	0.1625
0.77	0.1043
0.775	0.0303
0.78	-0.1396
0.785	-0.2811
0.79	-0.099
0.795	0.1218
0.8	0.2471
0.805	0.477
0.81	0.5285
0.815	0.4791
0.82	0.3771
0.825	0.1438
0.83	0.0191
0.835	-0.039
0.84	-0.0771
0.845	-0.0935
0.85	-0.1051
0.855	-0.0988
0.86	-0.127
0.865	-0.1908
0.87	-0.2746
0.875	-0.2386
0.88	-0.1401
0.885	-0.0368
0.89	0.1605
0.895	0.3153
0.9	0.3355
0.905	0.3059
0.91	0.3107
0.915	0.1433
0.92	-0.1223
0.925	-0.2015
0.93	-0.1538
0.935	-0.0246
0.94	0.064
0.945	0.2624
0.95	0.2909
0.955	0.1781
0.96	0.1812
0.965	-0.2415
0.97	-0.5009
0.975	-0.3894
0.98	-0.4857
0.985	-0.5182
0.99	-0.3725
0.995	-0.2532
1	-0.0548
1.005	0.1653
1.01	0.2713
1.015	0.4354
1.02	0.4549
1.025	0.408
1.03	0.4254
1.035	0.3961
1.04	0.359
1.045	0.2716
1.05	0.1307
1.055	-0.0377
1.06	-0.2116
1.065	-0.3868
1.07	-0.5365
1.075	-0.5488
1.08	-0.3667
1.085	-0.2274
1.09	-0.1451
1.095	-0.1131
1.1	-0.124
1.105	-0.0597
1.11	0.0292
1.115	0.1314
1.12	0.2104
1.125	0.3323
1.13	0.4324
1.135	0.4504
1.14	0.4952
1.145	0.5035
1.15	0.497
1.155	0.4681
1.16	0.3244
1.165	0.1424
1.17	0.1124
1.175	0.0866
1.18	-0.053
1.185	-0.0597
1.19	-0.1677
1.195	-0.4036
1.2	-0.5875
1.205	-0.7489
1.21	-0.7058
1.215	-0.6515
1.22	-0.566
1.225	-0.2621
1.23	0.0069
1.235	0.2614
1.24	0.4317
1.245	0.5184
1.25	0.5573
1.255	0.5236
1.26	0.5733
1.265	0.4741
1.27	0.1621
1.275	-0.0161
1.28	-0.0403
1.285	-0.1366
1.29	-0.3907
1.295	-0.601
1.3	-0.6838
1.305	-0.7576
1.31	-0.716
1.315	-0.5222
1.32	-0.2425
1.325	0.1457
1.33	0.3506
1.335	0.3636
1.34	0.5255
1.345	0.6058
1.35	0.6506
1.355	0.6785
1.36	0.6357
1.365	0.605
1.37	0.4343
1.375	0.2822
1.38	0.0633
1.385	-0.1023
1.39	-0.2541
1.395	-0.6197
1.4	-0.7165
1.405	-0.6662
1.41	-0.7412
1.415	-0.556
1.42	-0.1344
1.425	-0.0259
1.43	-0.0573
1.435	-0.0181
1.44	-0.0098
1.445	0.0821
1.45	0.1775
1.455	0.2735
1.46	0.3738
1.465	0.3659
1.47	0.3294
1.475	0.3295
1.48	0.2581
1.485	0.1302
1.49	0.121
1.495	0.1239
1.5	-0.0022
1.505	-0.0146
1.51	0.0796
1.515	0.0827
1.52	0.0937
1.525	0.1186
1.53	0.1132
1.535	0.1233
1.54	0.079
1.545	0.0556
1.55	0.0605
1.555	0.0107
1.56	-0.0472
1.565	-0.1045
1.57	-0.2631
1.575	-0.3974
1.58	-0.3255
1.585	-0.2896
1.59	-0.3615
1.595	-0.3564
1.6	-0.2839
1.605	-0.263
1.61	-0.2706
1.615	-0.2371
1.62	-0.1644
1.625	-0.0948
1.63	-0.0764
1.635	0.0086
1.64	0.0897
1.645	0.2031
1.65	0.5331
1.655	0.7208
1.66	0.6736
1.665	0.6784
1.67	0.7398
1.675	0.6587
1.68	0.5017
1.685	0.4851
1.69	0.4362
1.695	0.3138
1.7	0.1124
1.705	-0.061
1.71	-0.1255
1.715	-0.1821
1.72	-0.234
1.725	-0.2631
1.73	-0.182
1.735	-0.0445
1.74	0.1301
1.745	0.3494
1.75	0.722
1.755	0.9324
1.76	0.8256
1.765	0.8761
1.77	0.8916
1.775	0.84
1.78	0.6133
1.785	0.3274
1.79	0.3408
1.795	0.014
1.8	-0.2609
1.805	-0.2535
1.81	-0.3633
1.815	-0.3632
1.82	-0.2539
1.825	-0.1882
1.83	-0.1007
1.835	0.0411
1.84	0.099
1.845	0.185
1.85	0.4443
1.855	0.6466
1.86	0.812
1.865	0.8882
1.87	0.8469
1.875	0.7654
1.88	0.0205
1.885	-0.3025
1.89	-0.3235
1.895	-0.9361
1.9	-0.9592
1.905	-0.9554
1.91	-1.0193
1.915	-0.8983
1.92	-0.9183
1.925	-0.7428
1.93	-0.5749
1.935	-0.1624
1.94	0.1447
1.945	0.6639
1.95	1.2019
1.955	1.1415
1.96	1.3246
1.965	1.238
1.97	0.9487
1.975	0.7158
1.98	0.1992
1.985	-0.1267
1.99	-0.2395
1.995	-0.5175
2	-0.7178
2.005	-0.8823
2.01	-1.1175
2.015	-1.2785
2.02	-1.4204
2.025	-1.2258
2.03	-0.9903
2.035	-0.516
2.04	0.3004
2.045	0.9458
2.05	1.184
2.055	1.0342
2.06	1.1298
2.065	1.1151
2.07	0.8532
2.075	0.8885
2.08	0.7161
2.085	0.4845
2.09	0.2492
2.095	-0.1201
2.1	-0.2219
2.105	-0.4105
2.11	-0.549
2.115	-0.5579
2.12	-0.4656
2.125	-0.3294
2.13	-0.128
2.135	0.049
2.14	0.0595
2.145	0.2888
2.15	0.4105
2.155	0.3797
2.16	0.419
2.165	0.3777
2.17	0.3908
2.175	0.2942
2.18	-0.0529
2.185	-0.2058
2.19	-0.276
2.195	-0.607
2.2	-0.7782
2.205	-0.8213
2.21	-0.9734
2.215	-0.9772
2.22	-0.753
2.225	-0.4743
2.23	-0.4883
2.235	-0.2281
2.24	0.5612
2.245	0.692
2.25	1.3816
2.255	2.547
2.26	2.144
2.265	2.1246
2.27	2.579
2.275	1.8633
2.28	1.6083
2.285	1.5388
2.29	0.5152
2.295	-0.0543
2.3	-0.3252
2.305	-0.6504
2.31	-0.9298
2.315	-1.3171
2.32	-1.3072
2.325	-1.2598
2.33	-1.2878
2.335	-1.1347
2.34	-0.984
2.345	-0.6715
2.35	-0.2304
2.355	-0.0603
2.36	0.4123
2.365	0.8449
2.37	0.7815
2.375	0.9211
2.38	1.0114
2.385	0.8671
2.39	0.6472
2.395	0.3793
2.4	0.2018
2.405	-0.1443
2.41	-0.6176
2.415	-0.9975
2.42	-1.1662
2.425	-1.3717
2.43	-1.5114
2.435	-1.1688
2.44	-1.1141
2.445	-0.8001
2.45	0.0268
2.455	0.2856
2.46	0.253
2.465	0.5799
2.47	0.8647
2.475	0.8103
2.48	0.8473
2.485	0.8948
2.49	0.6497
2.495	0.3334
2.5	0.0686
2.505	-0.2223
2.51	-0.3384
2.515	-0.4194
2.52	-0.6008
2.525	-0.6489
2.53	-0.5865
2.535	-0.5064
2.54	-0.54
2.545	-0.3586
2.55	0.1966
2.555	0.3789
2.56	0.5236
2.565	0.7913
2.57	0.6808
2.575	0.5234
2.58	0.5184
2.585	0.4108
2.59	0.1587
2.595	0.1744
2.6	0.1798
2.605	0.036
2.61	0.0707
2.615	0.1156
2.62	0.1568
2.625	0.192
2.63	0.2117
2.635	0.2541
2.64	0.3424
2.645	0.4548
2.65	0.5011
2.655	0.534
2.66	0.6299
2.665	0.6761
2.67	0.7684
2.675	1.0627
2.68	1.1141
2.685	1.0018
2.69	1.0231
2.695	0.6883
2.7	0.4098
2.705	0.329
2.71	-0.1624
2.715	-0.3247
2.72	-0.3171
2.725	-0.5177
2.73	-0.4447
2.735	-0.3298
2.74	-0.1397
2.745	0.084
2.75	0.2714
2.755	0.4572
2.76	0.4759
2.765	0.4788
2.77	0.5375
2.775	0.4925
2.78	0.4614
2.785	0.419
2.79	0.249
2.795	0.1304
2.8	-0.0572
2.805	-0.276
2.81	-0.3052
2.815	-0.272
2.82	-0.274
2.825	-0.2283
2.83	-0.1601
2.835	-0.1964
2.84	-0.2538
2.845	-0.238
2.85	-0.1638
2.855	-0.104
2.86	0.0052
2.865	0.23
2.87	0.2998
2.875	0.342
2.88	0.6447
2.885	0.8228
2.89	0.8143
2.895	0.8363
2.9	0.8268
2.905	0.4637
2.91	0.0416
2.915	-0.0105
2.92	-0.0956
2.925	-0.1933
2.93	-0.2306
2.935	-0.3171
2.94	-0.3641
2.945	-0.4263
2.95	-0.5116
2.955	-0.5046
2.96	-0.4454
2.965	-0.4284
2.97	-0.4192
2.975	-0.3821
2.98	-0.313
2.985	-0.2629
2.99	-0.1734
2.995	0.1062
3	0.2896
3.005	0.3664
3.01	0.588
3.015	0.6661
3.02	0.6812
3.025	0.8654
3.03	1.0243
3.035	0.9912
3.04	0.9918
3.045	0.8582
3.05	0.5434
3.055	0.5021
3.06	0.324
3.065	0.1743
3.07	0.1861
3.075	0.0912
3.08	0.0695
3.085	-0.1847
3.09	-0.519
3.095	-0.5087
3.1	-0.6067
3.105	-0.8725
3.11	-0.7789
3.115	-0.7179
3.12	-0.6941
3.125	-0.3949
3.13	-0.2159
3.135	-0.0253
3.14	0.0705
3.145	0.0261
3.15	0.1377
3.155	0.1637
3.16	0.0965
3.165	0.0879
3.17	0.1067
3.175	0.1218
3.18	0.2668
3.185	0.4037
3.19	0.3892
3.195	0.3598
3.2	0.3639
3.205	0.2182
3.21	0.0707
3.215	0.1957
3.22	0.2473
3.225	0.2762
3.23	0.2943
3.235	0.2394
3.24	0.1341
3.245	-0.2626
3.25	-0.542
3.255	-0.765
3.26	-0.9367
3.265	-1.0387
3.27	-1.1569
3.275	-1.0608
3.28	-1.0691
3.285	-1.0552
3.29	-0.9985
3.295	-1.0069
3.3	-0.9879
3.305	-1.0002
3.31	-1.0054
3.315	-0.9491
3.32	-0.902
3.325	-0.8817
3.33	-0.6954
3.335	-0.4378
3.34	-0.3976
3.345	-0.4157
3.35	-0.2774
3.355	-0.2434
3.36	-0.1176
3.365	0.0528
3.37	0.2036
3.375	0.6268
3.38	0.6127
3.385	0.8907
3.39	1.4884
3.395	1.4782
3.4	1.6471
3.405	1.7287
3.41	1.3596
3.415	1.3405
3.42	1.135
3.425	0.6544
3.43	0.6926
3.435	0.5451
3.44	0.387
3.445	0.4687
3.45	0.4524
3.455	0.5104
3.46	0.5996
3.465	0.6099
3.47	0.5869
3.475	0.5805
3.48	0.4275
3.485	0.1136
3.49	-0.2577
3.495	-0.4564
3.5	-0.6692
3.505	-0.7552
3.51	-0.6893
3.515	-0.7476
3.52	-0.7219
3.525	-0.8349
3.53	-0.8226
3.535	-0.9253
3.54	-1.2273
3.545	-1.3903
3.55	-1.4749
3.555	-1.4929
3.56	-1.6283
3.565	-1.6341
3.57	-1.577
3.575	-1.5756
3.58	-1.5255
3.585	-1.4715
3.59	-1.4508
3.595	-1.4698
3.6	-1.486
3.605	-1.5588
3.61	-1.6834
3.615	-1.7411
3.62	-1.9261
3.625	-2.0616
3.63	-2.0956
3.635	-2.2482
3.64	-2.3283
3.645	-2.4377
3.65	-2.5
3.655	-2.5121
3.66	-2.5893
3.665	-2.6068
3.67	-2.6925
3.675	-2.8284
3.68	-2.949
3.685	-3.1072
3.69	-3.255
3.695	-3.3618
3.7	-3.4537
3.705	-3.4965
3.71	-3.4261
3.715	-3.3868
3.72	-3.2903
3.725	-2.9954
3.73	-2.8113
3.735	-2.5593
3.74	-2.3013
3.745	-2.1808
3.75	-1.8745
3.755	-1.8252
3.76	-1.8914
3.765	-1.8179
3.77	-1.8397
3.775	-1.8895
3.78	-2.1119
3.785	-2.2304
3.79	-2.1684
3.795	-2.2758
3.8	-2.333
3.805	-2.1832
3.81	-2.2227
3.815	-2.0762
3.82	-1.2649
3.825	-1.0498
3.83	-0.5189
3.835	1.967
3.84	3.783
3.845	3.4836
3.85	3.5149
3.855	4.1355
3.86	4.1487
3.865	4.1101
3.87	4.0841
3.875	3.9413
3.88	3.828
3.885	3.6549
3.89	3.5423
3.895	3.413
3.9	3.2291
3.905	3.0021
3.91	2.027
3.915	1.0481
3.92	0.7993
3.925	0.4928
3.93	-0.0345
3.935	-0.1724
3.94	0.3006
3.945	0.4931
3.95	1.3115
3.955	2.7027
3.96	2.7913
3.965	3.2116
3.97	4.0597
3.975	3.9264
3.98	3.7926
3.985	3.8259
3.99	3.7487
3.995	3.5887
4	3.4482
4.005	3.3735
4.01	2.7444
4.015	1.7837
4.02	1.7394
4.025	1.128
4.03	0.0201
4.035	0.3333
4.04	-0.3061
4.045	-1.36
4.05	-1.2635
4.055	-1.65
4.06	-2.1681
4.065	-2.2324
4.07	-2.2187
4.075	-2.333
4.08	-2.0181
4.085	-1.0467
4.09	-0.5043
4.095	0.0626
4.1	1.0259
4.105	1.1262
4.11	1.1955
4.115	1.435
4.12	1.3618
4.125	1.584
4.13	1.6226
4.135	1.5144
4.14	1.4821
4.145	1.2018
4.15	0.8056
4.155	0.6215
4.16	0.5482
4.165	0.2825
4.17	0.2632
4.175	0.3513
4.18	0.4377
4.185	0.7311
4.19	1.0933
4.195	1.6445
4.2	2.0375
4.205	2.5105
4.21	2.976
4.215	3.1004
4.22	3.1189
4.225	2.7972
4.23	2.781
4.235	2.4845
4.24	1.5905
4.245	1.5616
4.25	1.0856
4.255	0.4334
4.26	0.5865
4.265	0.293
4.27	-0.0172
4.275	-0.1664
4.28	-0.2576
4.285	-0.1673
4.29	-0.2105
4.295	-0.1697
4.3	-0.0684
4.305	0.1265
4.31	0.1618
4.315	0.6246
4.32	1.1692
4.325	1.2021
4.33	1.8344
4.335	1.8497
4.34	1.6848
4.345	1.9554
4.35	1.8502
4.355	1.6959
4.36	1.6516
4.365	1.4852
4.37	1.2855
4.375	1.2986
4.38	1.1536
4.385	1.1162
4.39	1.0908
4.395	0.9948
4.4	1.0336
4.405	0.9707
4.41	0.9492
4.415	0.8566
4.42	0.5327
4.425	0.3275
4.43	0.0385
4.435	-0.1758
4.44	-0.142
4.445	-0.2095
4.45	-0.3275
4.455	-0.3757
4.46	-0.7742
4.465	-1.0442
4.47	-1.0761
4.475	-1.4977
4.48	-1.684
4.485	-1.8694
4.49	-2.0377
4.495	-2.0468
4.5	-2.0906
4.505	-2.0407
4.51	-1.9277
4.515	-1.6009
4.52	-1.2095
4.525	-0.7468
4.53	-0.3465
4.535	-0.2242
4.54	-0.0174
4.545	0.0987
4.55	0.0551
4.555	-0.2437
4.56	-0.6653
4.565	-0.7988
4.57	-1.2867
4.575	-1.5323
4.58	-1.5615
4.585	-1.9164
4.59	-2.0777
4.595	-2.4027
4.6	-2.5927
4.605	-2.739
4.61	-3.1395
4.615	-3.1706
4.62	-3.2288
4.625	-3.3123
4.63	-3.2185
4.635	-3.2343
4.64	-3.0472
4.645	-2.5589
4.65	-2.3356
4.655	-2.2442
4.66	-1.9747
4.665	-1.9091
4.67	-1.8071
4.675	-1.6366
4.68	-1.4748
4.685	-1.2617
4.69	-1.1842
4.695	-1.1307
4.7	-1.1072
4.705	-1.1616
4.71	-1.3336
4.715	-1.5784
4.72	-1.7767
4.725	-1.9087
4.73	-2.0431
4.735	-2.2105
4.74	-2.2131
4.745	-2.1484
4.75	-2.1636
4.755	-2.0517
4.76	-1.8719
4.765	-1.6043
4.77	-1.3038
4.775	-1.2035
4.78	-0.8552
4.785	-0.5281
4.79	-0.4
4.795	-0.1811
4.8	-0.1331
4.805	-0.0638
4.81	0.0268
4.815	0.03
4.82	0.1479
4.825	0.4016
4.83	0.5113
4.835	0.6997
4.84	1.34
4.845	1.5484
4.85	1.4375
4.855	1.77
4.86	1.956
4.865	1.9181
4.87	1.947
4.875	1.971
4.88	1.9981
4.885	1.908
4.89	1.6802
4.895	1.5536
4.9	1.4178
4.905	1.0487
4.91	0.8316
4.915	0.7719
4.92	0.1665
4.925	-0.0143
4.93	-0.4206
4.935	-1.2127
4.94	-0.9934
4.945	-1.4039
4.95	-1.8388
4.955	-1.6665
4.96	-1.7175
4.965	-1.689
4.97	-1.6536
4.975	-1.5964
4.98	-1.4922
4.985	-1.4177
4.99	-1.4004
4.995	-1.3726
5	-1.3614
5.005	-1.7023
5.01	-1.8789
5.015	-1.8111
5.02	-1.9668
5.025	-1.9386
5.03	-1.9246
5.035	-1.8704
5.04	-1.5685
5.045	-1.3562
5.05	-1.2574
5.055	-1.0321
5.06	-0.7556
5.065	-0.7653
5.07	-0.7108
5.075	-0.5071
5.08	-0.5313
5.085	-0.487
5.09	-0.3853
5.095	-0.3162
5.1	-0.2399
5.105	-0.2044
5.11	-0.0096
5.115	0.1311
5.12	0.2003
5.125	0.4607
5.13	0.6148
5.135	0.7627
5.14	1.1124
5.145	1.1746
5.15	1.3895
5.155	1.9196
5.16	1.8154
5.165	2.1017
5.17	2.6425
5.175	2.2878
5.18	2.466
5.185	2.9152
5.19	2.747
5.195	2.7381
5.2	2.7824
5.205	2.6783
5.21	2.6182
5.215	2.4022
5.22	2.1697
5.225	2.1171
5.23	2.0101
5.235	1.8864
5.24	1.8744
5.245	1.8202
5.25	1.7232
5.255	1.596
5.26	1.4236
5.265	1.3326
5.27	1.107
5.275	0.8416
5.28	0.7319
5.285	0.6984
5.29	0.6465
5.295	0.6528
5.3	0.7515
5.305	0.818
5.31	0.8867
5.315	0.9185
5.32	0.9179
5.325	0.8943
5.33	0.8232
5.335	0.6414
5.34	0.5047
5.345	0.4566
5.35	0.349
5.355	0.3026
5.36	0.34
5.365	0.3973
5.37	0.4543
5.375	0.5439
5.38	0.6448
5.385	0.5758
5.39	0.6264
5.395	0.4418
5.4	-0.0511
5.405	-0.1182
5.41	-0.3089
5.415	-0.6755
5.42	-0.7735
5.425	-0.8841
5.43	-1.1534
5.435	-1.2742
5.44	-1.3817
5.445	-1.5078
5.45	-1.5038
5.455	-1.5167
5.46	-1.5377
5.465	-1.5625
5.47	-1.5754
5.475	-1.8121
5.48	-1.9748
5.485	-1.9821
5.49	-2.1378
5.495	-2.0676
5.5	-1.9823
5.505	-1.8546
5.51	-1.4214
5.515	-1.0311
5.52	-0.5548
5.525	-0.3628
5.53	0.3187
5.535	0.4374
5.54	0.0124
5.545	0.8496
5.55	1.2191
5.555	1.0264
5.56	1.0236
5.565	1.0771
5.57	1.1259
5.575	0.6175
5.58	0.1625
5.585	0.0978
5.59	0.0251
5.595	-0.2326
5.6	-0.5493
5.605	-0.5726
5.61	-0.5663
5.615	-0.5616
5.62	-0.4115
5.625	0.3097
5.63	0.6502
5.635	0.8093
5.64	1.5476
5.645	1.6897
5.65	1.5383
5.655	1.6025
5.66	1.5817
5.665	1.1088
5.67	0.7498
5.675	0.7144
5.68	0.4441
5.685	0.2182
5.69	0.0099
5.695	-0.182
5.7	-0.3146
5.705	-0.4414
5.71	-0.6685
5.715	-0.8823
5.72	-0.9286
5.725	-1.0688
5.73	-1.2304
5.735	-1.4345
5.74	-1.436
5.745	-1.3412
5.75	-1.3632
5.755	-1.1332
5.76	-0.6292
5.765	-0.2351
5.77	-0.1483
5.775	0.6055
5.78	1.0175
5.785	1.0418
5.79	1.7161
5.795	1.9495
5.8	2.0976
5.805	2.2926
5.81	2.3429
5.815	2.3867
5.82	2.3348
5.825	2.2826
5.83	2.0582
5.835	1.8236
5.84	1.5596
5.845	1.2773
5.85	0.8226
5.855	0.443
5.86	-0.1757
5.865	-0.8659
5.87	-0.9557
5.875	-1.602
5.88	-2.259
5.885	-2.633
5.89	-2.7279
5.895	-2.922
5.9	-3.4987
5.905	-3.3425
5.91	-3.3597
5.915	-3.5376
5.92	-3.4223
5.925	-3.4344
5.93	-3.4064
5.935	-3.3647
5.94	-3.3094
5.945	-3.2684
5.95	-3.215
5.955	-3.1258
5.96	-3.0796
5.965	-3.0291
5.97	-2.9502
5.975	-2.9112
5.98	-2.8849
5.985	-2.8639
5.99	-2.8195
5.995	-2.7735
6	-2.7632
6.005	-2.4957
6.01	-2.369
6.015	-2.0285
6.02	-1.3959
6.025	-0.8777
6.03	-0.3633
6.035	0.451
6.04	1.4903
6.045	1.7682
6.05	2.7339
6.055	3.4575
6.06	3.1455
6.065	3.2742
6.07	3.3727
6.075	3.3524
6.08	3.24
6.085	2.9199
6.09	2.6963
6.095	2.8393
6.1	2.072
6.105	1.2964
6.11	1.6012
6.115	0.9565
6.12	0.303
6.125	0.203
6.13	-0.4473
6.135	-0.6871
6.14	-0.735
6.145	-0.6279
6.15	-0.4739
6.155	-0.4783
6.16	0.2032
6.165	0.3072
6.17	0.1779
6.175	0.7847
6.18	0.7422
6.185	0.9938
6.19	1.5575
6.195	1.2669
6.2	1.6685
6.205	2.1608
6.21	1.7784
6.215	1.8829
6.22	2.0315
6.225	1.857
6.23	1.9154
6.235	1.6099
6.24	1.3276
6.245	1.4513
6.25	1.3232
6.255	1.2007
6.26	1.2627
6.265	1.3189
6.27	1.342
6.275	1.4652
6.28	1.8037
6.285	1.7379
6.29	1.6313
6.295	1.8241
6.3	1.7378
6.305	1.6725
6.31	1.7062
6.315	1.6396
6.32	1.4987
6.325	1.4296
6.33	1.3645
6.335	1.1024
6.34	0.9563
6.345	0.8773
6.35	0.7134
6.355	0.5959
6.36	0.4592
6.365	0.2907
6.37	0.1717
6.375	-0.0698
6.38	-0.3842
6.385	-0.5178
6.39	-0.7128
6.395	-0.9445
6.4	-1.1516
6.405	-1.2877
6.41	-1.2831
6.415	-1.5082
6.42	-1.6129
6.425	-1.4894
6.43	-1.5304
6.435	-1.561
6.44	-1.4851
6.445	-1.5462
6.45	-1.7343
6.455	-1.6808
6.46	-1.8216
6.465	-2.0155
6.47	-1.9275
6.475	-1.923
6.48	-1.8801
6.485	-1.7687
6.49	-1.6659
6.495	-1.6159
6.5	-1.608
6.505	-1.6354
6.51	-1.686
6.515	-1.7084
6.52	-1.7798
6.525	-1.8449
6.53	-1.6019
6.535	-1.5467
6.54	-1.3526
6.545	-0.6538
6.55	-0.3137
6.555	0.3108
6.56	0.6124
6.565	0.6101
6.57	1.1719
6.575	1.3287
6.58	1.2409
6.585	1.2604
6.59	1.2899
6.595	1.0041
6.6	0.6458
6.605	0.6037
6.61	0.3892
6.615	0.1555
6.62	0.0738
6.625	0.063
6.63	0.0321
6.635	0.029
6.64	0.1203
6.645	0.1648
6.65	0.2476
6.655	0.3645
6.66	0.4522
6.665	0.5254
6.67	0.6295
6.675	0.6834
6.68	0.7685
6.685	0.8875
6.69	1.0093
6.695	1.176
6.7	1.2695
6.705	1.391
6.71	1.4618
6.715	1.6155
6.72	1.8668
6.725	1.9182
6.73	1.9215
6.735	1.9371
6.74	1.8479
6.745	1.9359
6.75	1.7362
6.755	1.0013
6.76	1.0765
6.765	1.0565
6.77	0.5175
6.775	0.2453
6.78	-0.1093
6.785	-0.1402
6.79	-0.3711
6.795	-1.0066
6.8	-1.1023
6.805	-1.0996
6.81	-1.5133
6.815	-1.6243
6.82	-1.6162
6.825	-1.7413
6.83	-1.7084
6.835	-1.6353
6.84	-1.6064
6.845	-1.5339
6.85	-1.3304
6.855	-1.1424
6.86	-1.0714
6.865	-1.0722
6.87	-1.0164
6.875	-0.9523
6.88	-1.0111
6.885	-1.051
6.89	-1.0624
6.895	-1.3215
6.9	-1.5579
6.905	-1.667
6.91	-1.9621
6.915	-2.1518
6.92	-2.3186
6.925	-2.5979
6.93	-2.6427
6.935	-2.753
6.94	-2.8777
6.945	-2.9095
6.95	-2.9923
6.955	-3.0502
6.96	-3.0777
6.965	-3.058
6.97	-3.0338
6.975	-2.9964
6.98	-2.9393
6.985	-2.8727
6.99	-2.843
6.995	-2.7921
7	-2.7327
7.005	-2.6489
7.01	-2.5652
7.015	-2.4842
7.02	-2.3724
7.025	-2.3044
7.03	-2.2431
7.035	-2.1871
7.04	-1.9686
7.045	-1.7986
7.05	-1.8896
7.055	-1.7118
7.06	-1.4794
7.065	-1.4655
7.07	-1.2364
7.075	-0.9854
7.08	-0.6675
7.085	-0.3415
7.09	-0.1555
7.095	0.2477
7.1	0.5905
7.105	0.8382
7.11	1.1758
7.115	1.4551
7.12	1.7829
7.125	2.055
7.13	2.3523
7.135	2.907
7.14	3.1221
7.145	3.3735
7.15	3.9142
7.155	4.1945
7.16	4.4436
7.165	4.748
7.17	5.03
7.175	5.2817
7.18	5.4705
7.185	5.6433
7.19	5.788
7.195	5.889
7.2	5.902
7.205	5.8813
7.21	5.7921
7.215	5.6515
7.22	5.4799
7.225	5.2499
7.23	5.0716
7.235	4.8625
7.24	4.5784
7.245	4.307
7.25	4.0584
7.255	3.6792
7.26	3.2607
7.265	3.1644
7.27	3.2
7.275	3.1661
7.28	3.4525
7.285	3.7637
7.29	3.923
7.295	4.2199
7.3	4.4019
7.305	4.5437
7.31	4.7542
7.315	4.8395
7.32	4.8265
7.325	4.8033
7.33	4.7587
7.335	4.6446
7.34	4.49
7.345	4.3708
7.35	4.0365
7.355	3.5763
7.36	3.4612
7.365	3.2575
7.37	2.7626
7.375	2.5865
7.38	2.5147
7.385	2.0606
7.39	1.8116
7.395	1.533
7.4	1.0777
7.405	0.6149
7.41	0.2625
7.415	-0.0139
7.42	-0.5621
7.425	-0.9677
7.43	-1.2078
7.435	-1.6326
7.44	-2.0621
7.445	-2.177
7.45	-2.4733
7.455	-2.761
7.46	-2.9508
7.465	-3.1422
7.47	-3.4143
7.475	-3.6976
7.48	-3.8632
7.485	-3.9161
7.49	-3.9749
7.495	-4.1733
7.5	-4.196
7.505	-4.2884
7.51	-4.4128
7.515	-4.4377
7.52	-4.4602
7.525	-4.4413
7.53	-4.3376
7.535	-4.2544
7.54	-4.0727
7.545	-3.7183
7.55	-3.4602
7.555	-3.1657
7.56	-2.6628
7.565	-2.3293
7.57	-2.0436
7.575	-1.6834
7.58	-1.3533
7.585	-1.0173
7.59	-1.0043
7.595	-0.9629
7.6	-0.7632
7.605	-0.7795
7.61	-0.8421
7.615	-0.847
7.62	-0.8892
7.625	-0.9578
7.63	-0.9995
7.635	-1.0273
7.64	-1.0347
7.645	-1.0462
7.65	-1.0281
7.655	-1.0407
7.66	-1.0746
7.665	-1.1454
7.67	-1.3294
7.675	-1.3971
7.68	-1.6665
7.685	-1.8998
7.69	-1.8635
7.695	-2.0001
7.7	-2.0402
7.705	-1.9794
7.71	-1.9742
7.715	-1.8968
7.72	-1.6396
7.725	-1.2289
7.73	-1.029
7.735	-1.0095
7.74	-0.3375
7.745	0.15
7.75	0.213
7.755	1.009
7.76	1.5042
7.765	1.6211
7.77	2.1825
7.775	2.5578
7.78	2.7185
7.785	2.8831
7.79	2.937
7.795	3.0322
7.8	3.09
7.805	3.0628
7.81	3.0307
7.815	3.006
7.82	2.9129
7.825	2.8471
7.83	2.7225
7.835	2.4307
7.84	2.3661
7.845	2.1494
7.85	1.6998
7.855	1.5152
7.86	1.1605
7.865	0.8647
7.87	0.6527
7.875	0.1313
7.88	-0.0439
7.885	0.0328
7.89	-0.2762
7.895	-0.4707
7.9	-0.4397
7.905	-0.5603
7.91	-0.6182
7.915	-0.6167
7.92	-0.6378
7.925	-0.6676
7.93	-0.6423
7.935	-0.6143
7.94	-0.6166
7.945	-0.5791
7.95	-0.5712
7.955	-0.5671
7.96	-0.5948
7.965	-0.6544
7.97	-0.7446
7.975	-0.8691
7.98	-1.0306
7.985	-1.2652
7.99	-1.453
7.995	-1.6947
8	-1.8835
8.005	-2.0096
8.01	-2.2536
8.015	-2.3741
8.02	-2.3782
8.025	-2.3638
8.03	-2.3471
8.035	-2.2713
8.04	-1.9481
8.045	-1.6983
8.05	-1.5071
8.055	-1.2207
8.06	-0.9632
8.065	-0.7748
8.07	-0.6927
8.075	-0.6722
8.08	-0.643
8.085	-0.649
8.09	-0.7157
8.095	-0.7527
8.1	-0.907
8.105	-1.0161
8.11	-0.9889
8.115	-1.0385
8.12	-1.0814
8.125	-1.0212
8.13	-0.9405
8.135	-0.8321
8.14	-0.642
8.145	-0.3603
8.15	0.0202
8.155	0.3423
8.16	0.6237
8.165	0.9519
8.17	1.3155
8.175	1.6138
8.18	1.8076
8.185	2.0987
8.19	2.3071
8.195	2.3569
8.2	2.4508
8.205	2.486
8.21	2.5096
8.215	2.4923
8.22	2.2707
8.225	2.1501
8.23	1.8919
8.235	1.593
8.24	1.4752
8.245	1.2833
8.25	1.0576
8.255	0.8455
8.26	0.8164
8.265	0.7113
8.27	0.4805
8.275	0.3526
8.28	0.2119
8.285	0.0961
8.29	-0.013
8.295	-0.1306
8.3	-0.1919
8.305	-0.2483
8.31	-0.2952
8.315	-0.3479
8.32	-0.3713
8.325	-0.4423
8.33	-0.4643
8.335	-0.5686
8.34	-0.9219
8.345	-0.879
8.35	-0.8641
8.355	-1.1857
8.36	-1.2479
8.365	-1.273
8.37	-1.3581
8.375	-1.3999
8.38	-1.4034
8.385	-1.4071
8.39	-1.3717
8.395	-1.2693
8.4	-1.1518
8.405	-1.0352
8.41	-0.8464
8.415	-0.671
8.42	-0.6422
8.425	-0.3525
8.43	-0.1024
8.435	-0.081
8.44	0.1394
8.445	0.2856
8.45	0.3917
8.455	0.6247
8.46	0.7935
8.465	0.8796
8.47	1.005
8.475	1.1494
8.48	1.2015
8.485	1.4137
8.49	1.5614
8.495	1.4884
8.5	1.5898
8.505	1.6241
8.51	1.5201
8.515	1.4596
8.52	1.4077
8.525	1.0377
8.53	0.8526
8.535	0.9127
8.54	0.6331
8.545	0.5432
8.55	0.5462
8.555	0.5234
8.56	0.5881
8.565	0.629
8.57	0.7811
8.575	0.9892
8.58	1.0333
8.585	1.1195
8.59	1.2904
8.595	1.2938
8.6	1.3446
8.605	1.4373
8.61	1.4215
8.615	1.4151
8.62	1.4209
8.625	1.3835
8.63	1.3334
8.635	1.2903
8.64	1.1962
8.645	1.007
8.65	0.9193
8.655	0.8509
8.66	0.7019
8.665	0.6091
8.67	0.5141
8.675	0.4916
8.68	0.4928
8.685	0.4828
8.69	0.5637
8.695	0.6543
8.7	0.7447
8.705	0.8676
8.71	1.026
8.715	1.1554
8.72	1.2368
8.725	1.2782
8.73	1.3361
8.735	1.4038
8.74	1.3871
8.745	1.3561
8.75	1.3328
8.755	1.3081
8.76	1.248
8.765	1.151
8.77	1.0834
8.775	1.0489
8.78	0.7832
8.785	0.5434
8.79	0.5044
8.795	0.221
8.8	-0.054
8.805	-0.204
8.81	-0.4737
8.815	-0.7108
8.82	-0.8607
8.825	-1.0316
8.83	-1.2914
8.835	-1.4887
8.84	-1.631
8.845	-1.8444
8.85	-2.0002
8.855	-2.3037
8.86	-2.4577
8.865	-2.5951
8.87	-2.8576
8.875	-2.99
8.88	-3.1896
8.885	-3.2814
8.89	-3.3837
8.895	-3.5341
8.9	-3.5402
8.905	-3.5861
8.91	-3.6431
8.915	-3.657
8.92	-3.649
8.925	-3.6019
8.93	-3.5683
8.935	-3.4755
8.94	-3.3576
8.945	-3.2353
8.95	-3.1883
8.955	-2.7778
8.96	-2.4395
8.965	-2.3563
8.97	-1.8773
8.975	-1.7823
8.98	-1.4222
8.985	-0.9165
8.99	-0.9968
8.995	-0.7729
9	-0.5653
9.005	-0.5708
9.01	-0.5226
9.015	-0.5208
9.02	-0.5395
9.025	-0.5981
9.03	-0.7099
9.035	-0.7376
9.04	-0.7206
9.045	-0.8637
9.05	-0.977
9.055	-1.0432
9.06	-1.176
9.065	-1.1832
9.07	-1.2454
9.075	-1.3091
9.08	-1.2725
9.085	-1.2695
9.09	-1.2773
9.095	-1.1525
9.1	-1.0278
9.105	-1.0497
9.11	-0.9615
9.115	-0.8482
9.12	-0.7419
9.125	-0.6604
9.13	-0.6309
9.135	-0.541
9.14	-0.44
9.145	-0.3893
9.15	-0.372
9.155	-0.3098
9.16	-0.2629
9.165	-0.1987
9.17	-0.0968
9.175	-0.0108
9.18	0.102
9.185	0.3805
9.19	0.5867
9.195	0.4913
9.2	0.7766
9.205	1.1956
9.21	1.0236
9.215	1.161
9.22	1.4804
9.225	1.4456
9.23	1.5648
9.235	1.6912
9.24	1.8177
9.245	1.9191
9.25	1.945
9.255	2.0548
9.26	2.0573
9.265	1.9837
9.27	1.9387
9.275	1.9307
9.28	1.813
9.285	1.444
9.29	1.19
9.295	1.1361
9.3	0.9794
9.305	0.7197
9.31	0.4466
9.315	0.4038
9.32	0.285
9.325	0.112
9.33	0.2055
9.335	0.2101
9.34	0.2034
9.345	0.3051
9.35	0.4886
9.355	0.7137
9.36	0.9575
9.365	1.1424
9.37	1.2129
9.375	1.6661
9.38	1.7985
9.385	1.475
9.39	1.8111
9.395	1.9534
9.4	1.7336
9.405	1.703
9.41	1.8282
9.415	1.7304
9.42	1.3845
9.425	1.4358
9.43	1.441
9.435	1.1549
9.44	1.0532
9.445	1.0388
9.45	0.9439
9.455	0.921
9.46	0.9066
9.465	0.88
9.47	0.9292
9.475	0.9763
9.48	0.99
9.485	1.0312
9.49	1.0611
9.495	1.0657
9.5	1.0354
9.505	0.9405
9.51	0.8936
9.515	0.7209
9.52	0.3415
9.525	0.2696
9.53	0.2755
9.535	0.0407
9.54	-0.181
9.545	-0.3208
9.55	-0.5702
9.555	-0.809
9.56	-0.8634
9.565	-1.0602
9.57	-1.1984
9.575	-1.2129
9.58	-1.2897
9.585	-1.313
9.59	-1.2695
9.595	-1.2466
9.6	-1.1869
9.605	-1.0141
9.61	-0.904
9.615	-0.7755
9.62	-0.5804
9.625	-0.3973
9.63	-0.2821
9.635	-0.163
9.64	0.0568
9.645	0.1404
9.65	0.1766
9.655	0.2747
9.66	0.3297
9.665	0.3832
9.67	0.4619
9.675	0.5071
9.68	0.5709
9.685	0.6504
9.69	0.6958
9.695	0.7735
9.7	0.9768
9.705	1.0739
9.71	1.0628
9.715	1.1954
9.72	1.2831
9.725	1.353
9.73	1.4288
9.735	1.4241
9.74	1.4971
9.745	1.4272
9.75	1.2709
9.755	1.3751
9.76	1.1043
9.765	0.8124
9.77	0.5906
9.775	0.3539
9.78	0.2232
9.785	-0.2739
9.79	-0.3474
9.795	-0.4932
9.8	-0.8082
9.805	-0.806
9.81	-0.9444
9.815	-1.0147
9.82	-0.9935
9.825	-0.9786
9.83	-0.9477
9.835	-0.8574
9.84	-0.7011
9.845	-0.5386
9.85	-0.1967
9.855	-0.1035
9.86	-0.0914
9.865	0.2827
9.87	0.3678
9.875	0.3533
9.88	0.4581
9.885	0.4422
9.89	0.4114
9.895	0.3748
9.9	0.3112
9.905	0.2609
9.91	0.1791
9.915	0.0816
9.92	-0.0209
9.925	-0.1149
9.93	-0.1592
9.935	-0.2295
9.94	-0.2943
9.945	-0.3547
9.95	-0.4639
9.955	-0.5474
9.96	-0.67
9.965	-0.7895
9.97	-0.7906
9.975	-0.8782
9.98	-1.0986
9.985	-1.1492
9.99	-1.1076
9.995	-1.2041
10	-1.237
10.005	-1.2024
10.01	-1.2169
10.015	-1.2238
10.02	-1.216
10.025	-1.2023
10.03	-1.2189
10.035	-1.2229
10.04	-1.2106
10.045	-1.2148
10.05	-1.1922
10.055	-1.1678
10.06	-1.1627
10.065	-1.1405
10.07	-1.091
10.075	-1.0474
10.08	-1.0099
10.085	-0.94
10.09	-0.8295
10.095	-0.7261
10.1	-0.6313
10.105	-0.4618
10.11	-0.2723
10.115	-0.1951
10.12	-0.0476
10.125	0.1055
10.13	0.0904
10.135	0.2282
10.14	0.3973
10.145	0.4154
10.15	0.5106
10.155	0.5882
10.16	0.6067
10.165	0.6494
10.17	0.6656
10.175	0.6959
10.18	0.7262
10.185	0.7372
10.19	0.7606
10.195	0.8021
10.2	0.8441
10.205	0.8642
10.21	0.9382
10.215	1.0286
10.22	1.0587
10.225	1.1737
10.23	1.3195
10.235	1.3529
10.24	1.4831
10.245	1.6277
10.25	1.6608
10.255	1.7359
10.26	1.7802
10.265	1.7861
10.27	1.7595
10.275	1.6951
10.28	1.6512
10.285	1.5788
10.29	1.3824
10.295	1.1636
10.3	1.0845
10.305	0.9847
10.31	0.8525
10.315	0.791
10.32	0.6939
10.325	0.6117
10.33	0.5878
10.335	0.5482
10.34	0.502
10.345	0.4785
10.35	0.4583
10.355	0.4221
10.36	0.3701
10.365	0.3552
10.37	0.272
10.375	0.1685
10.38	0.165
10.385	-0.009
10.39	-0.1102
10.395	-0.1073
10.4	-0.2479
10.405	-0.3179
10.41	-0.3744
10.415	-0.4305
10.42	-0.512
10.425	-0.6218
10.43	-0.6469
10.435	-0.7202
10.44	-0.8419
10.445	-0.912
10.45	-0.9763
10.455	-1.0761
10.46	-1.1439
10.465	-1.2001
10.47	-1.2754
10.475	-1.3403
10.48	-1.4092
10.485	-1.4236
10.49	-1.4361
10.495	-1.4654
10.5	-1.4481
10.505	-1.4516
10.51	-1.4641
10.515	-1.4427
10.52	-1.4014
10.525	-1.3739
10.53	-1.3476
10.535	-1.2856
10.54	-1.2423
10.545	-1.1828
10.55	-1.0975
10.555	-1.0458
10.56	-1.0122
10.565	-0.9676
10.57	-0.9413
10.575	-0.9354
10.58	-0.9246
10.585	-0.9302
10.59	-0.9229
10.595	-0.9181
10.6	-0.9011
10.605	-0.8628
10.61	-0.814
10.615	-0.7378
10.62	-0.6568
10.625	-0.5781
10.63	-0.4611
10.635	-0.3561
10.64	-0.3076
10.645	-0.1909
10.65	-0.0761
10.655	0.0037
10.66	0.1056
10.665	0.1396
10.67	0.2207
10.675	0.3213
10.68	0.3314
10.685	0.4069
10.69	0.4519
10.695	0.4411
10.7	0.4926
10.705	0.5429
10.71	0.5666
10.715	0.6105
10.72	0.658
10.725	0.6956
10.73	0.7193
10.735	0.7247
10.74	0.7342
10.745	0.7254
10.75	0.7155
10.755	0.6803
10.76	0.6483
10.765	0.6223
10.77	0.5721
10.775	0.531
10.78	0.5016
10.785	0.4599
10.79	0.3828
10.795	0.3253
10.8	0.2809
10.805	0.2365
10.81	0.1863
10.815	0.1306
10.82	0.1319
10.825	0.1164
10.83	0.1059
10.835	0.1296
10.84	0.1136
10.845	0.103
10.85	0.1001
10.855	0.1056
10.86	0.0967
10.865	0.0703
10.87	0.0627
10.875	0.0219
10.88	-0.0356
10.885	-0.0764
10.89	-0.1576
10.895	-0.2708
10.9	-0.3811
10.905	-0.4353
10.91	-0.5157
10.915	-0.6437
10.92	-0.6517
10.925	-0.6582
10.93	-0.6862
10.935	-0.6626
10.94	-0.6305
10.945	-0.6001
10.95	-0.5593
10.955	-0.5055
10.96	-0.4731
10.965	-0.4258
10.97	-0.3805
10.975	-0.3324
10.98	-0.2479
10.985	-0.1819
10.99	-0.1344
10.995	-0.0355
11	0.0869
11.005	0.2263
11.01	0.3137
11.015	0.3913
11.02	0.544
11.025	0.5602
11.03	0.5814
11.035	0.6789
11.04	0.6755
11.045	0.6628
11.05	0.6746
11.055	0.6792
11.06	0.682
11.065	0.6742
11.07	0.6755
11.075	0.6695
11.08	0.6355
11.085	0.5994
11.09	0.5786
11.095	0.5393
11.1	0.4577
11.105	0.4039
11.11	0.3701
11.115	0.3249
11.12	0.2764
11.125	0.229
11.13	0.1867
11.135	0.1268
11.14	0.0864
11.145	0.0403
11.15	-0.0021
11.155	-0.0272
11.16	-0.0662
11.165	-0.1062
11.17	-0.1305
11.175	-0.1609
11.18	-0.2145
11.185	-0.2507
11.19	-0.2928
11.195	-0.3299
11.2	-0.3682
11.205	-0.4066
11.21	-0.4423
11.215	-0.5335
11.22	-0.6061
11.225	-0.6543
11.23	-0.7566
11.235	-0.8235
11.24	-0.8868
11.245	-0.9603
11.25	-0.979
11.255	-1.0241
11.26	-1.0558
11.265	-1.0503
11.27	-1.0443
11.275	-1.0025
11.28	-0.9666
11.285	-0.9119
11.29	-0.7928
11.295	-0.7161
11.3	-0.6727
11.305	-0.5515
11.31	-0.4567
11.315	-0.4078
11.32	-0.3294
11.325	-0.2541
11.33	-0.1995
11.335	-0.1831
11.34	-0.1682
11.345	-0.1356
11.35	-0.1281
11.355	-0.1476
11.36	-0.1502
11.365	-0.1651
11.37	-0.1971
11.375	-0.2257
11.38	-0.2654
11.385	-0.3033
11.39	-0.3389
11.395	-0.3617
11.4	-0.3762
11.405	-0.3794
11.41	-0.3618
11.415	-0.3429
11.42	-0.3354
11.425	-0.3117
11.43	-0.2746
11.435	-0.2711
11.44	-0.2515
11.445	-0.1969
11.45	-0.1426
11.455	-0.1
11.46	-0.0776
11.465	-0.0495
11.47	-0.0262
11.475	-0.0062
11.48	0.0122
11.485	0.0202
11.49	0.029
11.495	0.0494
11.5	0.0715
11.505	0.0867
11.51	0.1228
11.515	0.16
11.52	0.2204
11.525	0.272
11.53	0.291
11.535	0.3561
11.54	0.4101
11.545	0.4632
11.55	0.5261
11.555	0.5576
11.56	0.605
11.565	0.649
11.57	0.6753
11.575	0.6999
11.58	0.71
11.585	0.6958
11.59	0.6669
11.595	0.6517
11.6	0.6169
11.605	0.507
11.61	0.4447
11.615	0.3509
11.62	0.2705
11.625	0.2604
11.63	0.1542
11.635	0.1187
11.64	0.1282
11.645	0.0936
11.65	0.0902
11.655	0.0968
11.66	0.0948
11.665	0.0901
11.67	0.1098
11.675	0.1399
11.68	0.1791
11.685	0.2325
11.69	0.2668
11.695	0.3244
11.7	0.4138
11.705	0.4645
11.71	0.4929
11.715	0.5395
11.72	0.5923
11.725	0.617
11.73	0.6354
11.735	0.7008
11.74	0.7557
11.745	0.7855
11.75	0.8145
11.755	0.8238
11.76	0.8286
11.765	0.804
11.77	0.7878
11.775	0.6919
11.78	0.5185
11.785	0.4504
11.79	0.319
11.795	0.1461
11.8	0.0343
11.805	-0.0958
11.81	-0.2711
11.815	-0.4967
11.82	-0.5272
11.825	-0.566
11.83	-0.7046
11.835	-0.6987
11.84	-0.7533
11.845	-0.8352
11.85	-0.8503
11.855	-0.8645
11.86	-0.8873
11.865	-0.9095
11.87	-0.9216
11.875	-0.9365
11.88	-0.9558
11.885	-0.9792
11.89	-0.9848
11.895	-0.9944
11.9	-1.0168
11.905	-1.029
11.91	-1.0376
11.915	-1.0471
11.92	-1.0588
11.925	-1.0773
11.93	-1.0885
11.935	-1.0893
11.94	-1.1002
11.945	-1.0977
11.95	-1.0805
11.955	-1.0614
11.96	-1.0341
11.965	-1.0223
11.97	-1.0211
11.975	-0.998
11.98	-0.9868
11.985	-1.0088
11.99	-1.0004
11.995	-1.0009
12	-1.0102
12.005	-0.9718
12.01	-0.9417
12.015	-0.9213
12.02	-0.8583
12.025	-0.8045
12.03	-0.7732
12.035	-0.7003
12.04	-0.5911
12.045	-0.4367
12.05	-0.371
12.055	-0.3782
12.06	-0.2781
12.065	-0.2112
12.07	-0.1744
12.075	-0.0774
12.08	0.1159
12.085	0.2965
12.09	0.2745
12.095	0.2922
12.1	0.2866
12.105	0.0905
12.11	0.0344
12.115	0.0689
12.12	0.08
12.125	0.1558
12.13	0.1755
12.135	0.1429
12.14	0.1122
12.145	0.0963
12.15	0.0503
12.155	-0.0085
12.16	-0.0215
12.165	-0.0147
12.17	0.0323
12.175	0.0955
12.18	0.2049
12.185	0.2963
12.19	0.3058
12.195	0.3246
12.2	0.3518
12.205	0.3841
12.21	0.4482
12.215	0.4999
12.22	0.5
12.225	0.5468
12.23	0.6099
12.235	0.6166
12.24	0.6385
12.245	0.6393
12.25	0.5919
12.255	0.5918
12.26	0.6142
12.265	0.5842
12.27	0.545
12.275	0.5115
12.28	0.4554
12.285	0.3968
12.29	0.3519
12.295	0.2958
12.3	0.2577
12.305	0.2564
12.31	0.2556
12.315	0.2598
12.32	0.2649
12.325	0.2744
12.33	0.3045
12.335	0.3371
12.34	0.3682
12.345	0.4089
12.35	0.4778
12.355	0.5234
12.36	0.5398
12.365	0.5901
12.37	0.6147
12.375	0.6306
12.38	0.6615
12.385	0.6748
12.39	0.6825
12.395	0.6843
12.4	0.6901
12.405	0.6766
12.41	0.662
12.415	0.6555
12.42	0.6288
12.425	0.6225
12.43	0.6159
12.435	0.5945
12.44	0.5725
12.445	0.5302
12.45	0.5089
12.455	0.4725
12.46	0.4224
12.465	0.4168
12.47	0.3936
12.475	0.3764
12.48	0.3706
12.485	0.3678
12.49	0.3848
12.495	0.3712
12.5	0.3544
12.505	0.3551
12.51	0.3353
12.515	0.314
12.52	0.3044
12.525	0.2915
12.53	0.3014
12.535	0.3193
12.54	0.3541
12.545	0.3945
12.55	0.402
12.555	0.429
12.56	0.4446
12.565	0.434
12.57	0.4294
12.575	0.4024
12.58	0.3769
12.585	0.3254
12.59	0.2526
12.595	0.2312
12.6	0.1852
12.605	0.1443
12.61	0.1396
12.615	0.1036
12.62	0.0879
12.625	0.0933
12.63	0.0916
12.635	0.0799
12.64	0.0689
12.645	0.0649
12.65	0.0791
12.655	0.1064
12.66	0.103
12.665	0.1162
12.67	0.1449
12.675	0.1533
12.68	0.173
12.685	0.1869
12.69	0.2045
12.695	0.2126
12.7	0.2089
12.705	0.1949
12.71	0.1685
12.715	0.16
12.72	0.144
12.725	0.1213
12.73	0.1016
12.735	0.1048
12.74	0.1049
12.745	0.0865
12.75	0.0992
12.755	0.1122
12.76	0.124
12.765	0.1386
12.77	0.1478
12.775	0.1643
12.78	0.1677
12.785	0.1765
12.79	0.1775
12.795	0.1777
12.8	0.1907
12.805	0.1947
12.81	0.1948
12.815	0.1911
12.82	0.1895
12.825	0.1492
12.83	0.1128
12.835	0.1087
12.84	0.0533
12.845	0.0077
12.85	-0.0193
12.855	-0.0655
12.86	-0.0879
12.865	-0.1164
12.87	-0.1477
12.875	-0.1611
12.88	-0.1783
12.885	-0.2095
12.89	-0.2206
12.895	-0.2276
12.9	-0.2447
12.905	-0.248
12.91	-0.252
12.915	-0.2635
12.92	-0.2515
12.925	-0.2332
12.93	-0.2389
12.935	-0.2243
12.94	-0.2031
12.945	-0.1929
12.95	-0.1861
12.955	-0.1781
12.96	-0.1717
12.965	-0.1739
12.97	-0.1607
12.975	-0.1507
12.98	-0.1626
12.985	-0.1585
12.99	-0.1383
12.995	-0.1376
13	-0.13
13.005	-0.1147
13.01	-0.1179
13.015	-0.1204
13.02	-0.1148
13.025	-0.1327
13.03	-0.1571
13.035	-0.1669
13.04	-0.1906
13.045	-0.2049
13.05	-0.215
13.055	-0.2322
13.06	-0.2283
13.065	-0.2215
13.07	-0.2215
13.075	-0.2251
13.08	-0.2362
13.085	-0.2346
13.09	-0.238
13.095	-0.2444
13.1	-0.2262
13.105	-0.2418
13.11	-0.2725
13.115	-0.2535
13.12	-0.2536
13.125	-0.2598
13.13	-0.2251
13.135	-0.1961
13.14	-0.1876
13.145	-0.1522
13.15	-0.1059
13.155	-0.0858
13.16	-0.0714
13.165	-0.0641
13.17	-0.0414
13.175	-0.0237
13.18	0.0121
13.185	0.0548
13.19	0.0812
13.195	0.1374
13.2	0.1879
13.205	0.2464
13.21	0.276
13.215	0.2759
13.22	0.292
13.225	0.2869
13.23	0.2633
13.235	0.2479
13.24	0.2173
13.245	0.1773
13.25	0.1356
13.255	0.0697
13.26	0.0351
13.265	0.0146
13.27	-0.0465
13.275	-0.1308
13.28	-0.166
13.285	-0.1914
13.29	-0.2968
13.295	-0.3759
13.3	-0.3918
13.305	-0.4318
13.31	-0.5129
13.315	-0.5396
13.32	-0.5367
13.325	-0.5714
13.33	-0.6194
13.335	-0.6646
13.34	-0.6793
13.345	-0.7139
13.35	-0.7352
13.355	-0.766
13.36	-0.8316
13.365	-0.8407
13.37	-0.8575
13.375	-0.9062
13.38	-0.919
13.385	-0.9232
13.39	-0.9398
13.395	-0.9496
13.4	-0.9796
13.405	-0.9965
13.41	-0.9888
13.415	-1.0093
13.42	-1.0246
13.425	-1.0332
13.43	-1.0462
13.435	-1.0648
13.44	-1.0773
13.445	-1.0686
13.45	-1.0644
13.455	-1.0613
13.46	-1.047
13.465	-1.0101
13.47	-0.9751
13.475	-0.9355
13.48	-0.8898
13.485	-0.8491
13.49	-0.7736
13.495	-0.7113
13.5	-0.6606
13.505	-0.5906
13.51	-0.5259
13.515	-0.4771
13.52	-0.4137
13.525	-0.3428
13.53	-0.3285
13.535	-0.2781
13.54	-0.1903
13.545	-0.1629
13.55	-0.1064
13.555	-0.0281
13.56	0.0162
13.565	0.0916
13.57	0.171
13.575	0.2392
13.58	0.2996
13.585	0.3416
13.59	0.3965
13.595	0.4398
13.6	0.4632
13.605	0.4857
13.61	0.5078
13.615	0.528
13.62	0.5316
13.625	0.5296
13.63	0.5569
13.635	0.5683
13.64	0.5631
13.645	0.5872
13.65	0.6076
13.655	0.6284
13.66	0.6582
13.665	0.6839
13.67	0.7146
13.675	0.7683
13.68	0.829
13.685	0.8568
13.69	0.9001
13.695	0.9589
13.7	0.9819
13.705	0.9931
13.71	0.9959
13.715	1.0007
13.72	0.9941
13.725	0.9721
13.73	0.9604
13.735	0.9343
13.74	0.8763
13.745	0.8413
13.75	0.8185
13.755	0.7912
13.76	0.7719
13.765	0.6961
13.77	0.6444
13.775	0.6315
13.78	0.5943
13.785	0.5473
13.79	0.4809
13.795	0.4452
13.8	0.4268
13.805	0.3852
13.81	0.3666
13.815	0.3394
13.82	0.3085
13.825	0.3081
13.83	0.2859
13.835	0.2621
13.84	0.2449
13.845	0.2336
13.85	0.241
13.855	0.2337
13.86	0.2315
13.865	0.2375
13.87	0.2444
13.875	0.2618
13.88	0.2741
13.885	0.2834
13.89	0.2868
13.895	0.2925
13.9	0.3063
13.905	0.3079
13.91	0.3015
13.915	0.2979
13.92	0.2937
13.925	0.2929
13.93	0.2868
13.935	0.2785
13.94	0.2681
13.945	0.2506
13.95	0.2441
13.955	0.2397
13.96	0.2279
13.965	0.2155
13.97	0.2015
13.975	0.1972
13.98	0.1861
13.985	0.1656
13.99	0.1473
13.995	0.1307
14	0.123
14.005	0.0881
14.01	0.058
14.015	0.0526
14.02	0.0253
14.025	-0.0004
14.03	-0.0091
14.035	-0.0096
14.04	-0.0184
14.045	-0.0358
14.05	-0.033
14.055	-0.0574
14.06	-0.0985
14.065	-0.1106
14.07	-0.1387
14.075	-0.1804
14.08	-0.2178
14.085	-0.2602
14.09	-0.3206
14.095	-0.3671
14.1	-0.4083
14.105	-0.452
14.11	-0.4807
14.115	-0.515
14.12	-0.5449
14.125	-0.5766
14.13	-0.6083
14.135	-0.6426
14.14	-0.6817
14.145	-0.7072
14.15	-0.7257
14.155	-0.7404
14.16	-0.749
14.165	-0.7569
14.17	-0.7406
14.175	-0.7094
14.18	-0.6634
14.185	-0.6101
14.19	-0.5541
14.195	-0.4753
14.2	-0.4146
14.205	-0.3442
14.21	-0.2722
14.215	-0.2389
14.22	-0.1702
14.225	-0.1158
14.23	-0.1032
14.235	-0.0649
14.24	-0.0064
14.245	0.0109
14.25	0.0066
14.255	0.0235
14.26	0.03
14.265	0.029
14.27	0.0322
14.275	0.0374
14.28	0.0295
14.285	0.0406
14.29	0.0445
14.295	0.0326
14.3	0.0325
14.305	0.0361
14.31	0.0474
14.315	0.0455
14.32	0.037
14.325	0.0525
14.33	0.0538
14.335	0.0483
14.34	0.0592
14.345	0.0475
14.35	0.0475
14.355	0.0616
14.36	0.0442
14.365	0.0314
14.37	0.0294
14.375	-0.0044
14.38	-0.0366
14.385	-0.0451
14.39	-0.064
14.395	-0.074
14.4	-0.0598
14.405	-0.0496
14.41	-0.0316
14.415	-0.0026
14.42	0.0228
14.425	0.0396
14.43	0.0521
14.435	0.0911
14.44	0.1141
14.445	0.1102
14.45	0.1325
14.455	0.1423
14.46	0.1289
14.465	0.121
14.47	0.1047
14.475	0.0892
14.48	0.0751
14.485	0.0532
14.49	0.0381
14.495	0.0101
14.5	-0.0126
14.505	-0.0125
14.51	-0.0329
14.515	-0.0467
14.52	-0.0528
14.525	-0.0738
14.53	-0.0856
14.535	-0.0836
14.54	-0.0708
14.545	-0.0753
14.55	-0.0613
14.555	-0.0534
14.56	-0.0634
14.565	-0.0363
14.57	-0.024
14.575	-0.0067
14.58	0.0124
14.585	0.0167
14.59	0.0445
14.595	0.0655
14.6	0.075
14.605	0.0924
14.61	0.1019
14.615	0.1187
14.62	0.1528
14.625	0.1658
14.63	0.1708
14.635	0.2034
14.64	0.2179
14.645	0.2127
14.65	0.2223
14.655	0.2228
14.66	0.1985
14.665	0.172
14.67	0.1261
14.675	0.0585
14.68	0.0075
14.685	-0.0565
14.69	-0.1267
14.695	-0.1805
14.7	-0.2072
14.705	-0.2421
14.71	-0.2762
14.715	-0.2789
14.72	-0.2822
14.725	-0.3011
14.73	-0.3171
14.735	-0.3229
14.74	-0.3237
14.745	-0.3362
14.75	-0.3472
14.755	-0.3524
14.76	-0.3791
14.765	-0.3888
14.77	-0.3919
14.775	-0.4135
14.78	-0.4224
14.785	-0.4184
14.79	-0.4172
14.795	-0.3956
14.8	-0.3719
14.805	-0.3537
14.81	-0.3189
14.815	-0.2877
14.82	-0.2619
14.825	-0.2423
14.83	-0.2146
14.835	-0.1733
14.84	-0.1519
14.845	-0.1327
14.85	-0.0864
14.855	-0.0671
14.86	-0.047
14.865	-0.0032
14.87	0.0024
14.875	0.0368
14.88	0.0561
14.885	0.0538
14.89	0.0943
14.895	0.1068
14.9	0.1181
14.905	0.1303
14.91	0.1357
14.915	0.1468
14.92	0.1445
14.925	0.1491
14.93	0.1517
14.935	0.1733
14.94	0.2006
14.945	0.2205
14.95	0.2624
14.955	0.2892
14.96	0.3201
14.965	0.3591
14.97	0.3826
14.975	0.4214
14.98	0.446
14.985	0.4577
14.99	0.4831
14.995	0.5078
15	0.5067
15.005	0.5133
15.01	0.5366
15.015	0.5358
15.02	0.5314
15.025	0.5388
15.03	0.5383
15.035	0.5391
15.04	0.5564
15.045	0.5609
15.05	0.55
15.055	0.5426
15.06	0.531
15.065	0.5098
15.07	0.486
15.075	0.4688
15.08	0.4362
15.085	0.3982
15.09	0.3769
15.095	0.3374
15.1	0.284
15.105	0.2441
15.11	0.2107
15.115	0.156
15.12	0.1086
15.125	0.0933
15.13	0.0578
15.135	0.018
15.14	0.0109
15.145	-0.0133
15.15	-0.0445
15.155	-0.0551
15.16	-0.0709
15.165	-0.0963
15.17	-0.1351
15.175	-0.1573
15.18	-0.1636
15.185	-0.1801
15.19	-0.1851
15.195	-0.184
15.2	-0.1757
15.205	-0.1522
15.21	-0.1455
15.215	-0.1493
15.22	-0.1269
15.225	-0.1199
15.23	-0.1184
15.235	-0.0971
15.24	-0.0865
15.245	-0.0786
15.25	-0.0752
15.255	-0.0757
15.26	-0.0831
15.265	-0.0954
15.27	-0.114
15.275	-0.1451
15.28	-0.1695
15.285	-0.1972
15.29	-0.2388
15.295	-0.2603
15.3	-0.2704
15.305	-0.3031
15.31	-0.3333
15.315	-0.3482
15.32	-0.3803
15.325	-0.4016
15.33	-0.4049
15.335	-0.4205
15.34	-0.4302
15.345	-0.4335
15.35	-0.4433
15.355	-0.4577
15.36	-0.469
15.365	-0.4828
15.37	-0.501
15.375	-0.518
15.38	-0.5332
15.385	-0.5494
15.39	-0.5597
15.395	-0.5593
15.4	-0.5691
15.405	-0.5692
15.41	-0.5527
15.415	-0.5348
15.42	-0.5009
15.425	-0.4455
15.43	-0.3885
15.435	-0.335
15.44	-0.2724
15.445	-0.2236
15.45	-0.1855
15.455	-0.1481
15.46	-0.1155
15.465	-0.0853
15.47	-0.0782
15.475	-0.0617
15.48	-0.0422
15.485	-0.035
15.49	-0.006
15.495	0.0109
15.5	0.0293
15.505	0.0607
15.51	0.073
15.515	0.0845
15.52	0.094
15.525	0.0995
15.53	0.1003
15.535	0.1058
15.54	0.1255
15.545	0.1315
15.55	0.1484
15.555	0.1499
15.56	0.1454
15.565	0.1662
15.57	0.1769
15.575	0.1852
15.58	0.1818
15.585	0.1997
15.59	0.2162
15.595	0.224
15.6	0.2632
15.605	0.2976
15.61	0.3398
15.615	0.3811
15.62	0.4327
15.625	0.4934
15.63	0.5378
15.635	0.5943
15.64	0.6702
15.645	0.717
15.65	0.7449
15.655	0.7881
15.66	0.8025
15.665	0.7971
15.67	0.7811
15.675	0.773
15.68	0.7549
15.685	0.7135
15.69	0.6699
15.695	0.6261
15.7	0.5941
15.705	0.5535
15.71	0.5241
15.715	0.5042
15.72	0.4817
15.725	0.4564
15.73	0.4315
15.735	0.4307
15.74	0.4124
15.745	0.3854
15.75	0.4028
15.755	0.3923
15.76	0.3609
15.765	0.3633
15.77	0.363
15.775	0.3585
15.78	0.357
15.785	0.3645
15.79	0.3673
15.795	0.3734
15.8	0.3852
15.805	0.3854
15.81	0.3898
15.815	0.3938
15.82	0.395
15.825	0.3908
15.83	0.3898
15.835	0.3843
15.84	0.3629
15.845	0.3587
15.85	0.3366
15.855	0.3054
15.86	0.2942
15.865	0.2674
15.87	0.2386
15.875	0.2265
15.88	0.2052
15.885	0.1751
15.89	0.1599
15.895	0.1418
15.9	0.1234
15.905	0.1139
15.91	0.1052
15.915	0.1027
15.92	0.1076
15.925	0.1113
15.93	0.1132
15.935	0.115
15.94	0.1197
15.945	0.1257
15.95	0.1303
15.955	0.1267
15.96	0.1146
15.965	0.1019
15.97	0.0783
15.975	0.0502
15.98	0.0237
15.985	-0.0187
15.99	-0.0538
15.995	-0.078
16	-0.1194
16.005	-0.1557
16.01	-0.1793
16.015	-0.201
16.02	-0.2228
16.025	-0.2483
16.03	-0.2763
16.035	-0.2871
16.04	-0.2886
16.045	-0.288
16.05	-0.2986
16.055	-0.3031
16.06	-0.2765
16.065	-0.2733
16.07	-0.2614
16.075	-0.2327
16.08	-0.2188
16.085	-0.2036
16.09	-0.1955
16.095	-0.185
16.1	-0.193
16.105	-0.207
16.11	-0.1825
16.115	-0.1769
16.12	-0.187
16.125	-0.1886
16.13	-0.1883
16.135	-0.1723
16.14	-0.1771
16.145	-0.2061
16.15	-0.2196
16.155	-0.2165
16.16	-0.2479
16.165	-0.2788
16.17	-0.2761
16.175	-0.3031
16.18	-0.3098
16.185	-0.2902
16.19	-0.2935
16.195	-0.28
16.2	-0.2503
16.205	-0.2381
16.21	-0.2233
16.215	-0.2
16.22	-0.2121
16.225	-0.2155
16.23	-0.2175
16.235	-0.2288
16.24	-0.2305
16.245	-0.2392
16.25	-0.2287
16.255	-0.2103
16.26	-0.1897
16.265	-0.1598
16.27	-0.1046
16.275	-0.0482
16.28	-0.0095
16.285	0.0301
16.29	0.07
16.295	0.0988
16.3	0.1038
16.305	0.1295
16.31	0.1369
16.315	0.1232
16.32	0.1336
16.325	0.1258
16.33	0.0993
16.335	0.0732
16.34	0.0382
16.345	0.0005
16.35	-0.0216
16.355	-0.0538
16.36	-0.0921
16.365	-0.1095
16.37	-0.13
16.375	-0.1479
16.38	-0.141
16.385	-0.1306
16.39	-0.1333
16.395	-0.1339
16.4	-0.1075
16.405	-0.098
16.41	-0.0847
16.415	-0.0638
16.42	-0.0687
16.425	-0.0457
16.43	-0.0376
16.435	-0.0532
16.44	-0.0587
16.445	-0.058
16.45	-0.0546
16.455	-0.0663
16.46	-0.0777
16.465	-0.0511
16.47	-0.0085
16.475	0.0009
16.48	0.0189
16.485	0.0646
16.49	0.0849
16.495	0.0926
16.5	0.1219
16.505	0.1418
16.51	0.1454
16.515	0.1437
16.52	0.1399
16.525	0.1329
16.53	0.1275
16.535	0.1299
16.54	0.1326
16.545	0.1428
16.55	0.1451
16.555	0.1435
16.56	0.1423
16.565	0.1341
16.57	0.1211
16.575	0.0988
16.58	0.0754
16.585	0.0524
16.59	0.0141
16.595	-0.0427
16.6	-0.0851
16.605	-0.1291
16.61	-0.1598
16.615	-0.1972
16.62	-0.2511
16.625	-0.2691
16.63	-0.301
16.635	-0.3278
16.64	-0.3403
16.645	-0.3436
16.65	-0.3263
16.655	-0.3156
16.66	-0.2933
16.665	-0.2734
16.67	-0.2529
16.675	-0.2105
16.68	-0.1622
16.685	-0.1161
16.69	-0.083
16.695	-0.0482
16.7	0.0009
16.705	0.0309
16.71	0.0591
16.715	0.1007
16.72	0.114
16.725	0.1246
16.73	0.1538
16.735	0.169
16.74	0.1675
16.745	0.1787
16.75	0.19
16.755	0.1837
16.76	0.1913
16.765	0.1896
16.77	0.1858
16.775	0.1888
16.78	0.1905
16.785	0.1903
16.79	0.1748
16.795	0.1725
16.8	0.1667
16.805	0.1571
16.81	0.1461
16.815	0.1345
16.82	0.1259
16.825	0.1099
16.83	0.1
16.835	0.0782
16.84	0.0702
16.845	0.0735
16.85	0.0751
16.855	0.0883
16.86	0.0962
16.865	0.099
16.87	0.0955
16.875	0.091
16.88	0.0852
16.885	0.0874
16.89	0.0836
16.895	0.073
16.9	0.068
16.905	0.0616
16.91	0.0626
16.915	0.0614
16.92	0.0735
16.925	0.0951
16.93	0.1055
16.935	0.1317
16.94	0.1474
16.945	0.15
16.95	0.1718
16.955	0.1861
16.96	0.1958
16.965	0.1983
16.97	0.1965
16.975	0.1933
16.98	0.1782
16.985	0.1578
16.99	0.1359
16.995	0.1128
17	0.0924
17.005	0.0635
17.01	0.0385
17.015	0.0275
17.02	-0.0051
17.025	-0.0252
17.03	-0.0467
17.035	-0.0687
17.04	-0.0595
17.045	-0.0701
17.05	-0.0689
17.055	-0.0547
17.06	-0.0626
17.065	-0.0519
17.07	-0.0288
17.075	-0.017
17.08	0
17.085	0.0211
17.09	0.0289
17.095	0.0462
17.1	0.0695
17.105	0.06
17.11	0.0555
17.115	0.0696
17.12	0.0641
17.125	0.0568
17.13	0.0535
17.135	0.0438
17.14	0.0339
17.145	0.0304
17.15	0.0301
17.155	0.0233
17.16	0.0187
17.165	-0.0164
17.17	-0.0421
17.175	-0.0313
17.18	-0.0577
17.185	-0.0754
17.19	-0.0807
17.195	-0.1016
17.2	-0.1124
17.205	-0.1184
17.21	-0.1209
17.215	-0.1346
17.22	-0.1429
17.225	-0.1409
17.23	-0.1536
17.235	-0.1617
17.24	-0.1729
17.245	-0.191
17.25	-0.1807
17.255	-0.1852
17.26	-0.1885
17.265	-0.1684
17.27	-0.1675
17.275	-0.1444
17.28	-0.114
17.285	-0.0988
17.29	-0.0836
17.295	-0.0664
17.3	-0.0514
17.305	-0.0602
17.31	-0.06
17.315	-0.0502
17.32	-0.0591
17.325	-0.0596
17.33	-0.0566
17.335	-0.0591
17.34	-0.0524
17.345	-0.0636
17.35	-0.0735
17.355	-0.0643
17.36	-0.0636
17.365	-0.0687
17.37	-0.0635
17.375	-0.0438
17.38	-0.0354
17.385	-0.0244
17.39	0.0129
17.395	0.0289
17.4	0.0413
17.405	0.075
17.41	0.0845
17.415	0.0861
17.42	0.1003
17.425	0.0971
17.43	0.084
17.435	0.0895
17.44	0.0856
17.445	0.061
17.45	0.0467
17.455	0.0252
17.46	-0.0077
17.465	-0.0253
17.47	-0.0406
17.475	-0.0616
17.48	-0.0863
17.485	-0.1003
17.49	-0.1119
17.495	-0.1285
17.5	-0.1342
17.505	-0.1378
17.51	-0.1444
17.515	-0.1508
17.52	-0.1513
17.525	-0.1505
17.53	-0.1334
17.535	-0.1225
17.54	-0.1262
17.545	-0.0822
17.55	-0.0524
17.555	-0.0525
17.56	-0.0221
17.565	-0.0031
17.57	-0.0021
17.575	0.0135
17.58	0.0309
17.585	0.025
17.59	0.0305
17.595	0.0395
17.6	0.0369
17.605	0.0401
17.61	0.0481
17.615	0.0563
17.62	0.049
17.625	0.0577
17.63	0.0725
17.635	0.0664
17.64	0.0643
17.645	0.0692
17.65	0.0712
17.655	0.0605
17.66	0.058
17.665	0.0399
17.67	0.0159
17.675	0.0152
17.68	-0.0033
17.685	-0.0202
17.69	-0.0294
17.695	-0.0391
17.7	-0.0516
17.705	-0.0692
17.71	-0.0652
17.715	-0.0694
17.72	-0.0854
17.725	-0.0773
17.73	-0.0769
17.735	-0.0847
17.74	-0.0894
17.745	-0.0707
17.75	-0.049
17.755	-0.0557
17.76	-0.0347
17.765	-0.0157
17.77	-0.0132
17.775	0.004
17.78	0.019
17.785	0.0457
17.79	0.0636
17.795	0.0634
17.8	0.0833
17.805	0.1004
17.81	0.1109
17.815	0.1173
17.82	0.1152
17.825	0.1238
17.83	0.1338
17.835	0.1381
17.84	0.1246
17.845	0.1178
17.85	0.1158
17.855	0.0991
17.86	0.1057
17.865	0.1042
17.87	0.0973
17.875	0.1061
17.88	0.1089
17.885	0.0991
17.89	0.0749
17.895	0.0569
17.9	0.0237
17.905	-0.0249
17.91	-0.0696
17.915	-0.1126
17.92	-0.1425
17.925	-0.1769
17.93	-0.2038
17.935	-0.2058
17.94	-0.2176
17.945	-0.2244
17.95	-0.2306
17.955	-0.2492
17.96	-0.2522
17.965	-0.2478
17.97	-0.2518
17.975	-0.2657
17.98	-0.2634
17.985	-0.2604
17.99	-0.2559
17.995	-0.2446
18	-0.234
18.005	-0.2189
18.01	-0.214
18.015	-0.1812
18.02	-0.1586
18.025	-0.16
18.03	-0.1375
18.035	-0.0985
18.04	-0.054
18.045	-0.0168
18.05	0.0257
18.055	0.0598
18.06	0.0763
18.065	0.0836
18.07	0.0878
18.075	0.0856
18.08	0.0677
18.085	0.0521
18.09	0.0348
18.095	0.0091
18.1	-0.027
18.105	-0.0457
18.11	-0.0464
18.115	-0.0662
18.12	-0.0785
18.125	-0.0856
18.13	-0.1123
18.135	-0.1335
18.14	-0.1312
18.145	-0.1242
18.15	-0.1174
18.155	-0.0943
18.16	-0.0646
18.165	-0.0318
18.17	-0.0019
18.175	0.0299
18.18	0.0811
18.185	0.1009
18.19	0.1429
18.195	0.1675
18.2	0.1336
18.205	0.152
18.21	0.1547
18.215	0.1415
18.22	0.1239
18.225	0.102
18.23	0.1058
18.235	0.0924
18.24	0.0856
18.245	0.0992
18.25	0.1111
18.255	0.1242
18.26	0.1418
18.265	0.1549
18.27	0.181
18.275	0.2004
18.28	0.213
18.285	0.2334
18.29	0.2371
18.295	0.2538
18.3	0.2667
18.305	0.2658
18.31	0.2774
18.315	0.2843
18.32	0.2998
18.325	0.3131
18.33	0.3107
18.335	0.3145
18.34	0.3089
18.345	0.3024
18.35	0.2883
18.355	0.2766
18.36	0.2628
18.365	0.2308
18.37	0.2157
18.375	0.1818
18.38	0.1504
18.385	0.1186
18.39	0.0722
18.395	0.0531
18.4	0.0331
18.405	0.0097
18.41	-0.0253
18.415	-0.0459
18.42	-0.0678
18.425	-0.0998
18.43	-0.0934
18.435	-0.1034
18.44	-0.1111
18.445	-0.0986
18.45	-0.0957
18.455	-0.0883
18.46	-0.073
18.465	-0.0647
18.47	-0.054
18.475	-0.0485
18.48	-0.056
18.485	-0.0559
18.49	-0.0756
18.495	-0.0842
18.5	-0.0988
18.505	-0.1432
18.51	-0.1813
18.515	-0.2097
18.52	-0.246
18.525	-0.3036
18.53	-0.3448
18.535	-0.3751
18.54	-0.4136
18.545	-0.4425
18.55	-0.4706
18.555	-0.5087
18.56	-0.5198
18.565	-0.5188
18.57	-0.5159
18.575	-0.5116
18.58	-0.4938
18.585	-0.4569
18.59	-0.446
18.595	-0.4146
18.6	-0.3653
18.605	-0.3358
18.61	-0.3036
18.615	-0.2744
18.62	-0.2454
18.625	-0.202
18.63	-0.1714
18.635	-0.1469
18.64	-0.1149
18.645	-0.0815
18.65	-0.0536
18.655	-0.0373
18.66	-0.0338
18.665	-0.039
18.67	-0.0461
18.675	-0.0713
18.68	-0.0661
18.685	-0.0703
18.69	-0.1215
18.695	-0.1195
18.7	-0.1203
18.705	-0.1369
18.71	-0.1355
18.715	-0.1666
18.72	-0.1847
18.725	-0.185
18.73	-0.1926
18.735	-0.1932
18.74	-0.1987
18.745	-0.2047
18.75	-0.1891
18.755	-0.1721
18.76	-0.1611
18.765	-0.1269
18.77	-0.1062
18.775	-0.0906
18.78	-0.0688
18.785	-0.0502
18.79	-0.0323
18.795	-0.0314
18.8	-0.0211
18.805	-0.0106
18.81	-0.0095
18.815	-0.0015
18.82	0.0178
18.825	0.0044
18.83	-0.0015
18.835	0.0307
18.84	0.0269
18.845	0.0267
18.85	0.031
18.855	0.0234
18.86	0.0435
18.865	0.0447
18.87	0.042
18.875	0.0566
18.88	0.0456
18.885	0.0235
18.89	0.0255
18.895	0.0292
18.9	0.0124
18.905	0.0103
18.91	0.0145
18.915	0.0088
18.92	0.0122
18.925	0.0229
18.93	0.0305
18.935	0.0374
18.94	0.054
18.945	0.0667
18.95	0.0698
18.955	0.0867
18.96	0.0888
18.965	0.0815
18.97	0.0988
18.975	0.1014
18.98	0.0949
18.985	0.0901
18.99	0.0944
18.995	0.108
19	0.1132
19.005	0.1237
19.01	0.1356
19.015	0.163
19.02	0.1869
19.025	0.1963
19.03	0.2222
19.035	0.2448
19.04	0.28
19.045	0.307
19.05	0.308
19.055	0.3228
19.06	0.329
19.065	0.3275
19.07	0.332
19.075	0.3323
19.08	0.3272
19.085	0.3266
19.09	0.3144
19.095	0.2877
19.1	0.2712
19.105	0.2422
19.11	0.2092
19.115	0.1941
19.12	0.1667
19.125	0.1233
19.13	0.101
19.135	0.0944
19.14	0.0702
19.145	0.0589
19.15	0.07
19.155	0.0759
19.16	0.0915
19.165	0.0981
19.17	0.106
19.175	0.1296
19.18	0.1568
19.185	0.1884
19.19	0.1968
19.195	0.2213
19.2	0.2344
19.205	0.2273
19.21	0.2324
19.215	0.2365
19.22	0.2369
19.225	0.2411
19.23	0.246
19.235	0.2268
19.24	0.2167
19.245	0.2088
19.25	0.19
19.255	0.1839
19.26	0.186
19.265	0.177
19.27	0.1765
19.275	0.1915
19.28	0.1967
19.285	0.2089
19.29	0.2152
19.295	0.2252
19.3	0.2451
19.305	0.2484
19.31	0.2645
19.315	0.27
19.32	0.2606
19.325	0.2652
19.33	0.2673
19.335	0.2719
19.34	0.2738
19.345	0.2635
19.35	0.2584
19.355	0.2517
19.36	0.2515
19.365	0.252
19.37	0.2382
19.375	0.2349
19.38	0.2157
19.385	0.2026
19.39	0.2018
19.395	0.1701
19.4	0.1494
19.405	0.1288
19.41	0.0964
19.415	0.0755
19.42	0.0486
19.425	0.0263
19.43	-0.0032
19.435	-0.0135
19.44	-0.0104
19.445	-0.0461
19.45	-0.0448
19.455	-0.0379
19.46	-0.0658
19.465	-0.0619
19.47	-0.0602
19.475	-0.0656
19.48	-0.0719
19.485	-0.0769
19.49	-0.0762
19.495	-0.0883
19.5	-0.0979
19.505	-0.1171
19.51	-0.1139
19.515	-0.1157
19.52	-0.1298
19.525	-0.1167
19.53	-0.1186
19.535	-0.1111
19.54	-0.078
19.545	-0.0662
19.55	-0.0603
19.555	-0.0353
19.56	-0.0279
19.565	-0.0207
19.57	-0.0004
19.575	0.0029
19.58	0.0036
19.585	0.0186
19.59	0.0181
19.595	0.0063
19.6	0.0003
19.605	-0.0138
19.61	-0.0267
19.615	-0.0437
19.62	-0.0621
19.625	-0.0877
19.63	-0.125
19.635	-0.1688
19.64	-0.2034
19.645	-0.2259
19.65	-0.2508
19.655	-0.2643
19.66	-0.2875
19.665	-0.3148
19.67	-0.3305
19.675	-0.3429
19.68	-0.3485
19.685	-0.3589
19.69	-0.368
19.695	-0.3712
19.7	-0.3754
19.705	-0.3837
19.71	-0.3898
19.715	-0.3921
19.72	-0.3957
19.725	-0.3977
19.73	-0.3951
19.735	-0.3924
19.74	-0.3995
19.745	-0.4027
19.75	-0.3995
19.755	-0.3986
19.76	-0.3889
19.765	-0.3739
19.77	-0.3712
19.775	-0.3589
19.78	-0.3427
19.785	-0.3393
19.79	-0.3347
19.795	-0.3371
19.8	-0.3254
19.805	-0.3021
19.81	-0.2947
19.815	-0.2922
19.82	-0.2916
19.825	-0.279
19.83	-0.2684
19.835	-0.2655
19.84	-0.2411
19.845	-0.2337
19.85	-0.2277
19.855	-0.2076
19.86	-0.2039
19.865	-0.1861
19.87	-0.1714
19.875	-0.169
19.88	-0.1541
19.885	-0.1403
19.89	-0.1241
19.895	-0.1137
19.9	-0.1104
19.905	-0.1008
19.91	-0.0837
19.915	-0.0529
19.92	-0.028
19.925	-0.013
19.93	0.0215
19.935	0.0557
19.94	0.0938
19.945	0.1568
19.95	0.2017
19.955	0.2439
19.96	0.3025
19.965	0.3522
19.97	0.4096
19.975	0.4509
19.98	0.4771
19.985	0.5116
19.99	0.5408
19.995	0.5746
20	0.5971
20.005	0.6187
20.01	0.6461
20.015	0.6607
20.02	0.6689
20.025	0.6615
20.03	0.6642
20.035	0.6875
20.04	0.6887
20.045	0.6707
20.05	0.6532
20.055	0.6489
20.06	0.6311
20.065	0.6019
20.07	0.5791
20.075	0.5671
20.08	0.561
20.085	0.5259
20.09	0.5142
20.095	0.5019
20.1	0.4657
20.105	0.4434
20.11	0.4074
20.115	0.3801
20.12	0.3219
20.125	0.2655
20.13	0.2436
20.135	0.1711
20.14	0.1314
20.145	0.1052
20.15	0.0662
20.155	0.0621
20.16	0.0318
20.165	-0.0131
20.17	-0.0508
20.175	-0.0555
20.18	-0.0738
20.185	-0.1095
20.19	-0.1172
20.195	-0.1359
20.2	-0.1534
20.205	-0.1793
20.21	-0.1863
20.215	-0.1947
20.22	-0.2395
20.225	-0.2437
20.23	-0.2516
20.235	-0.2803
20.24	-0.271
20.245	-0.2795
20.25	-0.2953
20.255	-0.2959
20.26	-0.3156
20.265	-0.3264
20.27	-0.3334
20.275	-0.3465
20.28	-0.3655
20.285	-0.3835
20.29	-0.3961
20.295	-0.4287
20.3	-0.4503
20.305	-0.4693
20.31	-0.4955
20.315	-0.4959
20.32	-0.5121
20.325	-0.5204
20.33	-0.5054
20.335	-0.513
20.34	-0.5139
20.345	-0.5035
20.35	-0.4881
20.355	-0.4862
20.36	-0.4979
20.365	-0.4871
20.37	-0.4836
20.375	-0.4941
20.38	-0.4877
20.385	-0.4741
20.39	-0.4825
20.395	-0.5007
20.4	-0.4881
20.405	-0.4789
20.41	-0.4906
20.415	-0.4817
20.42	-0.4652
20.425	-0.4502
20.43	-0.4191
20.435	-0.3836
20.44	-0.3598
20.445	-0.3156
20.45	-0.2693
20.455	-0.2636
20.46	-0.2245
20.465	-0.1856
20.47	-0.1975
20.475	-0.1872
20.48	-0.1642
20.485	-0.1691
20.49	-0.1848
20.495	-0.1774
20.5	-0.1549
20.505	-0.138
20.51	-0.1306
20.515	-0.1234
20.52	-0.1147
20.525	-0.1009
20.53	-0.0892
20.535	-0.0722
20.54	-0.0392
20.545	-0.0066
20.55	0.0109
20.555	0.0336
20.56	0.0704
20.565	0.0895
20.57	0.1207
20.575	0.1563
20.58	0.1531
20.585	0.163
20.59	0.1958
20.595	0.1897
20.6	0.1894
20.605	0.2125
20.61	0.2037
20.615	0.1935
20.62	0.1997
20.625	0.1995
20.63	0.1901
20.635	0.1837
20.64	0.1763
20.645	0.1599
20.65	0.1384
20.655	0.1223
20.66	0.1116
20.665	0.0729
20.67	0.0083
20.675	-0.045
20.68	-0.0682
20.685	-0.1006
20.69	-0.1307
20.695	-0.137
20.7	-0.1525
20.705	-0.1558
20.71	-0.1517
20.715	-0.1447
20.72	-0.1163
20.725	-0.0867
20.73	-0.0476
20.735	-0.0142
20.74	0.0154
20.745	0.0558
20.75	0.0689
20.755	0.0863
20.76	0.1008
20.765	0.0915
20.77	0.0884
20.775	0.0944
20.78	0.0929
20.785	0.0834
20.79	0.0789
20.795	0.0936
20.8	0.1101
20.805	0.1014
20.81	0.1228
20.815	0.1351
20.82	0.1567
20.825	0.1927
20.83	0.1935
20.835	0.2208
20.84	0.2349
20.845	0.2333
20.85	0.2443
20.855	0.2388
20.86	0.2372
20.865	0.2496
20.87	0.2498
20.875	0.2382
20.88	0.2284
20.885	0.2269
20.89	0.2058
20.895	0.1791
20.9	0.1798
20.905	0.1527
20.91	0.1215
20.915	0.1056
20.92	0.0698
20.925	0.0539
20.93	0.0378
20.935	0.017
20.94	-0.0037
20.945	-0.0336
20.95	-0.0411
20.955	-0.0691
20.96	-0.1078
20.965	-0.1119
20.97	-0.1249
20.975	-0.1321
20.98	-0.1233
20.985	-0.1166
20.99	-0.0968
20.995	-0.0901
21	-0.0809
21.005	-0.0717
21.01	-0.0735
21.015	-0.0781
21.02	-0.0853
21.025	-0.0933
21.03	-0.1132
21.035	-0.1217
21.04	-0.1317
21.045	-0.1397
21.05	-0.1323
21.055	-0.1334
21.06	-0.1423
21.065	-0.1345
21.07	-0.1359
21.075	-0.1364
21.08	-0.1179
21.085	-0.124
21.09	-0.1329
21.095	-0.1293
21.1	-0.1209
21.105	-0.1249
21.11	-0.1253
21.115	-0.1202
21.12	-0.1226
21.125	-0.1173
21.13	-0.1216
21.135	-0.0907
21.14	-0.0699
21.145	-0.1008
21.15	-0.0715
21.155	-0.0204
21.16	-0.0435
21.165	-0.0611
21.17	-0.0503
21.175	-0.0418
21.18	-0.0377
21.185	-0.0543
21.19	-0.0436
21.195	-0.0426
21.2	-0.0535
21.205	-0.0347
21.21	-0.0343
21.215	-0.0273
21.22	-0.0062
21.225	0.0002
21.23	0.0267
21.235	0.0374
21.24	0.0413
21.245	0.0755
21.25	0.0867
21.255	0.0973
21.26	0.1028
21.265	0.0991
21.27	0.1118
21.275	0.1156
21.28	0.1105
21.285	0.1094
21.29	0.1139
21.295	0.117
21.3	0.1227
21.305	0.1306
21.31	0.1549
21.315	0.1724
21.32	0.1709
21.325	0.1885
21.33	0.1925
21.335	0.1964
21.34	0.21
21.345	0.2033
21.35	0.1921
21.355	0.1844
21.36	0.1805
21.365	0.1713
21.37	0.1752
21.375	0.1634
21.38	0.1393
21.385	0.1323
21.39	0.1166
21.395	0.0982
21.4	0.0808
21.405	0.0617
21.41	0.0343
21.415	0.0155
21.42	0.0056
21.425	-0.0078
21.43	-0.0075
21.435	0.0028
21.44	0.0174
21.445	0.0378
21.45	0.0796
21.455	0.1284
21.46	0.1523
21.465	0.1751
21.47	0.2238
21.475	0.2879
21.48	0.3254
21.485	0.3269
21.49	0.3422
21.495	0.3643
21.5	0.3636
21.505	0.3575
21.51	0.3568
21.515	0.357
21.52	0.3366
21.525	0.3131
21.53	0.3001
21.535	0.2894
21.54	0.2796
21.545	0.2524
21.55	0.2294
21.555	0.2117
21.56	0.1857
21.565	0.169
21.57	0.148
21.575	0.1105
21.58	0.0912
21.585	0.0688
21.59	0.042
21.595	0.0412
21.6	0.0349
21.605	0.0153
21.61	0.0005
21.615	0.0152
21.62	0.0069
21.625	-0.0214
21.63	-0.0219
21.635	-0.0328
21.64	-0.0431
21.645	-0.0479
21.65	-0.0493
21.655	-0.0613
21.66	-0.0695
21.665	-0.0611
21.67	-0.0992
21.675	-0.1159
21.68	-0.0901
21.685	-0.0986
21.69	-0.1096
21.695	-0.0839
21.7	-0.0787
21.705	-0.0913
21.71	-0.0725
21.715	-0.0659
21.72	-0.0583
21.725	-0.0525
21.73	-0.0575
21.735	-0.0507
21.74	-0.0477
21.745	-0.0467
21.75	-0.0566
21.755	-0.0619
21.76	-0.0736
21.765	-0.1042
21.77	-0.1172
21.775	-0.136
21.78	-0.176
21.785	-0.196
21.79	-0.2087
21.795	-0.2312
21.8	-0.2353
21.805	-0.2399
21.81	-0.2655
21.815	-0.2588
21.82	-0.2449
21.825	-0.2479
21.83	-0.2178
21.835	-0.2001
21.84	-0.1848
21.845	-0.1438
21.85	-0.1096
21.855	-0.0726
21.86	-0.046
21.865	-0.0358
21.87	-0.0283
21.875	-0.0253
21.88	-0.0386
21.885	-0.0456
21.89	-0.0448
21.895	-0.0627
21.9	-0.071
21.905	-0.0748
21.91	-0.087
21.915	-0.0936
21.92	-0.1043
21.925	-0.1114
21.93	-0.1149
21.935	-0.1217
21.94	-0.1281
21.945	-0.1397
21.95	-0.1496
21.955	-0.1526
21.96	-0.1434
21.965	-0.1296
21.97	-0.1187
21.975	-0.1109
21.98	-0.0896
21.985	-0.0616
21.99	-0.0497
21.995	-0.0386
22	-0.0296
22.005	-0.022
22.01	-0.0078
22.015	0.0074
22.02	0.015
22.025	0.022
22.03	0.0373
22.035	0.0547
22.04	0.0844
22.045	0.098
22.05	0.0994
22.055	0.1306
22.06	0.1406
22.065	0.1291
22.07	0.1491
22.075	0.1546
22.08	0.1453
22.085	0.147
22.09	0.1489
22.095	0.1428
22.1	0.1275
22.105	0.1341
22.11	0.1269
22.115	0.1176
22.12	0.1197
22.125	0.1135
22.13	0.1106
22.135	0.1006
22.14	0.1073
22.145	0.1028
22.15	0.0874
22.155	0.083
22.16	0.072
22.165	0.0531
22.17	0.0355
22.175	0.0324
22.18	0.0145
22.185	0.0066
22.19	-0.0034
22.195	-0.0308
22.2	-0.027
22.205	-0.0355
22.21	-0.0677
22.215	-0.0844
22.22	-0.1066
22.225	-0.1281
22.23	-0.1387
22.235	-0.1605
22.24	-0.1747
22.245	-0.1718
22.25	-0.1777
22.255	-0.1713
22.26	-0.1445
22.265	-0.1256
22.27	-0.1087
22.275	-0.0808
22.28	-0.0631
22.285	-0.0504
22.29	-0.0389
22.295	-0.0362
22.3	-0.0242
22.305	-0.0274
22.31	-0.0414
22.315	-0.0424
22.32	-0.0514
22.325	-0.0811
22.33	-0.0979
22.335	-0.1032
22.34	-0.1265
22.345	-0.1414
22.35	-0.1576
22.355	-0.1734
22.36	-0.1645
22.365	-0.1592
22.37	-0.1551
22.375	-0.1476
22.38	-0.1317
22.385	-0.1043
22.39	-0.0766
22.395	-0.0449
22.4	-0.0217
22.405	0.0083
22.41	0.0438
22.415	0.0598
22.42	0.0929
22.425	0.1307
22.43	0.1467
22.435	0.1625
22.44	0.1784
22.445	0.205
22.45	0.2153
22.455	0.2174
22.46	0.2239
22.465	0.2356
22.47	0.2511
22.475	0.2505
22.48	0.2788
22.485	0.2915
22.49	0.2902
22.495	0.3209
22.5	0.3335
22.505	0.3361
22.51	0.3493
22.515	0.3498
22.52	0.3374
22.525	0.3269
22.53	0.3081
22.535	0.2966
22.54	0.2916
22.545	0.2681
22.55	0.2402
22.555	0.2228
22.56	0.175
22.565	0.1192
22.57	0.0885
22.575	0.0278
22.58	0.0039
22.585	-0.0258
22.59	-0.0696
22.595	-0.0806
22.6	-0.1176
22.605	-0.1226
22.61	-0.1278
22.615	-0.1454
22.62	-0.1312
22.625	-0.1396
22.63	-0.1544
22.635	-0.1523
22.64	-0.1637
22.645	-0.178
22.65	-0.1804
22.655	-0.171
22.66	-0.1743
22.665	-0.1845
22.67	-0.1888
22.675	-0.1882
22.68	-0.1797
22.685	-0.1829
22.69	-0.1726
22.695	-0.1601
22.7	-0.161
22.705	-0.1563
22.71	-0.1628
22.715	-0.1737
22.72	-0.1875
22.725	-0.2001
22.73	-0.2199
22.735	-0.2401
22.74	-0.2717
22.745	-0.2972
22.75	-0.3126
22.755	-0.3438
22.76	-0.3567
22.765	-0.366
22.77	-0.3744
22.775	-0.3626
22.78	-0.3704
22.785	-0.3802
22.79	-0.3536
22.795	-0.3458
22.8	-0.3363
22.805	-0.3017
22.81	-0.2808
22.815	-0.2503
22.82	-0.1958
22.825	-0.1508
22.83	-0.1218
22.835	-0.0772
22.84	-0.0248
22.845	0.0311
22.85	0.0682
22.855	0.1003
22.86	0.1507
22.865	0.1586
22.87	0.1834
22.875	0.2164
22.88	0.2129
22.885	0.2165
22.89	0.2221
22.895	0.2214
22.9	0.2201
22.905	0.2238
22.91	0.2166
22.915	0.2025
22.92	0.199
22.925	0.1926
22.93	0.175
22.935	0.1692
22.94	0.1528
22.945	0.1436
22.95	0.1451
22.955	0.1259
22.96	0.1207
22.965	0.1263
22.97	0.1175
22.975	0.1133
22.98	0.1326
22.985	0.1485
22.99	0.1555
22.995	0.1719
23	0.2045
23.005	0.2273
23.01	0.2263
23.015	0.2434
23.02	0.2693
23.025	0.2772
23.03	0.2842
23.035	0.3015
23.04	0.3256
23.045	0.3347
23.05	0.3342
23.055	0.337
23.06	0.3272
23.065	0.317
23.07	0.3106
23.075	0.2991
23.08	0.2962
23.085	0.2851
23.09	0.2747
23.095	0.2841
23.1	0.2813
23.105	0.265
23.11	0.2491
23.115	0.2355
23.12	0.2114
23.125	0.1844
23.13	0.1633
23.135	0.1072
23.14	0.0706
23.145	0.0651
23.15	0.0171
23.155	-0.0125
23.16	-0.0261
23.165	-0.0655
23.17	-0.0975
23.175	-0.1025
23.18	-0.1116
23.185	-0.1384
23.19	-0.1423
23.195	-0.1399
23.2	-0.1632
23.205	-0.186
23.21	-0.1831
23.215	-0.1933
23.22	-0.2067
23.225	-0.2098
23.23	-0.2124
23.235	-0.2177
23.24	-0.2133
23.245	-0.2029
23.25	-0.215
23.255	-0.2063
23.26	-0.193
23.265	-0.2025
23.27	-0.1839
23.275	-0.1792
23.28	-0.1847
23.285	-0.1565
23.29	-0.1695
23.295	-0.1681
23.3	-0.1381
23.305	-0.1519
23.31	-0.1499
23.315	-0.1446
23.32	-0.1401
23.325	-0.1359
23.33	-0.1445
23.335	-0.1266
23.34	-0.1332
23.345	-0.1397
23.35	-0.1354
23.355	-0.1526
23.36	-0.1386
23.365	-0.1386
23.37	-0.1527
23.375	-0.1358
23.38	-0.1449
23.385	-0.1397
23.39	-0.1216
23.395	-0.1306
23.4	-0.1224
23.405	-0.1064
23.41	-0.1001
23.415	-0.0892
23.42	-0.0756
23.425	-0.0698
23.43	-0.0463
23.435	-0.0231
23.44	-0.0081
23.445	0.0165
23.45	0.0372
23.455	0.0582
23.46	0.0818
23.465	0.0996
23.47	0.1198
23.475	0.1412
23.48	0.1565
23.485	0.1755
23.49	0.1727
23.495	0.1742
23.5	0.1813
23.505	0.1633
23.51	0.148
23.515	0.13
23.52	0.1149
23.525	0.091
23.53	0.0494
23.535	0.038
23.54	0.0315
23.545	0.0192
23.55	0.0129
23.555	0.0015
23.56	0.0049
23.565	0.0026
23.57	0.0061
23.575	0.0348
23.58	0.0492
23.585	0.0533
23.59	0.078
23.595	0.0887
23.6	0.0862
23.605	0.0979
23.61	0.1093
23.615	0.1051
23.62	0.0953
23.625	0.0927
23.63	0.0801
23.635	0.0711
23.64	0.0615
23.645	0.0454
23.65	0.0356
23.655	0.0236
23.66	0.0154
23.665	-0.005
23.67	-0.0329
23.675	-0.0367
23.68	-0.0385
23.685	-0.0416
23.69	-0.0429
23.695	-0.0648
23.7	-0.0726
23.705	-0.0564
23.71	-0.0612
23.715	-0.0708
23.72	-0.0547
23.725	-0.0509
23.73	-0.0546
23.735	-0.05
23.74	-0.0405
23.745	-0.0297
23.75	-0.0208
23.755	-0.0157
23.76	-0.0251
23.765	-0.0338
23.77	-0.0477
23.775	-0.0451
23.78	-0.0366
23.785	-0.0404
23.79	-0.0536
23.795	-0.0601
23.8	-0.0535
23.805	-0.07
23.81	-0.0716
23.815	-0.0351
23.82	-0.0353
23.825	-0.0445
23.83	-0.0194
23.835	-0.0162
23.84	-0.0183
23.845	-0.0004
23.85	0.0147
23.855	0.0158
23.86	0.0205
23.865	0.0277
23.87	0.0206
23.875	0.0177
23.88	0.0264
23.885	0.0402
23.89	0.026
23.895	0.0088
23.9	0.0276
23.905	0.0269
23.91	0.0128
23.915	0.0301
23.92	0.0237
23.925	-0.0023
23.93	0.0148
23.935	0.0236
23.94	0.0199
23.945	0.0388
23.95	0.0469
23.955	0.0241
23.96	0.0263
23.965	0.0447
23.97	0.0481
23.975	0.0521
23.98	0.0538
23.985	0.0617
23.99	0.0597
23.995	0.0543
24	0.0666
24.005	0.0625
24.01	0.0335
24.015	0.0119
24.02	-0.002
24.025	-0.0294
24.03	-0.0892
24.035	-0.1451
24.04	-0.1504
24.045	-0.1857
24.05	-0.2264
24.055	-0.231
24.06	-0.2488
24.065	-0.2604
24.07	-0.2673
24.075	-0.2483
24.08	-0.2359
24.085	-0.2352
24.09	-0.2029
24.095	-0.1816
24.1	-0.1501
24.105	-0.1077
24.11	-0.0942
24.115	-0.0662
24.12	-0.0286
24.125	-0.001
24.13	0.0221
24.135	0.0411
24.14	0.0579
24.145	0.0583
24.15	0.0723
24.155	0.0958
24.16	0.0814
24.165	0.0522
24.17	0.0388
24.175	0.0208
24.18	0.0043
24.185	0.0111
24.19	-0.0016
24.195	-0.0137
24.2	-0.0015
24.205	-0.0004
24.21	0.0008
24.215	-0.0002
24.22	-0.0029
24.225	-0.0012
24.23	0.0004
24.235	-0.0054
24.24	-0.0177
24.245	-0.015
24.25	-0.0191
24.255	-0.0251
24.26	-0.0226
24.265	-0.0379
24.27	-0.0443
24.275	-0.0332
24.28	-0.064
24.285	-0.0755
24.29	-0.0745
24.295	-0.1093
24.3	-0.1074
24.305	-0.1094
24.31	-0.1224
24.315	-0.1157
24.32	-0.1237
24.325	-0.1205
24.33	-0.1087
24.335	-0.1126
24.34	-0.1057
24.345	-0.0901
24.35	-0.0648
24.355	-0.0507
24.36	-0.0341
24.365	-0.0187
24.37	-0.0055
24.375	0.0211
24.38	0.0303
24.385	0.0456
24.39	0.0587
24.395	0.0553
24.4	0.0682
24.405	0.0787
24.41	0.067
24.415	0.0636
24.42	0.0629
24.425	0.0613
24.43	0.0577
24.435	0.0433
24.44	0.0333
24.445	0.0149
24.45	-0.0032
24.455	-0.0088
24.46	-0.0255
24.465	-0.0365
24.47	-0.038
24.475	-0.0377
24.48	-0.0396
24.485	-0.0449
24.49	-0.0428
24.495	-0.0367
24.5	-0.0404
24.505	-0.0509
24.51	-0.053
24.515	-0.0564
24.52	-0.0691
24.525	-0.0815
24.53	-0.0793
24.535	-0.0828
24.54	-0.0843
24.545	-0.0844
24.55	-0.1041
24.555	-0.1005
24.56	-0.1077
24.565	-0.1335
24.57	-0.1424
24.575	-0.1493
24.58	-0.1588
24.585	-0.1653
24.59	-0.1631
24.595	-0.1677
24.6	-0.1551
24.605	-0.1369
24.61	-0.1214
24.615	-0.0975
24.62	-0.0789
24.625	-0.0431
24.63	-0.0069
24.635	0.0222
24.64	0.0619
24.645	0.1073
24.65	0.1369
24.655	0.1586
24.66	0.1773
24.665	0.1847
24.67	0.2004
24.675	0.2041
24.68	0.204
24.685	0.2042
24.69	0.1937
24.695	0.189
24.7	0.1815
24.705	0.1721
24.71	0.1707
24.715	0.1701
24.72	0.1703
24.725	0.1752
24.73	0.185
24.735	0.1966
24.74	0.2007
24.745	0.2046
24.75	0.2097
24.755	0.212
24.76	0.1978
24.765	0.1998
24.77	0.2004
24.775	0.169
24.78	0.1584
24.785	0.1568
24.79	0.1488
24.795	0.1342
24.8	0.1272
24.805	0.1248
24.81	0.116
24.815	0.1194
24.82	0.105
24.825	0.0943
24.83	0.1117
24.835	0.1104
24.84	0.1089
24.845	0.1216
24.85	0.1134
24.855	0.1011
24.86	0.1103
24.865	0.1086
24.87	0.0895
24.875	0.0744
24.88	0.0487
24.885	0.0318
24.89	0.0085
24.895	-0.0305
24.9	-0.0411
24.905	-0.0644
24.91	-0.0809
24.915	-0.0834
24.92	-0.097
24.925	-0.0999
24.93	-0.0996
24.935	-0.0901
24.94	-0.0999
24.945	-0.0951
24.95	-0.0694
24.955	-0.0856
24.96	-0.0905
24.965	-0.0829
24.97	-0.0916
24.975	-0.0852
24.98	-0.0957
24.985	-0.1057
24.99	-0.1033
24.995	-0.1065
25	-0.0923
25.005	-0.0811
25.01	-0.0759
25.015	-0.0562
25.02	-0.0361
25.025	-0.034
25.03	-0.018
25.035	0.0101
25.04	0.033
25.045	0.0561
25.05	0.0704
25.055	0.0859
25.06	0.0902
25.065	0.0906
25.07	0.1035
25.075	0.0937
25.08	0.0709
25.085	0.0644
25.09	0.047
25.095	0.0062
25.1	-0.026
25.105	-0.0646
25.11	-0.0942
25.115	-0.1285
25.12	-0.1888
25.125	-0.1928
25.13	-0.196
25.135	-0.2172
25.14	-0.2203
25.145	-0.2098
25.15	-0.1806
25.155	-0.1684
25.16	-0.1697
25.165	-0.1476
25.17	-0.1195
25.175	-0.1165
25.18	-0.1129
25.185	-0.0776
25.19	-0.0584
25.195	-0.084
25.2	-0.0742
25.205	-0.0622
25.21	-0.0767
25.215	-0.0818
25.22	-0.0743
25.225	-0.0604
25.23	-0.0636
25.235	-0.0488
25.24	-0.0132
25.245	-0.0064
25.25	0.0126
25.255	0.0573
25.26	0.0933
25.265	0.1278
25.27	0.1517
25.275	0.1898
25.28	0.2138
25.285	0.2273
25.29	0.2554
25.295	0.2636
25.3	0.2734
25.305	0.2753
25.31	0.2771
25.315	0.2779
25.32	0.2538
25.325	0.2447
25.33	0.2377
25.335	0.2247
25.34	0.2205
25.345	0.2049
25.35	0.1889
25.355	0.1666
25.36	0.1457
25.365	0.1363
25.37	0.105
25.375	0.0788
25.38	0.0704
25.385	0.0403
25.39	0.0262
25.395	0.0257
25.4	0.0018
25.405	-0.0029
25.41	-0.0023
25.415	-0.0041
25.42	-0.008
25.425	-0.0211
25.43	-0.0083
25.435	-0.0028
25.44	-0.0159
25.445	-0.0164
25.45	0.0011
25.455	0.0116
25.46	0.0104
25.465	0.0318
25.47	0.0401
25.475	0.0488
25.48	0.0774
25.485	0.0744
25.49	0.0827
25.495	0.1014
25.5	0.0877
25.505	0.0784
25.51	0.0797
25.515	0.0696
25.52	0.0493
25.525	0.029
25.53	0.0209
25.535	0.0219
25.54	0.0168
25.545	0.0103
25.55	0.0305
25.555	0.036
25.56	0.0253
25.565	0.0468
25.57	0.0589
25.575	0.0581
25.58	0.0703
25.585	0.0781
25.59	0.0667
25.595	0.0584
25.6	0.0597
25.605	0.0464
25.61	0.0253
25.615	0.0232
25.62	0.0167
25.625	-0.0125
25.63	-0.0254
25.635	-0.0335
25.64	-0.0544
25.645	-0.072
25.65	-0.0832
25.655	-0.088
25.66	-0.1118
25.665	-0.1324
25.67	-0.1273
25.675	-0.141
25.68	-0.1424
25.685	-0.1281
25.69	-0.1209
25.695	-0.1013
25.7	-0.0875
25.705	-0.0717
25.71	-0.0506
25.715	-0.035
25.72	-0.018
25.725	-0.0006
25.73	0.0039
25.735	0.0108
25.74	0.0356
25.745	0.0388
25.75	0.0437
25.755	0.0381
25.76	0.009
25.765	0.0012
25.77	0.0019
25.775	-0.0088
25.78	-0.0355
25.785	-0.0559
25.79	-0.0623
25.795	-0.0589
25.8	-0.0734
25.805	-0.0765
25.81	-0.064
25.815	-0.0718
25.82	-0.0654
25.825	-0.0558
25.83	-0.053
25.835	-0.051
25.84	-0.0536
25.845	-0.0447
25.85	-0.0482
25.855	-0.0525
25.86	-0.0433
25.865	-0.0589
25.87	-0.0536
25.875	-0.044
25.88	-0.058
25.885	-0.0431
25.89	-0.0311
25.895	-0.031
25.9	-0.0272
25.905	-0.02
25.91	-0.0096
25.915	-0.0118
25.92	-0.0119
25.925	-0.0061
25.93	-0.0128
25.935	-0.0247
25.94	-0.0294
25.945	-0.0257
25.95	-0.0374
25.955	-0.0495
25.96	-0.0548
25.965	-0.0625
25.97	-0.0592
25.975	-0.0629
25.98	-0.0681
25.985	-0.07
25.99	-0.0571
25.995	-0.0437
26	-0.0369
26.005	-0.0241
26.01	-0.002
26.015	0.0146
26.02	0.0093
26.025	0.0191
26.03	0.0125
26.035	-0.0013
26.04	0.0172
26.045	0.0064
26.05	-0.0164
26.055	-0.0246
26.06	-0.0292
26.065	-0.0406
26.07	-0.0407
26.075	-0.0493
26.08	-0.0749
26.085	-0.0616
26.09	-0.0568
26.095	-0.0547
26.1	-0.0393
26.105	-0.0336
26.11	-0.0217
26.115	-0.0071
26.12	0.004
26.125	0.008
26.13	0.0152
26.135	0.0205
26.14	0.015
26.145	0.0282
26.15	0.0364
26.155	0.0251
26.16	0.0286
26.165	0.0359
26.17	0.0237
26.175	0.0185
26.18	0.0292
26.185	0.036
26.19	0.0225
26.195	0.0154
26.2	0.037
26.205	0.0346
26.21	0.0313
26.215	0.0426
26.22	0.0516
26.225	0.0694
26.23	0.077
26.235	0.0907
26.24	0.1044
26.245	0.084
26.25	0.1209
26.255	0.1635
26.26	0.1415
26.265	0.1476
26.27	0.147
26.275	0.1489
26.28	0.1541
26.285	0.1379
26.29	0.1314
26.295	0.1197
26.3	0.1201
26.305	0.1208
26.31	0.1124
26.315	0.1006
26.32	0.0654
26.325	0.0671
26.33	0.0806
26.335	0.0378
26.34	0.0193
26.345	0.0246
26.35	0.0168
26.355	0.0073
26.36	-0.0075
26.365	-0.0137
26.37	-0.0277
26.375	-0.0313
26.38	-0.0309
26.385	-0.0466
26.39	-0.0513
26.395	-0.0675
26.4	-0.085
26.405	-0.0796
26.41	-0.0943
26.415	-0.1074
26.42	-0.0903
26.425	-0.0934
26.43	-0.1031
26.435	-0.0852
26.44	-0.0744
26.445	-0.0752
26.45	-0.0453
26.455	-0.0175
26.46	-0.0137
26.465	0.0049
26.47	0.0111
26.475	0.0185
26.48	0.0344
26.485	0.0263
26.49	0.0198
26.495	0.0221
26.5	0.0236
26.505	0.0149
26.51	0.0169
26.515	0.0332
26.52	0.0355
26.525	0.0342
26.53	0.0371
26.535	0.0546
26.54	0.0717
26.545	0.0868
26.55	0.1043
26.555	0.088
26.56	0.0966
26.565	0.1313
26.57	0.1161
26.575	0.1113
26.58	0.1308
26.585	0.1241
26.59	0.1111
26.595	0.1138
26.6	0.1168
26.605	0.1099
26.61	0.0987
26.615	0.0971
26.62	0.1008
26.625	0.099
26.63	0.1145
26.635	0.1247
26.64	0.133
26.645	0.1454
26.65	0.1593
26.655	0.1774
26.66	0.1717
26.665	0.1704
26.67	0.179
26.675	0.1715
26.68	0.1607
26.685	0.1542
26.69	0.1434
26.695	0.1283
26.7	0.1102
26.705	0.1035
26.71	0.0872
26.715	0.0545
26.72	0.0419
26.725	0.0246
26.73	0.0095
26.735	-0.0007
26.74	-0.0026
26.745	0.0072
26.75	0.0106
26.755	0.0217
26.76	0.0386
26.765	0.0673
26.77	0.0775
26.775	0.0914
26.78	0.1148
26.785	0.1127
26.79	0.1239
26.795	0.1358
26.8	0.1202
26.805	0.1278
26.81	0.1373
26.815	0.124
26.82	0.1234
26.825	0.1179
26.83	0.1118
26.835	0.1021
26.84	0.0909
26.845	0.0919
26.85	0.0775
26.855	0.0611
26.86	0.0643
26.865	0.0626
26.87	0.0507
26.875	0.0466
26.88	0.0533
26.885	0.0424
26.89	0.0301
26.895	0.0254
26.9	0.0119
26.905	0.0102
26.91	-0.0125
26.915	-0.0329
26.92	-0.0275
26.925	-0.0449
26.93	-0.0559
26.935	-0.0691
26.94	-0.1008
26.945	-0.1067
26.95	-0.122
26.955	-0.1456
26.96	-0.152
26.965	-0.1771
26.97	-0.196
26.975	-0.2101
26.98	-0.2276
26.985	-0.2445
26.99	-0.2489
26.995	-0.2373
27	-0.2426
27.005	-0.2452
27.01	-0.2309
27.015	-0.2301
27.02	-0.2317
27.025	-0.2238
27.03	-0.2229
27.035	-0.2141
27.04	-0.1922
27.045	-0.1602
27.05	-0.1506
27.055	-0.1362
27.06	-0.1045
27.065	-0.0971
27.07	-0.0853
27.075	-0.0698
27.08	-0.0627
27.085	-0.0644
27.09	-0.0706
27.095	-0.0733
27.1	-0.0813
27.105	-0.0945
27.11	-0.1215
27.115	-0.1466
27.12	-0.156
27.125	-0.1651
27.13	-0.1847
27.135	-0.1949
27.14	-0.204
27.145	-0.2138
27.15	-0.1903
27.155	-0.1864
27.16	-0.1801
27.165	-0.155
27.17	-0.1827
27.175	-0.1695
27.18	-0.1216
27.185	-0.1172
27.19	-0.1246
27.195	-0.1209
27.2	-0.1096
27.205	-0.1087
27.21	-0.1109
27.215	-0.1338
27.22	-0.1571
27.225	-0.1548
27.23	-0.1544
27.235	-0.1753
27.24	-0.196
27.245	-0.2022
27.25	-0.1954
27.255	-0.182
27.26	-0.1902
27.265	-0.1952
27.27	-0.1898
27.275	-0.1977
27.28	-0.1852
27.285	-0.1666
27.29	-0.1702
27.295	-0.162
27.3	-0.1341
27.305	-0.1147
27.31	-0.1036
27.315	-0.0818
27.32	-0.0628
27.325	-0.0579
27.33	-0.0519
27.335	-0.0272
27.34	0.0083
27.345	0.0121
27.35	0.0173
27.355	0.0487
27.36	0.0493
27.365	0.0559
27.37	0.0772
27.375	0.0906
27.38	0.1133
27.385	0.0993
27.39	0.0987
27.395	0.1321
27.4	0.1252
27.405	0.1214
27.41	0.1367
27.415	0.1391
27.42	0.1367
27.425	0.1371
27.43	0.1451
27.435	0.1489
27.44	0.1452
27.445	0.1635
27.45	0.1602
27.455	0.1325
27.46	0.1497
27.465	0.1595
27.47	0.1502
27.475	0.1578
27.48	0.1506
27.485	0.1441
27.49	0.1587
27.495	0.1644
27.5	0.1615
27.505	0.1574
27.51	0.1678
27.515	0.1741
27.52	0.1535
27.525	0.1512
27.53	0.1482
27.535	0.1445
27.54	0.1518
27.545	0.1389
27.55	0.1295
27.555	0.1331
27.56	0.1216
27.565	0.1105
27.57	0.1035
27.575	0.0965
27.58	0.1046
27.585	0.0831
27.59	0.0541
27.595	0.0567
27.6	0.0354
27.605	0.0108
27.61	0.0153
27.615	-0.0145
27.62	-0.029
27.625	-0.0202
27.63	-0.0545
27.635	-0.0582
27.64	-0.044
27.645	-0.0493
27.65	-0.034
27.655	-0.0184
27.66	-0.0082
27.665	-0.0031
27.67	-0.003
27.675	0.0146
27.68	0.0139
27.685	0.0054
27.69	0.0076
27.695	0.0025
27.7	-0.0105
27.705	-0.0159
27.71	-0.0283
27.715	-0.0555
27.72	-0.0653
27.725	-0.074
27.73	-0.0972
27.735	-0.1152
27.74	-0.1197
27.745	-0.1339
27.75	-0.1419
27.755	-0.1401
27.76	-0.1416
27.765	-0.1458
27.77	-0.1499
27.775	-0.1375
27.78	-0.1382
27.785	-0.1479
27.79	-0.1416
27.795	-0.1322
27.8	-0.129
27.805	-0.1298
27.81	-0.1207
27.815	-0.1193
27.82	-0.1171
27.825	-0.113
27.83	-0.1168
27.835	-0.1059
27.84	-0.1063
27.845	-0.1002
27.85	-0.0789
27.855	-0.0832
27.86	-0.079
27.865	-0.0697
27.87	-0.074
27.875	-0.0644
27.88	-0.0566
27.885	-0.0582
27.89	-0.0446
27.895	-0.0381
27.9	-0.049
27.905	-0.0356
27.91	-0.0303
27.915	-0.0404
27.92	-0.0258
27.925	-0.0342
27.93	-0.0421
27.935	-0.028
27.94	-0.038
27.945	-0.04
27.95	-0.0391
27.955	-0.0463
27.96	-0.0384
27.965	-0.0437
27.97	-0.0504
27.975	-0.0443
27.98	-0.0444
27.985	-0.0483
27.99	-0.0539
27.995	-0.0576
28	-0.0593
28.005	-0.0622
28.01	-0.0671
28.015	-0.0664
28.02	-0.0708
28.025	-0.0855
28.03	-0.0798
28.035	-0.0653
28.04	-0.0715
28.045	-0.0721
28.05	-0.0654
28.055	-0.0535
28.06	-0.0488
28.065	-0.0375
28.07	-0.0189
28.075	-0.0184
28.08	0.0099
28.085	0.0295
28.09	0.0263
28.095	0.0381
28.1	0.0526
28.105	0.0619
28.11	0.0662
28.115	0.0821
28.12	0.0817
28.125	0.0747
28.13	0.0828
28.135	0.0805
28.14	0.0702
28.145	0.0693
28.15	0.0764
28.155	0.0594
28.16	0.0416
28.165	0.0337
28.17	0.0166
28.175	0.0115
28.18	0.0116
28.185	-0.0018
28.19	-0.0077
28.195	-0.0058
28.2	-0.0097
28.205	-0.0076
28.21	-0.0019
28.215	0.0012
28.22	0.0076
28.225	0.0246
28.23	0.0333
28.235	0.0404
28.24	0.0568
28.245	0.0604
28.25	0.0665
28.255	0.0758
28.26	0.0752
28.265	0.074
28.27	0.079
28.275	0.0798
28.28	0.074
28.285	0.0772
28.29	0.0798
28.295	0.0766
28.3	0.075
28.305	0.0868
28.31	0.0874
28.315	0.085
28.32	0.099
28.325	0.0979
28.33	0.1051
28.335	0.1075
28.34	0.1025
28.345	0.1061
28.35	0.1237
28.355	0.13
28.36	0.119
28.365	0.1306
28.37	0.1273
28.375	0.1284
28.38	0.1406
28.385	0.1297
28.39	0.1265
28.395	0.135
28.4	0.1231
28.405	0.1271
28.41	0.124
28.415	0.1062
28.42	0.1179
28.425	0.1103
28.43	0.0933
28.435	0.0908
28.44	0.0868
28.445	0.0838
28.45	0.0906
28.455	0.0824
28.46	0.0719
28.465	0.0834
28.47	0.0812
28.475	0.0685
28.48	0.0727
28.485	0.0548
28.49	0.0316
28.495	0.0485
28.5	0.0268
28.505	0.004
28.51	0.0117
28.515	-0.0003
28.52	-0.0111
28.525	-0.024
28.53	-0.0239
28.535	-0.0211
28.54	-0.0243
28.545	-0.0171
28.55	-0.0196
28.555	-0.0285
28.56	-0.0241
28.565	-0.0227
28.57	-0.0371
28.575	-0.0339
28.58	-0.0327
28.585	-0.05
28.59	-0.0466
28.595	-0.0432
28.6	-0.0601
28.605	-0.0547
28.61	-0.0518
28.615	-0.0683
28.62	-0.0645
28.625	-0.0673
28.63	-0.0794
28.635	-0.0676
28.64	-0.072
28.645	-0.0676
28.65	-0.0406
28.655	-0.0465
28.66	-0.0376
28.665	-0.046
28.67	-0.0501
28.675	-0.0441
28.68	-0.059
28.685	-0.0361
28.69	-0.035
28.695	-0.0387
28.7	-0.021
28.705	-0.0184
28.71	-0.0107
28.715	-0.0045
28.72	0.0102
28.725	0.0327
28.73	0.0409
28.735	0.0498
28.74	0.0557
28.745	0.0565
28.75	0.0557
28.755	0.0644
28.76	0.0743
28.765	0.0619
28.77	0.073
28.775	0.0863
28.78	0.0844
28.785	0.0967
28.79	0.0949
28.795	0.115
28.8	0.1363
28.805	0.1226
28.81	0.1333
28.815	0.1455
28.82	0.1578
28.825	0.1709
28.83	0.1712
28.835	0.1982
28.84	0.2131
28.845	0.21
28.85	0.2215
28.855	0.2292
28.86	0.2147
28.865	0.2053
28.87	0.19
28.875	0.1692
28.88	0.1782
28.885	0.1884
28.89	0.209
28.895	0.2292
28.9	0.2306
28.905	0.2324
28.91	0.2327
28.915	0.2188
28.92	0.199
28.925	0.1947
28.93	0.1884
28.935	0.1869
28.94	0.2037
28.945	0.207
28.95	0.2248
28.955	0.2312
28.96	0.2256
28.965	0.2417
28.97	0.2355
28.975	0.2367
28.98	0.2473
28.985	0.2267
28.99	0.1958
28.995	0.1868
29	0.1569
29.005	0.1151
29.01	0.1173
29.015	0.1508
29.02	0.1754
29.025	0.1837
29.03	0.21
29.035	0.2333
29.04	0.2338
29.045	0.2346
29.05	0.2205
29.055	0.1942
29.06	0.1723
29.065	0.1521
29.07	0.1304
29.075	0.1033
29.08	0.0895
29.085	0.0808
29.09	0.065
29.095	0.0449
29.1	0.0248
29.105	0.013
29.11	-0.0105
29.115	-0.0278
29.12	-0.025
29.125	-0.0384
29.13	-0.0683
29.135	-0.0785
29.14	-0.0677
29.145	-0.0766
29.15	-0.0673
29.155	-0.0523
29.16	-0.0636
29.165	-0.0711
29.17	-0.0831
29.175	-0.0802
29.18	-0.0933
29.185	-0.1148
29.19	-0.1239
29.195	-0.1632
29.2	-0.1964
29.205	-0.2109
29.21	-0.2428
29.215	-0.271
29.22	-0.2871
29.225	-0.3095
29.23	-0.306
29.235	-0.2984
29.24	-0.3031
29.245	-0.2955
29.25	-0.2727
29.255	-0.2529
29.26	-0.2499
29.265	-0.2388
29.27	-0.2378
29.275	-0.2362
29.28	-0.2281
29.285	-0.2407
29.29	-0.2475
29.295	-0.2491
29.3	-0.2676
29.305	-0.2639
29.31	-0.2689
29.315	-0.2877
29.32	-0.27
29.325	-0.2742
29.33	-0.2714
29.335	-0.2687
29.34	-0.2739
29.345	-0.2648
29.35	-0.2744
29.355	-0.2786
29.36	-0.303
29.365	-0.3166
29.37	-0.33
29.375	-0.3476
29.38	-0.3505
29.385	-0.3741
29.39	-0.3836
29.395	-0.3929
29.4	-0.4016
29.405	-0.386
29.41	-0.3756
29.415	-0.3693
29.42	-0.3561
29.425	-0.3393
29.43	-0.321
29.435	-0.3113
29.44	-0.3176
29.445	-0.3093
29.45	-0.2866
29.455	-0.2768
29.46	-0.2739
29.465	-0.2665
29.47	-0.2562
29.475	-0.2424
29.48	-0.242
29.485	-0.2535
29.49	-0.2461
29.495	-0.2439
29.5	-0.2469
29.505	-0.2487
29.51	-0.2531
29.515	-0.2466
29.52	-0.2421
29.525	-0.2441
29.53	-0.2203
29.535	-0.1888
29.54	-0.1729
29.545	-0.1544
29.55	-0.1371
29.555	-0.134
29.56	-0.1217
29.565	-0.1196
29.57	-0.1329
29.575	-0.1053
29.58	-0.083
29.585	-0.0945
29.59	-0.0625
29.595	-0.0388
29.6	-0.049
29.605	-0.0135
29.61	-0.0001
29.615	0.0072
29.62	0.0165
29.625	0.0177
29.63	0.0393
29.635	0.0315
29.64	0.0395
29.645	0.0614
29.65	0.0769
29.655	0.0869
29.66	0.0897
29.665	0.1001
29.67	0.1073
29.675	0.1309
29.68	0.1319
29.685	0.123
29.69	0.1438
29.695	0.1447
29.7	0.1418
29.705	0.1478
29.71	0.1482
29.715	0.1564
29.72	0.1541
29.725	0.1677
29.73	0.1836
29.735	0.176
29.74	0.189
29.745	0.2054
29.75	0.202
29.755	0.1892
29.76	0.1903
29.765	0.1927
29.77	0.193
29.775	0.1894
29.78	0.1923
29.785	0.1998
29.79	0.1947
29.795	0.2158
29.8	0.2239
29.805	0.2262
29.81	0.2527
29.815	0.2653
29.82	0.2854
29.825	0.2996
29.83	0.3221
29.835	0.3475
29.84	0.3558
29.845	0.3627
29.85	0.3647
29.855	0.3808
29.86	0.3638
29.865	0.3411
29.87	0.3515
29.875	0.3409
29.88	0.3244
29.885	0.3139
29.89	0.2909
29.895	0.2744
29.9	0.2545
29.905	0.2274
29.91	0.2184
29.915	0.2017
29.92	0.1789
29.925	0.1734
29.93	0.1731
29.935	0.1481
29.94	0.1346
29.945	0.1387
29.95	0.1079
29.955	0.0885
29.96	0.0756
29.965	0.0499
29.97	0.04
29.975	0.023
29.98	-0.0029
29.985	-0.0071
29.99	-0.0101
29.995	-0.0293
30	-0.0313
30.005	-0.0327
30.01	-0.0447
30.015	-0.042
30.02	-0.0482
30.025	-0.0651
30.03	-0.082
30.035	-0.0876
30.04	-0.0975
30.045	-0.1166
30.05	-0.124
30.055	-0.141
30.06	-0.1394
30.065	-0.1389
30.07	-0.1423
30.075	-0.1247
30.08	-0.1157
30.085	-0.1025
30.09	-0.0941
30.095	-0.0865
30.1	-0.0693
30.105	-0.0766
30.11	-0.076
30.115	-0.0608
30.12	-0.077
30.125	-0.0691
30.13	-0.0726
30.135	-0.0985
30.14	-0.0985
30.145	-0.1036
30.15	-0.1131
30.155	-0.114
30.16	-0.11
30.165	-0.1335
30.17	-0.1399
30.175	-0.144
30.18	-0.1624
30.185	-0.1722
30.19	-0.1816
30.195	-0.1672
30.2	-0.1812
30.205	-0.181
30.21	-0.1618
30.215	-0.1661
30.22	-0.1501
30.225	-0.1429
30.23	-0.1164
30.235	-0.0728
30.24	-0.0686
30.245	-0.0513
30.25	-0.0285
30.255	-0.033
30.26	-0.0292
30.265	-0.022
30.27	-0.0253
30.275	-0.0377
30.28	-0.0315
30.285	-0.0149
30.29	-0.0176
30.295	0.0108
30.3	0.0319
30.305	0.0168
30.31	0.0267
30.315	0.0399
30.32	0.0491
30.325	0.0512
30.33	0.0565
30.335	0.0698
30.34	0.0708
30.345	0.0821
30.35	0.0908
30.355	0.078
30.36	0.068
30.365	0.0728
30.37	0.0707
30.375	0.0558
30.38	0.0664
30.385	0.0632
30.39	0.0443
30.395	0.0534
30.4	0.0587
30.405	0.0701
30.41	0.0706
30.415	0.0707
30.42	0.0822
30.425	0.0676
30.43	0.0666
30.435	0.0772
30.44	0.0622
30.445	0.0661
30.45	0.0754
30.455	0.0656
30.46	0.0694
30.465	0.0672
30.47	0.0553
30.475	0.0535
30.48	0.0457
30.485	0.0342
30.49	0.0256
30.495	0.0226
30.5	0.0168
30.505	0.0105
30.51	0.0248
30.515	0.0265
30.52	0.0347
30.525	0.05
30.53	0.0483
30.535	0.0706
30.54	0.0808
30.545	0.0661
30.55	0.0676
30.555	0.0572
30.56	0.0407
30.565	0.0286
30.57	0.0221
30.575	0.0128
30.58	-0.0009
30.585	0.0193
30.59	0.0238
30.595	0.0251
30.6	0.0314
30.605	0.0235
30.61	0.0206
30.615	0.0221
30.62	0.0268
30.625	0.025
30.63	0.0218
30.635	0.0237
30.64	0.0451
30.645	0.0549
30.65	0.0553
30.655	0.0685
30.66	0.0638
30.665	0.0608
30.67	0.0597
30.675	0.0592
30.68	0.0662
30.685	0.0626
30.69	0.0655
30.695	0.0668
30.7	0.0707
30.705	0.0697
30.71	0.0696
30.715	0.074
30.72	0.0641
30.725	0.0708
30.73	0.0737
30.735	0.0614
30.74	0.0635
30.745	0.0487
30.75	0.0441
30.755	0.0496
30.76	0.0277
30.765	0.0188
30.77	0.0201
30.775	0.0142
30.78	0.0073
30.785	0.0173
30.79	0.0165
30.795	0.0077
30.8	0.0109
30.805	0.0019
30.81	-0.0045
30.815	-0.0125
30.82	-0.0302
30.825	-0.0569
30.83	-0.065
30.835	-0.0738
30.84	-0.0871
30.845	-0.0745
30.85	-0.0784
30.855	-0.079
30.86	-0.0677
30.865	-0.0641
30.87	-0.0732
30.875	-0.0749
30.88	-0.0631
30.885	-0.0793
30.89	-0.0864
30.895	-0.09
30.9	-0.1032
30.905	-0.1041
30.91	-0.1058
30.915	-0.1224
30.92	-0.1323
30.925	-0.1311
30.93	-0.1448
30.935	-0.1476
30.94	-0.1474
30.945	-0.1586
30.95	-0.1661
30.955	-0.164
30.96	-0.1713
30.965	-0.1697
30.97	-0.1645
30.975	-0.1609
30.98	-0.1294
30.985	-0.1131
30.99	-0.1167
30.995	-0.094
31	-0.072
31.005	-0.0732
31.01	-0.0669
31.015	-0.0516
31.02	-0.0587
31.025	-0.0741
31.03	-0.054
31.035	-0.0555
31.04	-0.0629
31.045	-0.0421
31.05	-0.068
31.055	-0.096
31.06	-0.0891
31.065	-0.0957
31.07	-0.1015
31.075	-0.0954
31.08	-0.0927
31.085	-0.0782
31.09	-0.0589
31.095	-0.0574
31.1	-0.0582
31.105	-0.0456
31.11	-0.0424
31.115	-0.0478
31.12	-0.0278
31.125	-0.0329
31.13	-0.0399
31.135	-0.0114
31.14	-0.0047
31.145	0.0047
31.15	0.0233
31.155	0.0247
31.16	0.0204
31.165	0.0205
31.17	0.0309
31.175	0.0283
31.18	0.0234
31.185	0.0365
31.19	0.0465
31.195	0.0472
31.2	0.0534
31.205	0.069
31.21	0.0805
31.215	0.0924
31.22	0.116
31.225	0.1246
31.23	0.1406
31.235	0.1749
31.24	0.1834
31.245	0.2066
31.25	0.2182
31.255	0.2275
31.26	0.2516
31.265	0.2688
31.27	0.2817
31.275	0.2847
31.28	0.3104
31.285	0.3093
31.29	0.3078
31.295	0.3055
31.3	0.288
31.305	0.2858
31.31	0.2626
31.315	0.2485
31.32	0.2553
31.325	0.2477
31.33	0.2265
31.335	0.215
31.34	0.2115
31.345	0.2156
31.35	0.1934
31.355	0.1745
31.36	0.1905
31.365	0.1732
31.37	0.1528
31.375	0.1494
31.38	0.1298
31.385	0.1317
31.39	0.1265
31.395	0.103
31.4	0.0996
31.405	0.0902
31.41	0.0804
31.415	0.0699
31.42	0.0638
31.425	0.0634
31.43	0.0517
31.435	0.0483
31.44	0.0455
31.445	0.036
31.45	0.0288
31.455	0.0245
31.46	0.017
31.465	0.0034
31.47	-0.0099
31.475	-0.0202
31.48	-0.0258
31.485	-0.0387
31.49	-0.0488
31.495	-0.0472
31.5	-0.0602
31.505	-0.0661
31.51	-0.0582
31.515	-0.0672
31.52	-0.053
31.525	-0.062
31.53	-0.0722
31.535	-0.0574
31.54	-0.0687
31.545	-0.0489
31.55	-0.0599
31.555	-0.0845
31.56	-0.0724
31.565	-0.0732
31.57	-0.0814
31.575	-0.0883
31.58	-0.0812
31.585	-0.0854
31.59	-0.0967
31.595	-0.0792
31.6	-0.0891
31.605	-0.1194
31.61	-0.115
31.615	-0.1082
31.62	-0.1129
31.625	-0.123
31.63	-0.118
31.635	-0.1221
31.64	-0.1314
31.645	-0.1189
31.65	-0.1096
31.655	-0.1029
31.66	-0.1062
31.665	-0.1226
31.67	-0.1226
31.675	-0.1148
31.68	-0.1237
31.685	-0.1235
31.69	-0.1331
31.695	-0.1367
31.7	-0.1274
31.705	-0.1367
31.71	-0.1271
31.715	-0.1254
31.72	-0.1348
31.725	-0.1327
31.73	-0.1394
31.735	-0.13
31.74	-0.1266
31.745	-0.1301
31.75	-0.1349
31.755	-0.1399
31.76	-0.1272
31.765	-0.1393
31.77	-0.1298
31.775	-0.1178
31.78	-0.138
31.785	-0.1247
31.79	-0.1202
31.795	-0.1377
31.8	-0.1327
31.805	-0.1321
31.81	-0.1381
31.815	-0.1382
31.82	-0.1352
31.825	-0.1138
31.83	-0.0966
31.835	-0.097
31.84	-0.0768
31.845	-0.0387
31.85	-0.0144
31.855	-0.0033
31.86	0.0228
31.865	0.0532
31.87	0.0462
31.875	0.0595
31.88	0.0707
31.885	0.062
31.89	0.079
31.895	0.0547
31.9	0.038
31.905	0.0537
31.91	0.0225
31.915	-0.0118
31.92	-0.0152
31.925	-0.0515
31.93	-0.0927
31.935	-0.0975
31.94	-0.1118
31.945	-0.1429
31.95	-0.1444
31.955	-0.1237
31.96	-0.1237
31.965	-0.1094
31.97	-0.0777
31.975	-0.0645
31.98	-0.0519
31.985	-0.0174
31.99	0.002
31.995	0.0062
32	0.0454
32.005	0.0649
32.01	0.0669
32.015	0.0879
32.02	0.0921
32.025	0.0927
32.03	0.0944
32.035	0.1033
32.04	0.1186
32.045	0.1272
32.05	0.1324
32.055	0.1305
32.06	0.1377
32.065	0.1284
32.07	0.1123
32.075	0.1267
32.08	0.1131
32.085	0.0869
32.09	0.0888
32.095	0.0778
32.1	0.0594
32.105	0.0462
32.11	0.0334
32.115	0.0342
32.12	0.0187
32.125	0.0069
32.13	0.0135
32.135	0.0003
32.14	-0.0033
32.145	0.0102
32.15	0.0051
32.155	-0.0027
32.16	-0.01
32.165	-0.0315
32.17	-0.0405
32.175	-0.0496
32.18	-0.0674
32.185	-0.0709
32.19	-0.0755
32.195	-0.0902
32.2	-0.091
32.205	-0.0757
32.21	-0.0817
32.215	-0.0834
32.22	-0.0803
32.225	-0.0588
32.23	-0.0458
32.235	-0.0537
32.24	-0.0417
32.245	-0.0347
32.25	-0.0301
32.255	-0.0296
32.26	-0.0152
32.265	-0.0251
32.27	-0.0319
32.275	-0.0339
32.28	-0.052
32.285	-0.0573
32.29	-0.067
32.295	-0.0684
32.3	-0.0833
32.305	-0.0946
32.31	-0.0932
32.315	-0.102
32.32	-0.1096
32.325	-0.1061
32.33	-0.1049
32.335	-0.1144
32.34	-0.1025
32.345	-0.109
32.35	-0.1085
32.355	-0.0901
32.36	-0.1082
32.365	-0.1056
32.37	-0.0992
32.375	-0.1
32.38	-0.089
32.385	-0.0884
32.39	-0.0811
32.395	-0.0688
32.4	-0.0584
32.405	-0.0441
32.41	-0.0375
32.415	-0.0375
32.42	-0.0233
32.425	-0.0114
32.43	-0.0048
32.435	0.0083
32.44	0.0039
32.445	0.008
32.45	0.0245
32.455	0.0123
32.46	0.006
32.465	0.0108
32.47	0.0129
32.475	-0.0011
32.48	-0.0167
32.485	-0.0095
32.49	-0.0194
32.495	-0.0252
32.5	-0.0264
32.505	-0.0344
32.51	-0.0359
32.515	-0.0428
32.52	-0.059
32.525	-0.066
32.53	-0.0592
32.535	-0.0491
32.54	-0.0422
32.545	-0.0447
32.55	-0.0345
32.555	-0.0299
32.56	-0.0306
32.565	-0.0225
32.57	-0.0215
32.575	-0.0093
32.58	-0.0096
32.585	-0.0241
32.59	-0.0125
32.595	-0.0121
32.6	-0.028
32.605	-0.0279
32.61	-0.0259
32.615	-0.0219
32.62	-0.0242
32.625	-0.0428
32.63	-0.0465
32.635	-0.0326
32.64	-0.0321
32.645	-0.0317
32.65	-0.0272
32.655	-0.0312
32.66	-0.0528
32.665	-0.0598
32.67	-0.0367
32.675	-0.0406
32.68	-0.0576
32.685	-0.0525
32.69	-0.0517
32.695	-0.0632
32.7	-0.0722
32.705	-0.0784
32.71	-0.0976
32.715	-0.1143
32.72	-0.1087
32.725	-0.1313
32.73	-0.1405
32.735	-0.135
32.74	-0.1544
32.745	-0.1475
32.75	-0.1443
32.755	-0.1385
32.76	-0.1255
32.765	-0.1159
32.77	-0.1052
32.775	-0.0917
32.78	-0.0806
32.785	-0.0765
32.79	-0.0644
32.795	-0.0555
32.8	-0.048
32.805	-0.0471
32.81	-0.0378
32.815	-0.0266
32.82	-0.014
32.825	0
32.83	-0.0047
32.835	0.0045
32.84	0.0211
32.845	0.0165
32.85	0.0328
32.855	0.0541
32.86	0.0585
32.865	0.0752
32.87	0.0886
32.875	0.0988
32.88	0.1134
32.885	0.1373
32.89	0.1591
32.895	0.1661
32.9	0.1802
32.905	0.2031
32.91	0.2117
32.915	0.22
32.92	0.2331
32.925	0.24
32.93	0.2378
32.935	0.2444
32.94	0.2596
32.945	0.2436
32.95	0.2434
32.955	0.2409
32.96	0.2236
32.965	0.2192
32.97	0.2025
32.975	0.1971
32.98	0.1869
32.985	0.1703
32.99	0.1545
32.995	0.1404
33	0.1292
33.005	0.1151
33.01	0.1017
33.015	0.0766
33.02	0.0816
33.025	0.0696
33.03	0.0356
33.035	0.0512
33.04	0.0555
33.045	0.045
33.05	0.0518
33.055	0.0586
33.06	0.0532
33.065	0.0499
33.07	0.0526
33.075	0.0458
33.08	0.0508
33.085	0.0524
33.09	0.0373
33.095	0.0419
33.1	0.0453
33.105	0.0427
33.11	0.0417
33.115	0.0335
33.12	0.0356
33.125	0.0273
33.13	0.0233
33.135	0.0194
33.14	0.0091
33.145	0.0091
33.15	0.0033
33.155	-0.0005
33.16	0.0031
33.165	-0.0179
33.17	-0.0309
33.175	-0.0319
33.18	-0.0494
33.185	-0.0415
33.19	-0.045
33.195	-0.0574
33.2	-0.0507
33.205	-0.046
33.21	-0.043
33.215	-0.0259
33.22	-0.0092
33.225	-0.0213
33.23	-0.0135
33.235	-0.011
33.24	-0.022
33.245	-0.0135
33.25	-0.0279
33.255	-0.0287
33.26	-0.0188
33.265	-0.0328
33.27	-0.0231
33.275	-0.01
33.28	-0.0133
33.285	-0.0039
33.29	-0.0022
33.295	-0.0089
33.3	-0.0024
33.305	0.0089
33.31	-0.0052
33.315	-0.0004
33.32	0.0076
33.325	-0.0033
33.33	0.0103
33.335	0.0127
33.34	0.0174
33.345	0.0255
33.35	0.0347
33.355	0.0291
33.36	0.031
33.365	0.0397
33.37	0.0188
33.375	0.0149
33.38	0.0119
33.385	0.0007
33.39	-0.0098
33.395	0.0002
33.4	0.0018
33.405	0
33.41	0.0192
33.415	0.0293
33.42	0.0435
33.425	0.0578
33.43	0.0603
33.435	0.0592
33.44	0.0599
33.445	0.0537
33.45	0.0464
33.455	0.0376
33.46	0.0318
33.465	0.0268
33.47	0.0134
33.475	0.0096
33.48	0.0116
33.485	0.0084
33.49	0.0026
33.495	-0.0051
33.5	-0.0105
33.505	-0.012
33.51	-0.0213
33.515	-0.0316
33.52	-0.0318
33.525	-0.0337
33.53	-0.0384
33.535	-0.0234
33.54	0.0103
33.545	0.0031
33.55	0.0107
33.555	0.0321
33.56	0.0226
33.565	0.0364
33.57	0.0192
33.575	-0.0087
33.58	-0.0213
33.585	-0.0193
33.59	-0.0404
33.595	-0.0847
33.6	-0.0738
33.605	-0.067
33.61	-0.0869
33.615	-0.0908
33.62	-0.0704
33.625	-0.0576
33.63	-0.0515
33.635	-0.0317
33.64	-0.0207
33.645	-0.0051
33.65	0.0116
33.655	0.0108
33.66	0.0124
33.665	0.0108
33.67	-0.0006
33.675	-0.0071
33.68	-0.0119
33.685	-0.0147
33.69	-0.0233
33.695	-0.0355
33.7	-0.0388
33.705	-0.0361
33.71	-0.0241
33.715	-0.0404
33.72	-0.04
33.725	-0.0182
33.73	-0.0171
33.735	0.0011
33.74	0.0024
33.745	0.012
33.75	0.0268
33.755	0.0267
33.76	0.0349
33.765	0.0263
33.77	0.0496
33.775	0.0428
33.78	0.0273
33.785	0.065
33.79	0.057
33.795	0.0553
33.8	0.0743
33.805	0.0738
33.81	0.0795
33.815	0.08
33.82	0.082
33.825	0.0756
33.83	0.0627
33.835	0.0747
33.84	0.063
33.845	0.0509
33.85	0.0388
33.855	0.0138
33.86	0.0175
33.865	0.0037
33.87	-0.012
33.875	-0.0149
33.88	-0.0206
33.885	-0.0219
33.89	-0.0313
33.895	-0.0402
33.9	-0.039
33.905	-0.0358
33.91	-0.0404
33.915	-0.0547
33.92	-0.0433
33.925	-0.0292
33.93	-0.0414
33.935	-0.0345
33.94	-0.0321
33.945	-0.0249
33.95	-0.0091
33.955	-0.011
33.96	-0.0043
33.965	-0.0071
33.97	-0.0063
33.975	-0.0054
33.98	-0.0142
33.985	-0.0197
33.99	-0.0235
33.995	-0.0281
34	-0.0438
34.005	-0.0489
34.01	-0.0415
34.015	-0.051
34.02	-0.0688
34.025	-0.0702
34.03	-0.0661
34.035	-0.0624
34.04	-0.0592
34.045	-0.0613
34.05	-0.0567
34.055	-0.0472
34.06	-0.0491
34.065	-0.0535
34.07	-0.04
34.075	-0.0362
34.08	-0.0443
34.085	-0.0297
34.09	-0.0282
34.095	-0.0336
34.1	-0.0229
34.105	-0.0338
34.11	-0.0434
34.115	-0.0312
34.12	-0.0383
34.125	-0.0419
34.13	-0.0238
34.135	-0.0349
34.14	-0.0354
34.145	-0.0134
34.15	-0.0071
34.155	-0.0072
34.16	-0.0053
34.165	-0.0036
34.17	-0.0187
34.175	-0.0143
34.18	-0.0087
34.185	-0.0197
34.19	-0.0208
34.195	-0.0139
34.2	-0.0157
34.205	-0.0271
34.21	-0.0104
34.215	-0.0144
34.22	-0.0365
34.225	-0.02
34.23	-0.014
34.235	-0.0306
34.24	-0.0327
34.245	-0.0187
34.25	-0.0188
34.255	-0.0321
34.26	-0.0089
34.265	0.0041
34.27	-0.0115
34.275	-0.0025
34.28	0.0195
34.285	0.0242
34.29	0.0192
34.295	0.0259
34.3	0.0286
34.305	0.0272
34.31	0.0242
34.315	0.0267
34.32	0.0298
34.325	0.0236
34.33	0.025
34.335	0.0232
34.34	0.0203
34.345	0.0225
34.35	0.0156
34.355	0.0126
34.36	0.0101
34.365	0.0066
34.37	0.0093
34.375	0.006
34.38	0.0094
34.385	0.0097
34.39	0.0076
34.395	0.0313
34.4	0.0317
34.405	0.033
34.41	0.0614
34.415	0.0552
34.42	0.0643
34.425	0.0923
34.43	0.0787
34.435	0.0789
34.44	0.1083
34.445	0.1043
34.45	0.1028
34.455	0.1228
34.46	0.1213
34.465	0.12
34.47	0.1304
34.475	0.1348
34.48	0.1328
34.485	0.1322
34.49	0.1299
34.495	0.1259
34.5	0.1298
34.505	0.1273
34.51	0.1141
34.515	0.107
34.52	0.1085
34.525	0.0902
34.53	0.0612
34.535	0.0648
34.54	0.07
34.545	0.0637
34.55	0.0586
34.555	0.0458
34.56	0.0405
34.565	0.0348
34.57	0.0411
34.575	0.0327
34.58	0.0245
34.585	0.0288
34.59	0.0136
34.595	0.0202
34.6	0.0029
34.605	-0.0015
34.61	0.0155
34.615	-0.0003
34.62	-0.0083
34.625	0.0004
34.63	0.005
34.635	-0.0131
34.64	-0.0107
34.645	-0.0104
34.65	-0.0168
34.655	-0.0019
34.66	-0.013
34.665	-0.0379
34.67	-0.0393
34.675	-0.0372
34.68	-0.0315
34.685	-0.0164
34.69	-0.0227
34.695	-0.0171
34.7	-0.0135
34.705	-0.0153
34.71	-0.0017
34.715	-0.0013
34.72	-0.0075
34.725	-0.0106
34.73	-0.0067
34.735	-0.0113
34.74	-0.0098
34.745	0.0045
34.75	0.0029
34.755	-0.0031
34.76	-0.0004
34.765	0.0141
34.77	0.0119
34.775	-0.0009
34.78	0.0036
34.785	-0.0024
34.79	-0.0089
34.795	0.0013
34.8	-0.0125
34.805	-0.0361
34.81	-0.0226
34.815	-0.0159
34.82	-0.0391
34.825	-0.0514
34.83	-0.03
34.835	-0.0366
34.84	-0.0609
34.845	-0.0514
34.85	-0.0433
34.855	-0.0419
34.86	-0.0539
34.865	-0.0529
34.87	-0.0472
34.875	-0.0564
34.88	-0.0524
34.885	-0.047
34.89	-0.0526
34.895	-0.0474
34.9	-0.0383
34.905	-0.0537
34.91	-0.0481
34.915	-0.0391
34.92	-0.0532
34.925	-0.0478
34.93	-0.0422
34.935	-0.0447
34.94	-0.0561
34.945	-0.05
34.95	-0.0345
34.955	-0.057
34.96	-0.0615
34.965	-0.051
34.97	-0.0656
34.975	-0.0744
34.98	-0.071
34.985	-0.0799
34.99	-0.0947
34.995	-0.1048
35	-0.105
35.005	-0.1034
35.01	-0.1143
35.015	-0.1175
35.02	-0.1046
35.025	-0.1144
35.03	-0.1199
35.035	-0.1003
35.04	-0.0946
35.045	-0.0835
35.05	-0.0686
35.055	-0.0598
35.06	-0.0679
35.065	-0.0613
35.07	-0.0447
35.075	-0.0526
35.08	-0.0508
35.085	-0.0414
35.09	-0.0439
35.095	-0.047
35.1	-0.0356
35.105	-0.0286
35.11	-0.0436
35.115	-0.05
35.12	-0.0375
35.125	-0.0485
35.13	-0.0531
35.135	-0.0432
35.14	-0.052
35.145	-0.0389
35.15	-0.0155
35.155	-0.0238
35.16	-0.0253
35.165	-0.0199
35.17	-0.012
35.175	0.0055
35.18	0.0114
35.185	0.0244
35.19	0.0317
35.195	0.0353
35.2	0.0421
35.205	0.0511
35.21	0.0599
35.215	0.0539
35.22	0.0658
35.225	0.0742
35.23	0.0703
35.235	0.0851
35.24	0.084
35.245	0.0806
35.25	0.0885
35.255	0.0959
35.26	0.096
35.265	0.0969
35.27	0.1099
35.275	0.1078
35.28	0.1071
35.285	0.1225
35.29	0.1201
35.295	0.1191
35.3	0.1293
35.305	0.1233
35.31	0.126
35.315	0.1325
35.32	0.1243
35.325	0.1214
35.33	0.1301
35.335	0.125
35.34	0.1062
35.345	0.1027
35.35	0.1109
35.355	0.1054
35.36	0.0974
35.365	0.0972
35.37	0.0942
35.375	0.0908
35.38	0.0773
35.385	0.0759
35.39	0.0753
35.395	0.0648
35.4	0.0599
35.405	0.0479
35.41	0.0425
35.415	0.0369
35.42	0.0305
35.425	0.0254
35.43	0.0245
35.435	0.0168
35.44	0.0091
35.445	0.0155
35.45	0.0015
35.455	0.001
35.46	0.0133
35.465	0.0103
35.47	0.0103
35.475	0.0132
35.48	0.0197
35.485	0.023
35.49	0.0223
35.495	0.0265
35.5	0.0222
35.505	0.0179
35.51	0.0354
35.515	0.0321
35.52	0.0094
35.525	0.0085
35.53	0.0165
35.535	0.0147
35.54	0.0157
35.545	0.0152
35.55	0.0157
35.555	0.0225
35.56	0.0242
35.565	0.0243
35.57	0.0228
35.575	0.0286
35.58	0.017
35.585	0.0054
35.59	0.0082
35.595	0.0021
35.6	-0.0048
35.605	-0.0176
35.61	-0.0178
35.615	-0.021
35.62	-0.0298
35.625	-0.03
35.63	-0.034
35.635	-0.0355
35.64	-0.0335
35.645	-0.0299
35.65	-0.0263
35.655	-0.0196
35.66	-0.0312
35.665	-0.0419
35.67	-0.0371
35.675	-0.0449
35.68	-0.0429
35.685	-0.0317
35.69	-0.0476
35.695	-0.0521
35.7	-0.0414
35.705	-0.0563
35.71	-0.0587
35.715	-0.0532
35.72	-0.0617
35.725	-0.0683
35.73	-0.0676
35.735	-0.068
35.74	-0.0778
35.745	-0.071
35.75	-0.071
35.755	-0.0847
35.76	-0.0724
35.765	-0.0674
35.77	-0.0663
35.775	-0.0605
35.78	-0.0627
35.785	-0.0548
35.79	-0.0513
35.795	-0.0463
35.8	-0.0394
35.805	-0.0443
35.81	-0.047
35.815	-0.0418
35.82	-0.0395
35.825	-0.0413
35.83	-0.0467
35.835	-0.0478
35.84	-0.0463
35.845	-0.0529
35.85	-0.0546
35.855	-0.0544
35.86	-0.0626
35.865	-0.0562
35.87	-0.0488
35.875	-0.0665
35.88	-0.0607
35.885	-0.0445
35.89	-0.045
35.895	-0.0369
35.9	-0.0299
35.905	-0.0201
35.91	-0.025
35.915	-0.0147
35.92	0.0017
35.925	-0.0173
35.93	-0.0082
35.935	0.0058
35.94	-0.0027
35.945	-0.0006
35.95	0.0061
35.955	0.0199
35.96	0.0193
35.965	0.0113
35.97	0.0266
35.975	0.0206
35.98	0.0167
35.985	0.0336
35.99	0.0245
35.995	0.0198
36	0.0318
36.005	0.034
36.01	0.029
36.015	0.0265
36.02	0.0368
36.025	0.0323
36.03	0.0138
36.035	0.0338
36.04	0.0451
36.045	0.0354
36.05	0.0391
36.055	0.0343
36.06	0.0411
36.065	0.0401
36.07	0.0392
36.075	0.0519
36.08	0.0322
36.085	0.0292
36.09	0.0412
36.095	0.0315
36.1	0.032
36.105	0.0354
36.11	0.0231
36.115	0.0198
36.12	0.0126
36.125	0.0054
36.13	0.0053
36.135	0.0003
36.14	-0.0129
36.145	-0.0255
36.15	-0.0122
36.155	-0.0071
36.16	-0.0203
36.165	-0.0317
36.17	-0.0325
36.175	-0.0393
36.18	-0.0428
36.185	-0.0444
36.19	-0.0488
36.195	-0.045
36.2	-0.0479
36.205	-0.053
36.21	-0.0499
36.215	-0.0514
36.22	-0.071
36.225	-0.0687
36.23	-0.064
36.235	-0.0831
36.24	-0.0896
36.245	-0.0897
36.25	-0.0893
36.255	-0.0941
36.26	-0.1035
36.265	-0.0912
36.27	-0.0977
36.275	-0.1076
36.28	-0.1018
36.285	-0.1091
36.29	-0.1059
36.295	-0.1078
36.3	-0.1119
36.305	-0.1072
36.31	-0.1005
36.315	-0.0965
36.32	-0.1055
36.325	-0.1025
36.33	-0.0855
36.335	-0.0825
36.34	-0.0905
36.345	-0.0868
36.35	-0.0736
36.355	-0.0664
36.36	-0.0734
36.365	-0.0794
36.37	-0.0757
36.375	-0.0611
36.38	-0.0487
36.385	-0.0558
36.39	-0.0447
36.395	-0.0328
36.4	-0.0328
36.405	-0.0134
36.41	-0.0003
36.415	0.0001
36.42	0.0102
36.425	0.0187
36.43	0.031
36.435	0.0402
36.44	0.0302
36.445	0.0422
36.45	0.0564
36.455	0.0452
36.46	0.0546
36.465	0.0521
36.47	0.0457
36.475	0.0538
36.48	0.052
36.485	0.0611
36.49	0.0505
36.495	0.0454
36.5	0.061
36.505	0.0433
36.51	0.0433
36.515	0.038
36.52	0.0346
36.525	0.0345
36.53	0.007
36.535	0.0259
36.54	0.0262
36.545	0.0053
36.55	0.0221
36.555	0.0205
36.56	0.0011
36.565	0.0064
36.57	0.0177
36.575	0.0073
36.58	0.0128
36.585	0.0193
36.59	0.013
36.595	0.0292
36.6	0.0322
36.605	0.0317
36.61	0.0465
36.615	0.0563
36.62	0.0581
36.625	0.0727
36.63	0.0934
36.635	0.0951
36.64	0.1051
36.645	0.1267
36.65	0.1377
36.655	0.1452
36.66	0.1445
36.665	0.1389
36.67	0.1434
36.675	0.1401
36.68	0.1394
36.685	0.1367
36.69	0.1318
36.695	0.1358
36.7	0.1334
36.705	0.1318
36.71	0.1263
36.715	0.1206
36.72	0.1198
36.725	0.1238
36.73	0.1144
36.735	0.1024
36.74	0.1008
36.745	0.0931
36.75	0.101
36.755	0.0915
36.76	0.0765
36.765	0.0868
36.77	0.0839
36.775	0.0823
36.78	0.0805
36.785	0.0762
36.79	0.0854
36.795	0.0847
36.8	0.0634
36.805	0.063
36.81	0.0834
36.815	0.0624
36.82	0.0523
36.825	0.0724
36.83	0.0513
36.835	0.0491
36.84	0.0641
36.845	0.0593
36.85	0.0624
36.855	0.0691
36.86	0.0736
36.865	0.0784
36.87	0.0886
36.875	0.0786
36.88	0.0847
36.885	0.1018
36.89	0.0849
36.895	0.0886
36.9	0.0938
36.905	0.0875
36.91	0.0891
36.915	0.0838
36.92	0.0989
36.925	0.088
36.93	0.0771
36.935	0.0953
36.94	0.0944
36.945	0.0884
36.95	0.0801
36.955	0.0841
36.96	0.0926
36.965	0.068
36.97	0.0706
36.975	0.0754
36.98	0.0564
36.985	0.063
36.99	0.0573
36.995	0.0544
37	0.0474
37.005	0.0501
37.01	0.0529
37.015	0.0405
37.02	0.039
37.025	0.0334
37.03	0.034
37.035	0.0434
37.04	0.0535
37.045	0.0485
37.05	0.0452
37.055	0.0525
37.06	0.0466
37.065	0.038
37.07	0.0407
37.075	0.0406
37.08	0.0342
37.085	0.0327
37.09	0.0346
37.095	0.0364
37.1	0.0351
37.105	0.0307
37.11	0.0281
37.115	0.0227
37.12	0.0134
37.125	0.0195
37.13	0.0093
37.135	-0.0082
37.14	0.0034
37.145	0.0032
37.15	-0.0055
37.155	-0.0213
37.16	-0.038
37.165	-0.0433
37.17	-0.0581
37.175	-0.0727
37.18	-0.0791
37.185	-0.094
37.19	-0.1006
37.195	-0.1001
37.2	-0.1189
37.205	-0.1251
37.21	-0.1097
37.215	-0.1124
37.22	-0.1251
37.225	-0.1174
37.23	-0.1118
37.235	-0.1091
37.24	-0.1096
37.245	-0.1051
37.25	-0.0911
37.255	-0.0887
37.26	-0.0851
37.265	-0.0807
37.27	-0.0728
37.275	-0.0687
37.28	-0.0602
37.285	-0.0526
37.29	-0.0841
37.295	-0.0585
37.3	-0.0373
37.305	-0.0849
37.31	-0.0655
37.315	-0.054
37.32	-0.0708
37.325	-0.0569
37.33	-0.061
37.335	-0.0695
37.34	-0.0676
37.345	-0.0706
37.35	-0.0711
37.355	-0.071
37.36	-0.0687
37.365	-0.0633
37.37	-0.0586
37.375	-0.0542
37.38	-0.0497
37.385	-0.0446
37.39	-0.038
37.395	-0.0339
37.4	-0.0243
37.405	-0.0153
37.41	-0.0176
37.415	-0.002
37.42	-0.01
37.425	-0.0099
37.43	0.0196
37.435	0.014
37.44	0.007
37.445	0.0191
37.45	0.0215
37.455	0.0175
37.46	0.0246
37.465	0.0318
37.47	0.0299
37.475	0.0334
37.48	0.0389
37.485	0.0362
37.49	0.0393
37.495	0.0423
37.5	0.0468
37.505	0.0446
37.51	0.0487
37.515	0.0476
37.52	0.0367
37.525	0.0261
37.53	0.0258
37.535	0.0342
37.54	0.0307
37.545	0.0329
37.55	0.035
37.555	0.0377
37.56	0.0345
37.565	0.0329
37.57	0.032
37.575	0.0271
37.58	0.0203
37.585	0.0036
37.59	-0.0061
37.595	-0.0183
37.6	-0.0381
37.605	-0.0356
37.61	-0.0315
37.615	-0.0404
37.62	-0.0485
37.625	-0.0424
37.63	-0.0414
37.635	-0.0499
37.64	-0.0447
37.645	-0.0358
37.65	-0.028
37.655	-0.0284
37.66	-0.0327
37.665	-0.0319
37.67	-0.036
37.675	-0.0358
37.68	-0.0331
37.685	-0.0445
37.69	-0.0401
37.695	-0.0428
37.7	-0.0567
37.705	-0.0558
37.71	-0.0621
37.715	-0.0737
37.72	-0.0781
37.725	-0.073
37.73	-0.0784
37.735	-0.0844
37.74	-0.0834
37.745	-0.0989
37.75	-0.0925
37.755	-0.0813
37.76	-0.0983
37.765	-0.0994
37.77	-0.0903
37.775	-0.0832
37.78	-0.0784
37.785	-0.0656
37.79	-0.0635
37.795	-0.061
37.8	-0.0393
37.805	-0.0452
37.81	-0.0384
37.815	-0.028
37.82	-0.0303
37.825	-0.0296
37.83	-0.0454
37.835	-0.0513
37.84	-0.0532
37.845	-0.0678
37.85	-0.0787
37.855	-0.0755
37.86	-0.0922
37.865	-0.1
37.87	-0.0843
37.875	-0.0945
37.88	-0.1
37.885	-0.082
37.89	-0.0716
37.895	-0.0688
37.9	-0.0628
37.905	-0.0614
37.91	-0.0483
37.915	-0.0168
37.92	-0.0315
37.925	-0.0314
37.93	0.0146
37.935	0.0066
37.94	0.0001
37.945	0.0239
37.95	0.0341
37.955	0.0338
37.96	0.0431
37.965	0.0574
37.97	0.0427
37.975	0.0497
37.98	0.0753
37.985	0.0522
37.99	0.0489
37.995	0.0684
38	0.0686
38.005	0.0695
38.01	0.0786
38.015	0.0786
38.02	0.0684
38.025	0.0741
38.03	0.061
38.035	0.0573
38.04	0.0754
38.045	0.0704
38.05	0.0724
38.055	0.0687
38.06	0.0713
38.065	0.0799
38.07	0.0634
38.075	0.0731
38.08	0.0849
38.085	0.0798
38.09	0.0884
38.095	0.0864
38.1	0.0944
38.105	0.1055
38.11	0.0953
38.115	0.1039
38.12	0.118
38.125	0.1124
38.13	0.1164
38.135	0.1164
38.14	0.1137
38.145	0.1147
38.15	0.1217
38.155	0.1362
38.16	0.1224
38.165	0.114
38.17	0.1132
38.175	0.1025
38.18	0.0972
38.185	0.1005
38.19	0.0949
38.195	0.0913
38.2	0.1001
38.205	0.1014
38.21	0.0993
38.215	0.0979
38.22	0.1049
38.225	0.0979
38.23	0.0845
38.235	0.0915
38.24	0.0837
38.245	0.0812
38.25	0.0888
38.255	0.0806
38.26	0.0742
38.265	0.0731
38.27	0.0687
38.275	0.0617
38.28	0.0662
38.285	0.0546
38.29	0.0401
38.295	0.0462
38.3	0.0439
38.305	0.0283
38.31	0.0196
38.315	0.0173
38.32	0.02
38.325	0.0156
38.33	0.006
38.335	0.0074
38.34	0.0143
38.345	0.012
38.35	-0.0034
38.355	0.008
38.36	0.0131
38.365	-0.015
38.37	-0.0116
38.375	0.0042
38.38	-0.0115
38.385	-0.0173
38.39	-0.016
38.395	-0.0123
38.4	-0.0188
38.405	-0.0255
38.41	-0.0254
38.415	-0.0321
38.42	-0.0264
38.425	-0.025
38.43	-0.0369
38.435	-0.0445
38.44	-0.0373
38.445	-0.0431
38.45	-0.0488
38.455	-0.0585
38.46	-0.0594
38.465	-0.0551
38.47	-0.0651
38.475	-0.0601
38.48	-0.0624
38.485	-0.0791
38.49	-0.0714
38.495	-0.0523
38.5	-0.068
38.505	-0.0866
38.51	-0.0714
38.515	-0.0612
38.52	-0.0832
38.525	-0.0885
38.53	-0.0845
38.535	-0.0816
38.54	-0.0824
38.545	-0.0757
38.55	-0.0625
38.555	-0.0799
38.56	-0.0657
38.565	-0.0575
38.57	-0.0713
38.575	-0.0499
38.58	-0.0334
38.585	-0.0424
38.59	-0.0345
38.595	-0.0078
38.6	-0.0264
38.605	-0.0357
38.61	-0.0023
38.615	-0.0261
38.62	-0.0271
38.625	0.0005
38.63	-0.0093
38.635	-0.0292
38.64	-0.045
38.645	-0.0306
38.65	-0.0436
38.655	-0.0552
38.66	-0.0582
38.665	-0.0789
38.67	-0.0756
38.675	-0.0791
38.68	-0.074
38.685	-0.058
38.69	-0.0682
38.695	-0.0597
38.7	-0.0513
38.705	-0.0562
38.71	-0.0353
38.715	-0.0316
38.72	-0.0466
38.725	-0.0397
38.73	-0.0253
38.735	-0.0209
38.74	-0.0286
38.745	-0.025
38.75	-0.0203
38.755	-0.0317
38.76	-0.0326
38.765	-0.0294
38.77	-0.0339
38.775	-0.0393
38.78	-0.0379
38.785	-0.0416
38.79	-0.0403
38.795	-0.0358
38.8	-0.0418
38.805	-0.0404
38.81	-0.0274
38.815	-0.02
38.82	-0.0261
38.825	-0.0262
38.83	-0.0143
38.835	-0.0133
38.84	-0.0131
38.845	-0.0143
38.85	-0.0203
38.855	-0.02
38.86	-0.0151
38.865	-0.0164
38.87	-0.0305
38.875	-0.0257
38.88	-0.0203
38.885	-0.0306
38.89	-0.0349
38.895	-0.0401
38.9	-0.0381
38.905	-0.0377
38.91	-0.04
38.915	-0.0424
38.92	-0.0616
38.925	-0.0478
38.93	-0.037
38.935	-0.0491
38.94	-0.0424
38.945	-0.0433
38.95	-0.0364
38.955	-0.033
38.96	-0.0283
38.965	-0.019
38.97	-0.0153
38.975	-0.0085
38.98	-0.0083
38.985	0.0052
38.99	0.0004
38.995	-0.0063
39	0.0081
39.005	-0.0003
39.01	-0.0041
39.015	-0.005
39.02	-0.0116
39.025	-0.0058
39.03	-0.0228
39.035	-0.0245
39.04	0.009
39.045	-0.0118
39.05	-0.0159
39.055	0.0097
39.06	-0.0056
39.065	-0.0097
39.07	-0.0026
39.075	-0.0034
39.08	-0.0025
39.085	-0.0028
39.09	-0.0075
39.095	-0.0027
39.1	-0.0092
39.105	-0.0141
39.11	-0.0013
39.115	-0.0179
39.12	-0.0394
39.125	-0.0217
39.13	-0.0214
39.135	-0.0349
39.14	-0.0296
39.145	-0.0236
39.15	-0.0192
39.155	-0.0182
39.16	-0.0149
39.165	-0.0211
39.17	-0.026
39.175	-0.0109
39.18	-0.0055
39.185	-0.0083
39.19	0.0098
39.195	0.0135
39.2	-0.0009
39.205	0.0161
39.21	0.0259
39.215	0.0183
39.22	0.0205
39.225	0.0278
39.23	0.0302
39.235	0.0106
39.24	0.017
39.245	0.0254
39.25	0.0088
39.255	0.0212
39.26	0.0196
39.265	0.0245
39.27	0.0415
39.275	0.037
39.28	0.0428
39.285	0.0447
39.29	0.0574
39.295	0.0683
39.3	0.06
39.305	0.0601
39.31	0.0694
39.315	0.0732
39.32	0.0695
39.325	0.0892
39.33	0.0993
39.335	0.0811
39.34	0.082
39.345	0.0968
39.35	0.1031
39.355	0.0761
39.36	0.0736
39.365	0.0959
39.37	0.0765
39.375	0.0693
39.38	0.0766
39.385	0.0676
39.39	0.0645
39.395	0.0613
39.4	0.0543
39.405	0.053
39.41	0.0422
39.415	0.0444
39.42	0.0414
39.425	0.0171
39.43	0.0275
39.435	0.0317
39.44	0.0188
39.445	0.0227
39.45	0.0251
39.455	0.0174
39.46	0.0156
39.465	0.0273
39.47	0.0182
39.475	0.0087
39.48	0.0172
39.485	0.0089
39.49	0.0041
39.495	0.0089
39.5	0.006
39.505	-0.004
39.51	-0.0163
39.515	-0.0088
39.52	-0.0175
39.525	-0.038
39.53	-0.049
39.535	-0.0543
39.54	-0.0443
39.545	-0.0522
39.55	-0.0544
39.555	-0.0544
39.56	-0.0728
39.565	-0.0608
39.57	-0.0546
39.575	-0.0803
39.58	-0.0701
39.585	-0.056
39.59	-0.0771
39.595	-0.0868
39.6	-0.0804
39.605	-0.0798
39.61	-0.0836
39.615	-0.0917
39.62	-0.0897
39.625	-0.094
39.63	-0.1014
39.635	-0.0995
39.64	-0.1046
39.645	-0.1073
39.65	-0.111
39.655	-0.0898
39.66	-0.0949
39.665	-0.1211
39.67	-0.1073
39.675	-0.1006
39.68	-0.1039
39.685	-0.1024
39.69	-0.0925
39.695	-0.0812
39.7	-0.0855
39.705	-0.08
39.71	-0.0649
39.715	-0.084
39.72	-0.0871
39.725	-0.0729
39.73	-0.0837
39.735	-0.085
39.74	-0.0761
39.745	-0.0704
39.75	-0.0749
39.755	-0.0808
39.76	-0.0701
39.765	-0.0843
39.77	-0.0913
39.775	-0.0719
39.78	-0.0787
39.785	-0.0774
39.79	-0.0822
39.795	-0.0879
39.8	-0.0677
39.805	-0.0595
39.81	-0.0711
39.815	-0.0631
39.82	-0.0548
39.825	-0.0674
39.83	-0.0544
39.835	-0.0521
39.84	-0.0672
39.845	-0.051
39.85	-0.0389
39.855	-0.0605
39.86	-0.0664
39.865	-0.0549
39.87	-0.0658
39.875	-0.0565
39.88	-0.0494
39.885	-0.0584
39.89	-0.0496
39.895	-0.0489
39.9	-0.0529
39.905	-0.0541
39.91	-0.0543
39.915	-0.0517
39.92	-0.0468
39.925	-0.0478
39.93	-0.0474
39.935	-0.0382
39.94	-0.0402
39.945	-0.0358
39.95	-0.0295
39.955	-0.0407
39.96	-0.03
39.965	-0.0174
39.97	-0.0238
39.975	-0.0027
39.98	-0.0082
39.985	-0.0111
39.99	0.0061
39.995	-0.0006
40	0.015
40.005	0.0092
40.01	-0.0022
40.015	0.0136
40.02	0.0128
40.025	0.0004
40.03	0.0018
40.035	0.0116
40.04	0.0125
40.045	0.0179
40.05	0.0297
40.055	0.0109
40.06	0.0053
40.065	0.0278
40.07	0.0185
40.075	0.0159
40.08	0.0245
40.085	0.0127
40.09	0.0138
40.095	0.0344
40.1	0.0372
40.105	0.0267
40.11	0.0402
40.115	0.0444
40.12	0.0327
40.125	0.0335
40.13	0.0332
40.135	0.0293
40.14	0.012
40.145	0.0058
40.15	0.0118
40.155	0.001
40.16	-0.0041
40.165	-0.0129
40.17	-0.0314
40.175	-0.0256
40.18	-0.0094
40.185	-0.0112
40.19	-0.0053
40.195	-0.0018
40.2	0.0083
40.205	0.0231
40.21	0.0072
40.215	0.0165
40.22	0.0262
40.225	0.0139
40.23	0.0214
40.235	0.0175
40.24	0.0146
40.245	0.0191
40.25	0.0113
40.255	0.0064
40.26	0.0046
40.265	0.0128
40.27	0.0082
40.275	0.0057
40.28	0.0086
40.285	0.0002
40.29	0.0074
40.295	0.0096
40.3	0.0029
40.305	0.0083
40.31	0.0216
40.315	0.0256
40.32	0.025
40.325	0.0323
40.33	0.0509
40.335	0.0492
40.34	0.0402
40.345	0.0576
40.35	0.0621
40.355	0.0612
40.36	0.0719
40.365	0.0749
40.37	0.0719
40.375	0.0825
40.38	0.0843
40.385	0.0836
40.39	0.0837
40.395	0.0788
40.4	0.0852
40.405	0.0782
40.41	0.0751
40.415	0.0761
40.42	0.0715
40.425	0.066
40.43	0.0694
40.435	0.0745
40.44	0.0592
40.445	0.0644
40.45	0.0731
40.455	0.0573
40.46	0.0639
40.465	0.0667
40.47	0.0664
40.475	0.0725
40.48	0.07
40.485	0.0812
40.49	0.0835
40.495	0.0739
40.5	0.0844
40.505	0.0982
40.51	0.0882
40.515	0.08
40.52	0.0869
40.525	0.0732
40.53	0.0643
40.535	0.0742
40.54	0.0718
40.545	0.0745
40.55	0.069
40.555	0.0611
40.56	0.0613
40.565	0.047
40.57	0.0419
40.575	0.0505
40.58	0.0308
40.585	0.0325
40.59	0.0486
40.595	0.0342
40.6	0.0343
40.605	0.0412
40.61	0.0375
40.615	0.0436
40.62	0.0435
40.625	0.0434
40.63	0.0498
40.635	0.0376
40.64	0.0475
40.645	0.0516
40.65	0.048
40.655	0.0605
40.66	0.0417
40.665	0.0365
40.67	0.0432
40.675	0.0359
40.68	0.0251
40.685	0.0218
40.69	0.0236
40.695	0.0165
40.7	0.007
40.705	0.0025
40.71	0.0112
40.715	-0.0048
40.72	0.0007
40.725	0.0096
40.73	-0.0067
40.735	0.0028
40.74	0.0096
40.745	0.009
40.75	0.016
40.755	0.0146
40.76	0.0015
40.765	0.0199
40.77	0.0268
40.775	0.0052
40.78	0.0251
40.785	0.0289
40.79	0.0182
40.795	0.0291
40.8	0.0244
40.805	0.0203
40.81	0.0288
40.815	0.0293
40.82	0.0225
40.825	0.0289
40.83	0.0208
40.835	0.009
40.84	0.0156
40.845	0.0147
40.85	0.0099
40.855	0.0055
40.86	0.0118
40.865	0.0259
40.87	0.0093
40.875	0.0099
40.88	0.0337
40.885	0.0185
40.89	0.0218
40.895	0.035
40.9	0.0268
40.905	0.0202
40.91	0.0253
40.915	0.028
40.92	0.0205
40.925	0.0124
40.93	0.0053
40.935	0.0046
40.94	-0.0116
40.945	-0.016
40.95	-0.0218
40.955	-0.0325
40.96	-0.0366
40.965	-0.0458
40.97	-0.0527
40.975	-0.0524
40.98	-0.0515
40.985	-0.0637
40.99	-0.0548
40.995	-0.0495
41	-0.0691
41.005	-0.0589
41.01	-0.0506
41.015	-0.0584
41.02	-0.0534
41.025	-0.0638
41.03	-0.0612
41.035	-0.0475
41.04	-0.0516
41.045	-0.0462
41.05	-0.0347
41.055	-0.0424
41.06	-0.043
41.065	-0.0269
41.07	-0.0293
41.075	-0.0295
41.08	-0.0223
41.085	-0.0266
41.09	-0.0267
41.095	-0.0233
41.1	-0.0306
41.105	-0.0333
41.11	-0.0398
41.115	-0.04
41.12	-0.0373
41.125	-0.053
41.13	-0.0529
41.135	-0.0539
41.14	-0.0524
41.145	-0.0439
41.15	-0.0411
41.155	-0.0361
41.16	-0.0399
41.165	-0.0369
41.17	-0.0369
41.175	-0.0489
41.18	-0.0319
41.185	-0.0296
41.19	-0.0411
41.195	-0.0288
41.2	-0.0392
41.205	-0.0466
41.21	-0.029
41.215	-0.0187
41.22	-0.0256
41.225	-0.0307
41.23	-0.0132
41.235	-0.0024
41.24	-0.0161
41.245	-0.003
41.25	0.0063
41.255	-0.0009
41.26	-0.001
41.265	0.003
41.27	0.009
41.275	-0.0045
41.28	0.005
41.285	0.0097
41.29	0.0059
41.295	0.0118
41.3	0.0003
41.305	0.0074
41.31	0.0097
41.315	-0.0093
41.32	-0.0025
41.325	0.0164
41.33	-0.0075
41.335	-0.0103
41.34	0.023
41.345	0.0058
41.35	-0.0085
41.355	0.0026
41.36	0.0078
41.365	-0.0009
41.37	-0.0066
41.375	-0.0054
41.38	-0.0171
41.385	-0.0141
41.39	-0.0168
41.395	-0.0246
41.4	-0.0301
41.405	-0.0357
41.41	-0.0304
41.415	-0.0373
41.42	-0.0336
41.425	-0.0321
41.43	-0.0334
41.435	-0.0223
41.44	-0.0314
41.445	-0.0259
41.45	-0.0177
41.455	-0.0263
41.46	-0.0185
41.465	-0.0183
41.47	-0.0187
41.475	-0.0174
41.48	-0.0182
41.485	-0.0176
41.49	-0.0196
41.495	-0.0176
41.5	-0.0318
41.505	-0.0326
41.51	-0.0331
41.515	-0.0436
41.52	-0.0498
41.525	-0.0545
41.53	-0.0516
41.535	-0.0423
41.54	-0.0368
41.545	-0.0339
41.55	-0.0304
41.555	-0.0277
41.56	-0.0121
41.565	-0.0132
41.57	-0.0157
41.575	-0.0069
41.58	-0.0016
41.585	-0.0087
41.59	-0.0027
41.595	0.0074
41.6	-0.0034
41.605	0.0034
41.61	0.0121
41.615	0.012
41.62	0.0136
41.625	0.016
41.63	0.0163
41.635	0.0141
41.64	0.0219
41.645	0.0386
41.65	0.0335
41.655	0.0357
41.66	0.048
41.665	0.0242
41.67	0.0225
41.675	0.0474
41.68	0.039
41.685	0.0287
41.69	0.0416
41.695	0.0425
41.7	0.0405
41.705	0.0417
41.71	0.0427
41.715	0.0417
41.72	0.0409
41.725	0.0411
41.73	0.0321
41.735	0.0375
41.74	0.0395
41.745	0.0375
41.75	0.0435
41.755	0.0417
41.76	0.0434
41.765	0.0554
41.77	0.0571
41.775	0.0475
41.78	0.0528
41.785	0.0557
41.79	0.0504
41.795	0.0522
41.8	0.051
41.805	0.0493
41.81	0.0456
41.815	0.0392
41.82	0.0419
41.825	0.0365
41.83	0.0351
41.835	0.031
41.84	0.0228
41.845	0.0249
41.85	0.0149
41.855	0.0144
41.86	0.0095
41.865	0.0034
41.87	0.0104
41.875	0.006
41.88	-0.0018
41.885	0.0005
41.89	0.0071
41.895	0
41.9	-0.0008
41.905	-0.0033
41.91	-0.0058
41.915	0.0025
41.92	-0.0077
41.925	-0.0131
41.93	-0.0061
41.935	-0.0016
41.94	-0.0122
41.945	-0.0152
41.95	0.003
41.955	0.0067
41.96	-0.0056
41.965	-0.0062
41.97	0.0008
41.975	0.001
41.98	0.0075
41.985	0.0013
41.99	-0.0096
41.995	-0.0102
42	-0.0014
42.005	-0.0041
42.01	-0.0093
42.015	-0.0088
42.02	-0.0245
42.025	-0.0313
42.03	-0.0244
42.035	-0.0146
42.04	-0.0147
42.045	-0.0139
42.05	-0.007
42.055	0.0066
42.06	0.0049
42.065	0.0003
42.07	0.0155
42.075	0.013
42.08	0.0127
42.085	0.0266
42.09	0.0339
42.095	0.0253
42.1	0.0311
42.105	0.0516
42.11	0.047
42.115	0.0473
42.12	0.0529
42.125	0.0553
42.13	0.0539
42.135	0.0504
42.14	0.0632
42.145	0.0705
42.15	0.0714
42.155	0.071
42.16	0.0693
42.165	0.0623
42.17	0.0587
42.175	0.057
42.18	0.0524
42.185	0.0572
42.19	0.0457
42.195	0.0386
42.2	0.0446
42.205	0.0387
42.21	0.0385
42.215	0.0295
42.22	0.0294
42.225	0.0361
42.23	0.0243
42.235	0.0243
42.24	0.0213
42.245	0.0215
42.25	0.0235
42.255	0.0161
42.26	0.0143
42.265	0.0103
42.27	0.0166
42.275	0.0167
42.28	0.0032
42.285	0.0043
42.29	0.012
42.295	-0.0014
42.3	-0.0033
42.305	0.0063
42.31	-0.0062
42.315	-0.0023
42.32	-0.0064
42.325	-0.0137
42.33	-0.0113
42.335	-0.0157
42.34	-0.0189
42.345	-0.0215
42.35	-0.0179
42.355	-0.0187
42.36	-0.0149
42.365	-0.02
42.37	-0.0259
42.375	-0.0208
42.38	-0.0166
42.385	-0.0192
42.39	-0.0185
42.395	-0.0099
42.4	-0.0172
42.405	-0.0288
42.41	-0.0128
42.415	-0.0066
42.42	-0.026
42.425	-0.0166
42.43	-0.0105
42.435	-0.0239
42.44	-0.0196
42.445	-0.0129
42.45	-0.0121
42.455	-0.0225
42.46	-0.0155
42.465	-0.0093
42.47	-0.0335
42.475	-0.0265
42.48	-0.0205
42.485	-0.0248
42.49	-0.0243
42.495	-0.0365
42.5	-0.0324
42.505	-0.032
42.51	-0.038
42.515	-0.035
42.52	-0.0471
42.525	-0.0628
42.53	-0.0684
42.535	-0.0646
42.54	-0.0637
42.545	-0.0728
42.55	-0.0718
42.555	-0.0656
42.56	-0.0644
42.565	-0.0636
42.57	-0.0602
42.575	-0.0582
42.58	-0.0551
42.585	-0.0524
42.59	-0.0545
42.595	-0.0485
42.6	-0.0412
42.605	-0.0419
42.61	-0.0486
42.615	-0.0501
42.62	-0.0344
42.625	-0.0403
42.63	-0.0465
42.635	-0.0418
42.64	-0.0419
42.645	-0.0354
42.65	-0.0257
42.655	-0.0082
42.66	-0.0208
42.665	-0.0194
42.67	-0.0131
42.675	-0.0226
42.68	-0.0186
42.685	-0.0169
42.69	-0.0121
42.695	-0.0187
42.7	-0.0196
42.705	-0.0163
42.71	-0.0189
42.715	-0.0254
42.72	-0.0264
42.725	-0.0217
42.73	-0.0206
42.735	-0.0253
42.74	-0.0235
42.745	-0.0212
42.75	-0.0293
42.755	-0.0201
42.76	-0.0233
42.765	-0.0247
42.77	-0.0228
42.775	-0.0326
42.78	-0.0212
42.785	-0.0228
42.79	-0.0255
42.795	-0.0212
42.8	-0.0211
42.805	-0.0173
42.81	-0.0148
42.815	-0.0111
42.82	-0.0147
42.825	-0.0098
42.83	-0.0041
42.835	-0.0014
42.84	-0.0004
42.845	-0.0004
42.85	0.0075
42.855	0.0004
42.86	0.0031
42.865	0.0102
42.87	-0.0017
42.875	-0.007
42.88	-0.0041
42.885	-0.0025
42.89	-0.0126
42.895	-0.0154
42.9	-0.013
42.905	-0.0171
42.91	-0.0106
42.915	-0.0001
42.92	-0.0076
42.925	-0.0098
42.93	0.0051
42.935	0.0139
42.94	0.0123
42.945	0.0129
42.95	0.0247
42.955	0.0289
42.96	0.0328
42.965	0.0378
42.97	0.0415
42.975	0.0541
42.98	0.044
42.985	0.0443
42.99	0.0563
42.995	0.048
43	0.0429
43.005	0.0438
43.01	0.0467
43.015	0.0435
43.02	0.0411
43.025	0.0265
43.03	0.021
43.035	0.025
43.04	0.0304
43.045	0.029
43.05	0.0145
43.055	0.0206
43.06	0.0163
43.065	0.0074
43.07	0.0054
43.075	0.0058
43.08	0.0026
43.085	-0.0028
43.09	-0.001
43.095	-0.0156
43.1	-0.016
43.105	-0.0057
43.11	-0.0067
43.115	-0.0015
43.12	0.0029
43.125	0.0007
43.13	0.001
43.135	0.0037
43.14	0.0042
43.145	0.0054
43.15	0.0067
43.155	0.0077
43.16	0.0086
43.165	0.0103
43.17	0.0115
43.175	0.017
43.18	0.0149
43.185	0.0048
43.19	0.0171
43.195	0.0245
43.2	0.0144
43.205	0.0159
43.21	0.027
43.215	0.0196
43.22	0.0077
43.225	0.0165
43.23	0.0184
43.235	0.01
43.24	0.0092
43.245	0.0174
43.25	0.0112
43.255	0.0135
43.26	0.0208
43.265	0.0055
43.27	0.0093
43.275	0.0133
43.28	0.0129
43.285	0.0175
43.29	0.0173
43.295	0.0218
43.3	0.0227
43.305	0.0238
43.31	0.0289
43.315	0.0312
43.32	0.0288
43.325	0.0312
43.33	0.0396
43.335	0.0364
43.34	0.027
43.345	0.0301
43.35	0.0297
43.355	0.0225
43.36	0.0286
43.365	0.0297
43.37	0.0186
43.375	0.019
43.38	0.0244
43.385	0.0116
43.39	0.0115
43.395	0.02
43.4	0.0126
43.405	0.009
43.41	0.0103
43.415	0.0215
43.42	0.0174
43.425	0.0099
43.43	0.0221
43.435	0.0202
43.44	0.0118
43.445	0.0153
43.45	0.0203
43.455	0.0195
43.46	0.0053
43.465	0.0012
43.47	0.0063
43.475	0.001
43.48	0.0068
43.485	0.0101
43.49	0.005
43.495	0.0013
43.5	-0.0058
43.505	-0.0078
43.51	-0.014
43.515	-0.018
43.52	-0.0278
43.525	-0.0373
43.53	-0.0364
43.535	-0.0363
43.54	-0.0292
43.545	-0.0238
43.55	-0.0146
43.555	-0.0261
43.56	-0.0327
43.565	-0.0198
43.57	-0.0228
43.575	-0.0248
43.58	-0.0281
43.585	-0.0283
43.59	-0.0248
43.595	-0.0302
43.6	-0.0212
43.605	-0.0218
43.61	-0.0366
43.615	-0.0265
43.62	-0.0245
43.625	-0.0289
43.63	-0.0246
43.635	-0.0241
43.64	-0.0205
43.645	-0.0107
43.65	-0.0074
43.655	-0.0094
43.66	-0.0077
43.665	-0.0151
43.67	-0.0156
43.675	-0.0176
43.68	-0.0347
43.685	-0.0237
43.69	-0.0144
43.695	-0.0219
43.7	-0.0149
43.705	-0.0174
43.71	-0.0129
43.715	-0.0136
43.72	-0.0191
43.725	-0.0199
43.73	-0.0262
43.735	-0.0108
43.74	-0.0056
43.745	-0.0103
43.75	-0.0146
43.755	-0.0161
43.76	-0.0055
43.765	-0.0213
43.77	-0.0359
43.775	-0.0291
43.78	-0.0255
43.785	-0.0389
43.79	-0.0477
43.795	-0.0387
43.8	-0.0331
43.805	-0.0333
43.81	-0.038
43.815	-0.0358
43.82	-0.0295
43.825	-0.0182
43.83	-0.0161
43.835	-0.0093
43.84	0.0011
43.845	-0.0014
43.85	0.0005
43.855	0.0046
43.86	0.0143
43.865	0.0176
43.87	0.0168
43.875	0.0216
43.88	0.0174
43.885	0.0143
43.89	0.0333
43.895	0.0312
43.9	0.0174
43.905	0.018
43.91	0.0181
43.915	0.0181
43.92	0.0201
43.925	0.0233
43.93	0.023
43.935	0.0331
43.94	0.0188
43.945	0.0146
43.95	0.043
43.955	0.0452
43.96	0.04
43.965	0.0414
43.97	0.0468
43.975	0.0503
43.98	0.0451
43.985	0.053
43.99	0.0597
43.995	0.059
44	0.0483
44.005	0.0476
44.01	0.0677
44.015	0.0527
44.02	0.0387
44.025	0.0472
44.03	0.0435
44.035	0.0478
44.04	0.0617
44.045	0.0555
44.05	0.0566
44.055	0.0718
44.06	0.0636
44.065	0.0629
44.07	0.0643
44.075	0.0657
44.08	0.0701
44.085	0.0603
44.09	0.0657
44.095	0.071
44.1	0.0763
44.105	0.0723
44.11	0.0696
44.115	0.0801
44.12	0.0646
44.125	0.0592
44.13	0.0688
44.135	0.0682
44.14	0.0627
44.145	0.0599
44.15	0.0638
44.155	0.0695
44.16	0.0581
44.165	0.0446
44.17	0.0519
44.175	0.031
44.18	0.0151
44.185	0.0354
44.19	0.0263
44.195	0.0109
44.2	0.0135
44.205	0.01
44.21	0.0088
44.215	0.0079
44.22	0.0014
44.225	0.0054
44.23	0.0108
44.235	0.0053
44.24	0.0049
44.245	0.0045
44.25	0.0096
44.255	0.0109
44.26	0.0088
44.265	0.007
44.27	0.0117
44.275	0.0137
44.28	-0.0091
44.285	-0.003
44.29	0
44.295	-0.0166
44.3	-0.0113
44.305	-0.0185
44.31	-0.0266
44.315	-0.0346
44.32	-0.0447
44.325	-0.036
44.33	-0.0406
44.335	-0.0587
44.34	-0.0493
44.345	-0.0446
44.35	-0.0518
44.355	-0.0359
44.36	-0.0441
44.365	-0.0489
44.37	-0.0346
44.375	-0.03
44.38	-0.0366
44.385	-0.0389
44.39	-0.0251
44.395	-0.0278
44.4	-0.0297
44.405	-0.0281
44.41	-0.0353
44.415	-0.0366
44.42	-0.0378
44.425	-0.0435
44.43	-0.0506
44.435	-0.0509
44.44	-0.0489
44.445	-0.0529
44.45	-0.0626
44.455	-0.0604
44.46	-0.0647
44.465	-0.0736
44.47	-0.0662
44.475	-0.0654
44.48	-0.0628
44.485	-0.0604
44.49	-0.0611
44.495	-0.0475
44.5	-0.0416
44.505	-0.0438
44.51	-0.0305
44.515	-0.0372
44.52	-0.0457
44.525	-0.041
44.53	-0.044
44.535	-0.0295
44.54	-0.0192
44.545	-0.0458
44.55	-0.0558
44.555	-0.0349
44.56	-0.0308
44.565	-0.0334
44.57	-0.0303
44.575	-0.0334
44.58	-0.037
44.585	-0.0278
44.59	-0.0271
44.595	-0.0382
44.6	-0.0282
44.605	-0.0318
44.61	-0.0348
44.615	-0.0212
44.62	-0.0274
44.625	-0.0329
44.63	-0.0364
44.635	-0.0261
44.64	-0.023
44.645	-0.0292
44.65	-0.0155
44.655	-0.0193
44.66	-0.0392
44.665	-0.0333
44.67	-0.0338
44.675	-0.0448
44.68	-0.0356
44.685	-0.0353
44.69	-0.0365
44.695	-0.0322
44.7	-0.0267
44.705	-0.0274
44.71	-0.0252
44.715	-0.0187
44.72	-0.019
44.725	-0.0162
44.73	-0.0145
44.735	-0.0099
44.74	-0.0132
44.745	-0.0097
44.75	-0.0117
44.755	-0.0142
44.76	-0.0057
44.765	-0.0024
44.77	-0.0009
44.775	-0.0037
44.78	-0.0069
44.785	0.0041
44.79	-0.0006
44.795	-0.0114
44.8	0.0031
44.805	-0.0077
44.81	-0.006
44.815	-0.0013
44.82	-0.0128
44.825	-0.0103
44.83	-0.0071
44.835	-0.0073
44.84	-0.0158
44.845	-0.0115
44.85	-0.005
44.855	-0.0118
44.86	-0.0113
44.865	-0.0133
44.87	-0.0149
44.875	-0.0057
44.88	-0.0048
44.885	-0.0083
44.89	0.0008
44.895	0.0073
44.9	0.0053
44.905	0.0093
44.91	0.0045
44.915	0.0119
44.92	0.0197
44.925	0.0164
44.93	0.02
44.935	0.0206
44.94	0.0245
44.945	0.0247
44.95	0.0308
44.955	0.03
44.96	0.0227
44.965	0.0384
44.97	0.0347
44.975	0.0241
44.98	0.0355
44.985	0.0307
44.99	0.0309
44.995	0.0401
45	0.0241
45.005	0.0176
45.01	0.0275
45.015	0.0112
45.02	0.0015
45.025	0.0033
45.03	-0.0009
45.035	0.0011
45.04	0.0005
45.045	0.0117
45.05	0.0067
45.055	-0.0092
45.06	-0.0065
45.065	0.0051
45.07	0.0029
45.075	-0.0032
45.08	0.0181
45.085	0.0101
45.09	0.0115
45.095	0.0227
45.1	0.0108
45.105	0.0124
45.11	0.0131
45.115	0.0161
45.12	0.0163
45.125	0.0161
45.13	0.0208
45.135	0.0214
45.14	0.0202
45.145	0.0174
45.15	0.0293
45.155	0.0343
45.16	0.0155
45.165	0.0128
45.17	0.0122
45.175	0.004
45.18	0.0048
45.185	0.0142
45.19	0.0064
45.195	-0.0006
45.2	0.0125
45.205	0.0093
45.21	0.003
45.215	0.0087
45.22	0.006
45.225	0.004
45.23	0.0016
45.235	0.0044
45.24	0.0059
45.245	-0.0018
45.25	-0.005
45.255	-0.0022
45.26	0.0045
45.265	-0.0008
45.27	-0.0023
45.275	0.0012
45.28	0.0079
45.285	0.015
45.29	0.0133
45.295	0.0099
45.3	0.011
45.305	0.0137
45.31	0.0155
45.315	0.0142
45.32	0.0144
45.325	0.0229
45.33	0.0236
45.335	0.0221
45.34	0.0157
45.345	0.0171
45.35	0.0245
45.355	0.0142
45.36	0.0242
45.365	0.0285
45.37	0.0169
45.375	0.0236
45.38	0.0198
45.385	0.016
45.39	0.0148
45.395	0.0199
45.4	0.0252
45.405	0.02
45.41	0.0224
45.415	0.0162
45.42	0.018
45.425	0.0238
45.43	0.0183
45.435	0.0134
45.44	0.0134
45.445	0.0154
45.45	0.0089
45.455	0.0068
45.46	0.0144
45.465	0.0179
45.47	0.0012
45.475	0.0025
45.48	0.02
45.485	0.0038
45.49	0.0037
45.495	0.0157
45.5	0.0037
45.505	0.0051
45.51	0.0063
45.515	0.0018
45.52	0.007
45.525	-0.0023
45.53	-0.0093
45.535	0.0019
45.54	0.0125
45.545	0.0161
45.55	0.0111
45.555	0.0077
45.56	0.0041
45.565	0.0012
45.57	0.0014
45.575	-0.0066
45.58	-0.0052
45.585	0.0006
45.59	-0.0157
45.595	-0.0181
45.6	-0.0105
45.605	-0.0285
45.61	-0.0308
45.615	-0.0206
45.62	-0.0325
45.625	-0.0427
45.63	-0.0329
45.635	-0.0358
45.64	-0.0397
45.645	-0.0252
45.65	-0.0156
45.655	-0.0191
45.66	-0.028
45.665	-0.024
45.67	-0.0242
45.675	-0.0343
45.68	-0.026
45.685	-0.0139
45.69	-0.0203
45.695	-0.0257
45.7	-0.015
45.705	-0.0159
45.71	-0.0258
45.715	-0.0215
45.72	-0.0288
45.725	-0.0373
45.73	-0.0317
45.735	-0.0396
45.74	-0.0488
45.745	-0.0458
45.75	-0.048
45.755	-0.0538
45.76	-0.0623
45.765	-0.0678
45.77	-0.0639
45.775	-0.0708
45.78	-0.0749
45.785	-0.0629
45.79	-0.0572
45.795	-0.061
45.8	-0.0639
45.805	-0.0571
45.81	-0.0496
45.815	-0.049
45.82	-0.046
45.825	-0.0469
45.83	-0.0425
45.835	-0.0302
45.84	-0.0325
45.845	-0.0337
45.85	-0.0318
45.855	-0.0273
45.86	-0.0268
45.865	-0.0224
45.87	-0.0128
45.875	-0.0218
45.88	-0.0174
45.885	-0.009
45.89	-0.01
45.895	-0.0101
45.9	-0.0139
45.905	-0.0016
45.91	0.0063
45.915	-0.0068
45.92	-0.0017
45.925	0.0089
45.93	0.006
45.935	0.0015
45.94	0.0083
45.945	0.0114
45.95	0.0027
45.955	0.0003
45.96	0.0016
45.965	0.0028
45.97	0.0019
45.975	0.0131
45.98	0.016
45.985	0.02
45.99	0.0286
45.995	0.0311
46	0.0472
46.005	0.0544
46.01	0.0492
46.015	0.0541
46.02	0.0485
46.025	0.0329
46.03	0.0305
46.035	0.0382
46.04	0.0519
46.045	0.0563
46.05	0.0624
46.055	0.0632
46.06	0.0424
46.065	0.032
46.07	0.0276
46.075	0.0247
46.08	0.0291
46.085	0.0319
46.09	0.0396
46.095	0.0414
46.1	0.037
46.105	0.0367
46.11	0.0421
46.115	0.0408
46.12	0.0347
46.125	0.0376
46.13	0.0418
46.135	0.0345
46.14	0.029
46.145	0.0287
46.15	0.0347
46.155	0.0405
46.16	0.0249
46.165	0.0165
46.17	0.0166
46.175	0.0134
46.18	0.0196
46.185	0.0215
46.19	0.0203
46.195	0.0241
46.2	0.0167
46.205	0.0129
46.21	0.0152
46.215	0.0136
46.22	0.0203
46.225	0.0133
46.23	0.0118
46.235	0.0168
46.24	0.0089
46.245	0.0116
46.25	0.0026
46.255	0.0008
46.26	0.0073
46.265	-0.0174
46.27	-0.0156
46.275	-0.0044
46.28	-0.0237
46.285	-0.0139
46.29	0.004
46.295	0.001
46.3	0.0003
46.305	0.0133
46.31	0.0196
46.315	0.0084
46.32	0.0133
46.325	0.0227
46.33	0.0198
46.335	0.0147
46.34	0.0126
46.345	0.0097
46.35	-0.0104
46.355	-0.0143
46.36	-0.0078
46.365	-0.0183
46.37	-0.0201
46.375	-0.0145
46.38	-0.012
46.385	-0.0113
46.39	-0.0002
46.395	0.0053
46.4	0.0122
46.405	0.0244
46.41	0.0131
46.415	0.0279
46.42	0.0317
46.425	0.0072
46.43	0.0283
46.435	0.0248
46.44	0.0033
46.445	0.0197
46.45	0.012
46.455	0.0004
46.46	0.0086
46.465	0.0094
46.47	0.0059
46.475	0.003
46.48	0.0112
46.485	0.0188
46.49	0.0097
46.495	0.0151
46.5	0.0261
46.505	0.0203
46.51	0.0204
46.515	0.0236
46.52	0.0121
46.525	-0.0023
46.53	-0.0077
46.535	-0.0086
46.54	-0.0058
46.545	-0.0083
46.55	-0.0038
46.555	-0.0013
46.56	-0.0021
46.565	-0.0135
46.57	-0.0215
46.575	-0.0021
46.58	-0.0094
46.585	-0.0249
46.59	-0.0152
46.595	-0.0165
46.6	-0.022
46.605	-0.0095
46.61	-0.0059
46.615	-0.0057
46.62	0.0145
46.625	0.0143
46.63	0.0057
46.635	0.0161
46.64	0.0137
46.645	0.0168
46.65	0.0291
46.655	0.0326
46.66	0.0345
46.665	0.0232
46.67	0.0198
46.675	0.018
46.68	0.0198
46.685	0.03
46.69	0.028
46.695	0.0303
46.7	0.029
46.705	0.0223
46.71	0.0259
46.715	0.0377
46.72	0.0323
46.725	0.0275
46.73	0.037
46.735	0.0234
46.74	0.0172
46.745	0.0211
46.75	0.0051
46.755	0.0036
46.76	0.0072
46.765	-0.0081
46.77	-0.009
46.775	-0.0055
46.78	-0.0137
46.785	-0.0131
46.79	-0.0048
46.795	-0.0099
46.8	-0.008
46.805	0.0072
46.81	0.0055
46.815	0.005
46.82	0.011
46.825	0.0066
46.83	0.003
46.835	0.0027
46.84	-0.0024
46.845	0.0038
46.85	0.0036
46.855	-0.0087
46.86	-0.0033
46.865	-0.0038
46.87	-0.0193
46.875	-0.0226
46.88	-0.0189
46.885	-0.0302
46.89	-0.0259
46.895	-0.0053
46.9	-0.0164
46.905	-0.0218
46.91	-0.0123
46.915	-0.009
46.92	-0.0067
46.925	-0.0119
46.93	-0.0086
46.935	-0.0034
46.94	-0.0152
46.945	-0.0118
46.95	-0.0047
46.955	-0.0181
46.96	-0.0112
46.965	-0.0083
46.97	-0.0206
46.975	-0.0077
46.98	-0.0043
46.985	-0.0233
46.99	-0.0171
46.995	0.0003
47	-0.0103
47.005	-0.018
47.01	-0.005
47.015	-0.0001
47.02	-0.0165
47.025	-0.0307
47.03	-0.0247
47.035	-0.0254
47.04	-0.0275
47.045	-0.0218
47.05	-0.0259
47.055	-0.0223
47.06	-0.0122
47.065	-0.0147
47.07	-0.0115
47.075	-0.0081
47.08	-0.0044
47.085	0.0096
47.09	0.005
47.095	-0.0009
47.1	0.0015
47.105	0.0009
47.11	0.0016
47.115	-0.0063
47.12	0.0016
47.125	0.0151
47.13	0
47.135	-0.0044
47.14	0.0076
47.145	0.0072
47.15	0.0249
47.155	0.0393
47.16	0.0219
47.165	0.0254
47.17	0.0231
47.175	0.0037
47.18	0.0083
47.185	0.0088
47.19	0.0071
47.195	0.0061
47.2	-0.0057
47.205	-0.0058
47.21	0.0007
47.215	-0.0057
47.22	-0.0092
47.225	-0.004
47.23	-0.0074
47.235	-0.0077
47.24	-0.0043
47.245	-0.0047
47.25	-0.0002
47.255	-0.0015
47.26	-0.0065
47.265	-0.0029
47.27	0.0032
47.275	-0.0059
47.28	-0.0128
47.285	-0.0071
47.29	-0.0098
47.295	-0.018
47.3	-0.0115
47.305	-0.0117
47.31	-0.0206
47.315	-0.0195
47.32	-0.0306
47.325	-0.0361
47.33	-0.0267
47.335	-0.0315
47.34	-0.039
47.345	-0.0357
47.35	-0.0305
47.355	-0.0238
47.36	-0.0171
47.365	-0.0103
47.37	-0.0059
47.375	0.0045
47.38	0.0076
47.385	0.0159
47.39	0.0277
47.395	0.0238
47.4	0.0342
47.405	0.0389
47.41	0.023
47.415	0.0237
47.42	0.0373
47.425	0.0192
47.43	0.0021
47.435	0.0215
47.44	0.0214
47.445	0.0081
47.45	-0.0091
47.455	-0.011
47.46	0.0049
47.465	-0.0178
47.47	-0.0219
47.475	-0.0181
47.48	-0.0264
47.485	-0.0259
47.49	-0.0368
47.495	-0.0344
47.5	-0.0359
47.505	-0.0486
47.51	-0.049
47.515	-0.0504
47.52	-0.0617
47.525	-0.0712
47.53	-0.0828
47.535	-0.0822
47.54	-0.0737
47.545	-0.075
47.55	-0.0678
47.555	-0.0676
47.56	-0.0658
47.565	-0.058
47.57	-0.0534
47.575	-0.0369
47.58	-0.0337
47.585	-0.0278
47.59	-0.0182
47.595	-0.0242
47.6	-0.024
47.605	-0.0242
47.61	-0.0326
47.615	-0.0288
47.62	-0.0291
47.625	-0.0426
47.63	-0.0356
47.635	-0.0427
47.64	-0.0541
47.645	-0.0406
47.65	-0.0371
47.655	-0.0432
47.66	-0.0366
47.665	-0.0396
47.67	-0.0524
47.675	-0.0403
47.68	-0.034
47.685	-0.0359
47.69	-0.0366
47.695	-0.0386
47.7	-0.0343
47.705	-0.0331
47.71	-0.0335
47.715	-0.044
47.72	-0.0477
47.725	-0.0425
47.73	-0.0537
47.735	-0.0581
47.74	-0.0531
47.745	-0.0478
47.75	-0.0509
47.755	-0.0381
47.76	-0.0191
47.765	-0.0276
47.77	-0.0232
47.775	-0.0064
47.78	-0.0039
47.785	-0.0098
47.79	-0.0042
47.795	0.0065
47.8	0.0047
47.805	0.0012
47.81	0.0004
47.815	-0.0037
47.82	-0.0005
47.825	0.0045
47.83	0.0082
47.835	0.0056
47.84	0.0113
47.845	0.0264
47.85	0.02
47.855	0.0195
47.86	0.0288
47.865	0.034
47.87	0.0379
47.875	0.0353
47.88	0.0382
47.885	0.0368
47.89	0.027
47.895	0.0314
47.9	0.03
47.905	0.013
47.91	0.0116
47.915	0.0131
47.92	0.0089
47.925	-0.0018
47.93	-0.0025
47.935	0.0042
47.94	-0.0082
47.945	-0.0077
47.95	-0.003
47.955	-0.0016
47.96	0.0063
47.965	0.0087
47.97	0.0088
47.975	0.0176
47.98	0.0218
47.985	0.0182
47.99	0.0352
47.995	0.0466
48	0.0484
48.005	0.0507
48.01	0.0597
48.015	0.0687
48.02	0.058
48.025	0.0586
48.03	0.0646
48.035	0.0751
48.04	0.0868
48.045	0.0839
48.05	0.0883
48.055	0.0947
48.06	0.1021
48.065	0.1068
48.07	0.1027
48.075	0.1117
48.08	0.1111
48.085	0.1005
48.09	0.1069
48.095	0.1051
48.1	0.0963
48.105	0.0846
48.11	0.0867
48.115	0.0783
48.12	0.0664
48.125	0.0727
48.13	0.0628
48.135	0.064
48.14	0.0631
48.145	0.0611
48.15	0.0733
48.155	0.0711
48.16	0.061
48.165	0.0556
48.17	0.0424
48.175	0.0366
48.18	0.0329
48.185	0.0261
48.19	0.0257
48.195	0.0205
48.2	0.0203
48.205	0.0203
48.21	0.0145
48.215	0.0173
48.22	0.0238
48.225	0.0086
48.23	0.006
48.235	0.0176
48.24	0.0075
48.245	0.0075
48.25	0.0073
48.255	0.0169
48.26	0.0004
48.265	0.0001
48.27	0.0387
48.275	0.0231
48.28	0.0174
48.285	0.0237
48.29	0.0332
48.295	0.0306
48.3	0.0196
48.305	0.0285
48.31	0.0147
48.315	0.0087
48.32	0.011
48.325	0.0032
48.33	-0.0025
48.335	-0.0049
48.34	-0.0073
48.345	-0.0094
48.35	-0.0105
48.355	-0.0143
48.36	-0.0035
48.365	-0.0046
48.37	-0.011
48.375	0.0015
48.38	-0.0039
48.385	-0.0093
48.39	0
48.395	0.0042
48.4	-0.005
48.405	-0.0004
48.41	0.006
48.415	-0.006
48.42	-0.0084
48.425	-0.0134
48.43	-0.0163
48.435	-0.0176
48.44	-0.0163
48.445	-0.0098
48.45	-0.0144
48.455	-0.0092
48.46	0.0008
48.465	0.0004
48.47	0.0044
48.475	0.0038
48.48	0.0021
48.485	-0.0026
48.49	-0.0095
48.495	-0.0089
48.5	-0.0128
48.505	-0.0167
48.51	-0.025
48.515	-0.0217
48.52	-0.0178
48.525	-0.0265
48.53	-0.0174
48.535	-0.0224
48.54	-0.0392
48.545	-0.0258
48.55	-0.0115
48.555	-0.0171
48.56	-0.0168
48.565	-0.0097
48.57	-0.0046
48.575	0.0037
48.58	0.0076
48.585	0.0107
48.59	0.0142
48.595	0.0099
48.6	0.0059
48.605	0.0015
48.61	0.0026
48.615	0.0031
48.62	-0.0071
48.625	-0.0034
48.63	0.0028
48.635	-0.0008
48.64	0.0069
48.645	0.0164
48.65	0.0253
48.655	0.0381
48.66	0.0352
48.665	0.0176
48.67	0.014
48.675	0.0209
48.68	0.0204
48.685	0.0108
48.69	0.0048
48.695	0.0115
48.7	-0.0077
48.705	-0.0239
48.71	-0.0206
48.715	-0.0372
48.72	-0.0406
48.725	-0.0567
48.73	-0.0672
48.735	-0.0528
48.74	-0.0653
48.745	-0.0681
48.75	-0.0547
48.755	-0.0506
48.76	-0.0502
48.765	-0.0371
48.77	-0.0313
48.775	-0.0288
48.78	-0.0211
48.785	-0.0222
48.79	-0.0298
48.795	-0.0351
48.8	-0.0256
48.805	-0.0258
48.81	-0.0309
48.815	-0.033
48.82	-0.0259
48.825	-0.0183
48.83	-0.021
48.835	-0.0236
48.84	-0.0164
48.845	-0.0112
48.85	-0.0244
48.855	-0.0235
48.86	-0.0169
48.865	-0.0112
48.87	-0.0038
48.875	0.0007
48.88	0.0101
48.885	0.0122
48.89	0.0178
48.895	0.0222
48.9	0.0262
48.905	0.024
48.91	0.0191
48.915	0.0206
48.92	0.0098
48.925	0.0005
48.93	-0.007
48.935	-0.0095
48.94	-0.0097
48.945	-0.0177
48.95	-0.0194
48.955	-0.0176
48.96	-0.0233
48.965	-0.027
48.97	-0.0242
48.975	-0.0225
48.98	-0.0209
48.985	-0.0212
48.99	-0.0217
48.995	-0.0268
49	-0.0296
49.005	-0.0188
49.01	-0.0183
49.015	-0.013
49.02	-0.0205
49.025	-0.0326
49.03	-0.015
49.035	-0.0053
49.04	0.0068
49.045	0.0045
49.05	0.0037
49.055	0.0176
49.06	0.0072
49.065	0.0059
49.07	0.0119
49.075	0.0012
49.08	-0.0024
49.085	-0.0016
49.09	-0.0121
49.095	-0.0181
49.1	-0.0129
49.105	-0.0158
49.11	-0.0239
49.115	-0.0292
49.12	-0.0296
49.125	-0.0315
49.13	-0.0469
49.135	-0.0512
49.14	-0.0465
49.145	-0.0372
49.15	-0.0302
49.155	-0.0383
49.16	-0.0475
49.165	-0.0461
49.17	-0.0396
49.175	-0.0379
49.18	-0.032
49.185	-0.0256
49.19	-0.0051
49.195	0.006
49.2	-0.0082
49.205	-0.0064
49.21	0.0046
49.215	0.0159
49.22	0.0122
49.225	0.0146
49.23	0.0261
49.235	0.0216
49.24	0.0218
49.245	0.0215
49.25	0.0231
49.255	0.0143
49.26	0.0185
49.265	0.025
49.27	0.0084
49.275	0.0087
49.28	0.01
49.285	0.004
49.29	0.0119
49.295	0.0085
49.3	0.0007
49.305	0.0009
49.31	-0.003
49.315	-0.0031
49.32	-0.0048
49.325	-0.0042
49.33	-0.006
49.335	-0.0013
49.34	0.0099
49.345	0.0103
49.35	0.0051
49.355	0.0026
49.36	0.0052
49.365	0
49.37	0.001
49.375	0.014
49.38	0.0088
49.385	0.0035
49.39	0.014
49.395	0.0202
49.4	0.0218
49.405	0.0183
49.41	0.0233
49.415	0.0272
49.42	0.0316
49.425	0.0491
49.43	0.0597
49.435	0.0534
49.44	0.0641
49.445	0.0768
49.45	0.0619
49.455	0.0713
49.46	0.066
49.465	0.0499
49.47	0.0603
49.475	0.0484
49.48	0.0442
49.485	0.0483
49.49	0.0429
49.495	0.0484
49.5	0.0433
49.505	0.0335
49.51	0.0373
49.515	0.0314
49.52	0.0114
49.525	0.0034
49.53	0.003
49.535	0.0032
49.54	0.0088
49.545	0.01
49.55	0.0066
49.555	0.0139
49.56	0.0172
49.565	0.0129
49.57	0.0219
49.575	0.0169
49.58	0.0092
49.585	0.0259
49.59	0.0265
49.595	0.0165
49.6	0.026
49.605	0.0311
49.61	0.0302
49.615	0.0397
49.62	0.0483
49.625	0.0487
49.63	0.053
49.635	0.0623
49.64	0.0594
49.645	0.0651
49.65	0.0705
49.655	0.0605
49.66	0.0456
49.665	0.0227
49.67	0.0244
49.675	0.015
49.68	0.0063
49.685	0.0085
49.69	-0.0068
49.695	0.0016
49.7	-0.0016
49.705	-0.0099
49.71	-0.0019
49.715	-0.0073
49.72	-0.007
49.725	-0.0048
49.73	0.0026
49.735	0.0079
49.74	-0.009
49.745	-0.0062
49.75	0.0089
49.755	-0.0029
49.76	-0.0144
49.765	-0.0042
49.77	-0.0091
49.775	-0.0123
49.78	-0.0104
49.785	-0.0126
49.79	-0.0059
49.795	-0.0145
49.8	-0.0203
49.805	-0.0193
49.81	-0.0257
49.815	-0.0246
49.82	-0.0174
49.825	-0.0294
49.83	-0.0298
49.835	-0.0224
49.84	-0.0264
49.845	-0.0214
49.85	-0.0132
49.855	-0.0009
49.86	-0.0044
49.865	0.0066
49.87	0.0179
49.875	0.0233
49.88	0.0336
49.885	0.0179
49.89	0.0254
49.895	0.0374
49.9	0.0234
49.905	0.0163
49.91	0.0141
49.915	0.0096
49.92	0.0012
49.925	-0.0058
49.93	-0.0054
49.935	-0.009
49.94	-0.0103
49.945	-0.004
49.95	-0.0032
49.955	-0.0061
49.96	0.0006
49.965	0.0062
49.97	0.0046
49.975	0.0022
49.98	0.0016
49.985	0.0031
49.99	-0.0004
49.995	0.0058
50	0.0023
50.005	-0.0138
50.01	-0.0015
50.015	-0.0043
50.02	-0.0167
50.025	-0.0123
50.03	-0.0158
50.035	-0.0098
50.04	-0.0001
50.045	0.0015
50.05	-0.0087
50.055	-0.0073
50.06	-0.004
50.065	-0.006
50.07	-0.0031
50.075	-0.0112
50.08	-0.0117
50.085	-0.0165
50.09	-0.0215
50.095	-0.02
50.1	-0.0321
50.105	-0.0418
50.11	-0.0395
50.115	-0.0359
50.12	-0.045
50.125	-0.0463
50.13	-0.0359
50.135	-0.0467
50.14	-0.0452
50.145	-0.0342
50.15	-0.0402
50.155	-0.0343
50.16	-0.0427
50.165	-0.0555
50.17	-0.0558
50.175	-0.0593
50.18	-0.05
50.185	-0.0544
50.19	-0.0588
50.195	-0.0464
50.2	-0.0615
50.205	-0.0672
50.21	-0.0475
50.215	-0.0594
50.22	-0.0713
50.225	-0.0561
50.23	-0.0562
50.235	-0.0594
50.24	-0.0498
50.245	-0.0567
50.25	-0.0609
50.255	-0.0419
50.26	-0.0508
50.265	-0.0592
50.27	-0.0399
50.275	-0.0424
50.28	-0.0444
50.285	-0.0337
50.29	-0.0334
50.295	-0.0326
50.3	-0.0319
50.305	-0.0296
50.31	-0.0206
50.315	-0.0193
50.32	-0.0141
50.325	-0.0171
50.33	-0.0242
50.335	-0.0204
50.34	-0.0337
50.345	-0.0355
50.35	-0.0337
50.355	-0.0479
50.36	-0.0421
50.365	-0.0405
50.37	-0.0486
50.375	-0.0402
50.38	-0.0338
50.385	-0.0388
50.39	-0.0417
50.395	-0.0395
50.4	-0.0298
50.405	-0.0321
50.41	-0.0285
50.415	-0.0175
50.42	-0.0266
50.425	-0.0274
50.43	-0.0168
50.435	-0.016
50.44	-0.0242
50.445	-0.0269
50.45	-0.017
50.455	-0.012
50.46	-0.0217
50.465	-0.0193
50.47	-0.0101
50.475	-0.0179
50.48	-0.0118
50.485	-0.0035
50.49	-0.0152
50.495	-0.0074
50.5	0.001
50.505	-0.0061
50.51	-0.0157
50.515	-0.0133
50.52	-0.0128
50.525	-0.0252
50.53	-0.0189
50.535	-0.0139
50.54	-0.0059
50.545	0.0028
50.55	0.005
50.555	0.013
50.56	0.0168
50.565	0.0141
50.57	0.016
50.575	0.0259
50.58	0.0232
50.585	0.0199
50.59	0.0217
50.595	0.028
50.6	0.0274
50.605	0.0238
50.61	0.0247
50.615	0.0295
50.62	0.0293
50.625	0.0203
50.63	0.032
50.635	0.0397
50.64	0.0391
50.645	0.0632
50.65	0.0736
50.655	0.0502
50.66	0.0525
50.665	0.0623
50.67	0.0488
50.675	0.0453
50.68	0.054
50.685	0.0547
50.69	0.0494
50.695	0.0574
50.7	0.0534
50.705	0.0421
50.71	0.0401
50.715	0.0348
50.72	0.0343
50.725	0.0262
50.73	0.018
50.735	0.0248
50.74	0.0223
50.745	0.0253
50.75	0.024
50.755	0.016
50.76	0.0272
50.765	0.0234
50.77	0.0129
50.775	0.0215
50.78	0.0304
50.785	0.0237
50.79	0.0246
50.795	0.0248
50.8	0.02
50.805	0.0264
50.81	0.0256
50.815	0.0161
50.82	0.0135
50.825	0.0185
50.83	0.0121
50.835	0.0026
50.84	0.0097
50.845	0.0056
50.85	-0.0106
50.855	0.0009
50.86	0.0005
50.865	-0.0085
50.87	-0.0031
50.875	-0.0057
50.88	0
50.885	0.0048
50.89	0.009
50.895	0.0107
50.9	0.0088
50.905	0.0104
50.91	0.0057
50.915	0.0007
50.92	-0.0057
50.925	-0.0078
50.93	-0.0023
50.935	-0.0064
50.94	-0.0123
50.945	-0.0034
50.95	-0.0068
50.955	-0.0156
50.96	-0.0136
50.965	-0.011
50.97	-0.0225
50.975	-0.0197
50.98	-0.0126
50.985	-0.0368
50.99	-0.0288
50.995	-0.0126
51	-0.0259
51.005	-0.0305
51.01	-0.0292
51.015	-0.0328
51.02	-0.0295
51.025	-0.0272
51.03	-0.0204
51.035	-0.0061
51.04	-0.0057
51.045	-0.0039
51.05	-0.0038
51.055	-0.0065
51.06	0.0014
51.065	0.0024
51.07	0.0009
51.075	0.012
51.08	0.0067
51.085	0.0078
51.09	0.0194
51.095	0.0163
51.1	0.0133
51.105	0.0137
51.11	0.0227
51.115	0.0146
51.12	0.0088
51.125	0.0086
51.13	0.0064
51.135	0.0093
51.14	0.0057
51.145	0.0164
51.15	0.017
51.155	0.0016
51.16	0.011
51.165	0.0076
51.17	-0.0016
51.175	0.0094
51.18	0.0086
51.185	0.0139
51.19	0.0097
51.195	0.0075
51.2	0.0199
51.205	0.013
51.21	0.0111
51.215	0.0071
51.22	0.0123
51.225	0.0205
51.23	0.0071
51.235	0.0182
51.24	0.011
51.245	0.0044
51.25	0.0214
51.255	-0.0002
51.26	-0.007
51.265	0.0083
51.27	0.0075
51.275	-0.0002
51.28	0.0018
51.285	0.0089
51.29	0.0074
51.295	0.0044
51.3	0.0039
51.305	0.0047
51.31	-0.0044
51.315	-0.0072
51.32	-0.009
51.325	-0.0072
51.33	-0.0153
51.335	-0.0191
51.34	-0.0073
51.345	-0.0248
51.35	-0.0128
51.355	-0.0071
51.36	-0.0168
51.365	-0.0075
51.37	-0.0124
51.375	0.0016
51.38	0.0087
51.385	0.0012
51.39	0.0038
51.395	0.0179
51.4	0.0097
51.405	0.0025
51.41	0.0179
51.415	0.0137
51.42	0.0127
51.425	0.0141
51.43	0.0186
51.435	0.0181
51.44	0.0182
51.445	0.0167
51.45	0.0187
51.455	0.0342
51.46	0.0213
51.465	0.0208
51.47	0.0293
51.475	0.0208
51.48	0.0295
51.485	0.0255
51.49	0.0173
51.495	0.0263
51.5	0.0207
51.505	0.0156
51.51	0.0141
51.515	0.0132
51.52	0.012
51.525	-0.011
51.53	-0.021
51.535	-0.0101
51.54	-0.007
51.545	-0.0065
51.55	-0.0149
51.555	-0.0121
51.56	-0.0063
51.565	-0.0152
51.57	-0.0083
51.575	0.0007
51.58	-0.0096
51.585	-0.0087
51.59	0.0005
51.595	-0.0036
51.6	-0.0082
51.605	-0.011
51.61	-0.0026
51.615	0.0015
51.62	-0.0099
51.625	-0.0115
51.63	-0.0098
51.635	-0.0191
51.64	-0.0139
51.645	0.0002
51.65	-0.0081
51.655	-0.0119
51.66	-0.0062
51.665	-0.0092
51.67	-0.0149
51.675	-0.0062
51.68	-0.01
51.685	-0.0148
51.69	0.0127
51.695	0.0183
51.7	0.0158
51.705	0.0241
51.71	0.0256
51.715	0.0213
51.72	0.0212
51.725	0.0309
51.73	0.0245
51.735	0.0155
51.74	0.0198
51.745	0.0165
51.75	0.0108
51.755	0.0135
51.76	0.0203
51.765	0.0103
51.77	0.009
51.775	0.0161
51.78	0.0126
51.785	0.0201
51.79	0.0168
51.795	0.0139
51.8	0.0172
51.805	0.0172
51.81	0.0173
51.815	0.0205
51.82	0.022
51.825	0.0167
51.83	0.0202
51.835	0.0217
51.84	0.0141
51.845	0.0149
51.85	0.0294
51.855	0.0243
51.86	0.0203
51.865	0.0322
51.87	0.0262
51.875	0.0324
51.88	0.0382
51.885	0.0378
51.89	0.0444
51.895	0.0356
51.9	0.0385
51.905	0.0458
51.91	0.037
51.915	0.0339
51.92	0.0392
51.925	0.041
51.93	0.0324
51.935	0.0299
51.94	0.0362
51.945	0.0235
51.95	0.0089
51.955	0.0184
51.96	0.0149
51.965	0.0097
51.97	0.0115
51.975	-0.0048
51.98	0.0033
51.985	0.0107
51.99	-0.0033
51.995	0.0037
52	0.0077
52.005	-0.0025
52.01	0.0017
52.015	0.0103
52.02	0.0005
52.025	-0.014
52.03	-0.0118
52.035	-0.0003
52.04	0.0012
52.045	0.0012
52.05	0.0008
52.055	-0.0007
52.06	0.0003
52.065	0.0049
52.07	0.0118
52.075	0.0071
52.08	0.0034
52.085	0.0097
52.09	0.0098
52.095	0.0033
52.1	0.002
52.105	-0.0034
52.11	-0.0089
52.115	-0.011
52.12	-0.011
52.125	-0.0121
52.13	-0.0079
52.135	-0.0092
52.14	-0.0121
52.145	0.0033
52.15	0.0017
52.155	-0.0089
52.16	-0.0184
52.165	-0.0153
52.17	-0.0062
52.175	-0.0122
52.18	-0.0086
52.185	-0.0094
52.19	-0.0156
52.195	-0.0146
52.2	-0.0095
52.205	-0.0218
52.21	-0.0275
52.215	-0.0164
52.22	-0.0233
52.225	-0.028
52.23	-0.027
52.235	-0.0234
52.24	-0.0276
52.245	-0.0366
52.25	-0.0345
52.255	-0.031
52.26	-0.03
52.265	-0.0353
52.27	-0.0355
52.275	-0.0274
52.28	-0.0288
52.285	-0.0289
52.29	-0.0285
52.295	-0.0222
52.3	-0.0193
52.305	-0.0241
52.31	-0.0226
52.315	-0.0255
52.32	-0.0257
52.325	-0.0279
52.33	-0.035
52.335	-0.0436
52.34	-0.0429
52.345	-0.0453
52.35	-0.0606
52.355	-0.0588
52.36	-0.0548
52.365	-0.0647
52.37	-0.0641
52.375	-0.0505
52.38	-0.0563
52.385	-0.0613
52.39	-0.0382
52.395	-0.0398
52.4	-0.046
52.405	-0.0258
52.41	-0.0279
52.415	-0.0322
52.42	-0.0171
52.425	-0.0247
52.43	-0.0293
52.435	-0.0212
52.44	-0.0277
52.445	-0.0273
52.45	-0.0202
52.455	-0.0208
52.46	-0.0206
52.465	-0.0235
52.47	-0.0251
52.475	-0.0126
52.48	-0.0142
52.485	-0.0217
52.49	-0.0104
52.495	-0.0026
52.5	-0.0077
52.505	-0.0116
52.51	-0.002
52.515	-0.0064
52.52	-0.0167
52.525	-0.0024
52.53	0.0105
52.535	-0.0006
52.54	-0.0099
52.545	0.007
52.55	0.0025
52.555	-0.0056
52.56	-0.0041
52.565	-0.0086
52.57	-0.0037
52.575	-0.0097
52.58	-0.0165
52.585	-0.0046
52.59	-0.0008
52.595	-0.0074
52.6	-0.0046
52.605	-0.0111
52.61	0.0005
52.615	0.0153
52.62	0.004
52.625	-0.0053
52.63	-0.0048
52.635	0.0024
52.64	0.0017
52.645	0.009
52.65	0.0086
52.655	-0.0071
52.66	0.0027
52.665	0.0017
52.67	-0.0123
52.675	-0.0038
52.68	0.003
52.685	-0.0008
52.69	-0.0019
52.695	0.0043
52.7	0.0033
52.705	0.0103
52.71	0.0053
52.715	-0.0073
52.72	-0.0025
52.725	-0.013
52.73	-0.0089
52.735	-0.0112
52.74	-0.028
52.745	-0.0198
52.75	-0.0235
52.755	-0.0342
52.76	-0.0279
52.765	-0.029
52.77	-0.0331
52.775	-0.0281
52.78	-0.0158
52.785	-0.0165
52.79	-0.0215
52.795	-0.0082
52.8	-0.0047
52.805	-0.0048
52.81	-0.0069
52.815	-0.0022
52.82	0.0069
52.825	-0.0066
52.83	0.0041
52.835	0.0163
52.84	-0.003
52.845	-0.0107
52.85	-0.0031
52.855	-0.0037
52.86	-0.0121
52.865	-0.0058
52.87	-0.0045
52.875	-0.0112
52.88	-0.004
52.885	0.0028
52.89	-0.0026
52.895	0.0034
52.9	0.0092
52.905	-0.0029
52.91	0.0042
52.915	0.0059
52.92	0.0017
52.925	0.0042
52.93	-0.0051
52.935	-0.0028
52.94	-0.0047
52.945	-0.0102
52.95	-0.0063
52.955	-0.0083
52.96	-0.0139
52.965	-0.0133
52.97	-0.0139
52.975	-0.0173
52.98	-0.0047
52.985	-0.0058
52.99	-0.0101
52.995	-0.0021
53	-0.0005
53.005	0.0032
53.01	0.0037
53.015	0.0036
53.02	-0.0021
53.025	-0.0046
53.03	0.0011
53.035	0.0072
53.04	0.0162
53.045	0.0102
53.05	0.0163
53.055	0.0282
53.06	0.0173
53.065	0.0188
53.07	0.028
53.075	0.0293
53.08	0.0233
53.085	0.0267
53.09	0.0232
53.095	0.0106
53.1	0.022
53.105	0.0175
53.11	0.0085
53.115	0.0149
53.12	0.009
53.125	0.0147
53.13	0.0015
53.135	-0.0032
53.14	0.0087
53.145	0.0025
53.15	0.0203
53.155	0.0181
53.16	0.0076
53.165	0.0093
53.17	0.0114
53.175	0.0246
53.18	0.0213
53.185	0.009
53.19	0.0223
53.195	0.0347
53.2	0.0154
53.205	0.0171
53.21	0.0297
53.215	0.0139
53.22	0.0195
53.225	0.0204
53.23	0.012
53.235	0.0154
53.24	0.0047
53.245	0.0047
53.25	0.0019
53.255	0.0013
53.26	0.0029
53.265	-0.0116
53.27	-0.0128
53.275	-0.007
53.28	-0.0117
53.285	-0.0156
53.29	-0.0194
53.295	-0.0142
53.3	-0.0159
53.305	-0.0282
53.31	-0.0125
53.315	-0.0147
53.32	-0.0273
53.325	-0.0121
53.33	-0.0153
53.335	-0.017
53.34	-0.0094
53.345	-0.0163
53.35	-0.0139
53.355	-0.0059
53.36	-0.0107
53.365	-0.0155
53.37	-0.0141
53.375	-0.011
53.38	-0.008
53.385	-0.0065
53.39	-0.0033
53.395	0.0029
53.4	0.0067
53.405	0.0018
53.41	0.0045
53.415	0.014
53.42	0.0217
53.425	0.0199
53.43	0.0223
53.435	0.0322
53.44	0.0248
53.445	0.032
53.45	0.0343
53.455	0.0293
53.46	0.0293
53.465	0.0208
53.47	0.0288
53.475	0.0198
53.48	0.0134
53.485	0.0202
53.49	0.0094
53.495	0.0069
53.5	0.0106
53.505	0.0092
53.51	0.0056
53.515	0.0076
53.52	0.0086
53.525	-0.0002
53.53	-0.0006
53.535	0.0093
53.54	0.016
53.545	0.0179
53.55	0.0166
53.555	0.022
53.56	0.0212
53.565	0.0196
53.57	0.0239
53.575	0.025
53.58	0.0281
53.585	0.0318
53.59	0.0292
53.595	0.0335
53.6	0.0385
53.605	0.0365
53.61	0.0378
53.615	0.0346
53.62	0.0448
53.625	0.0361
53.63	0.0255
53.635	0.0399
53.64	0.0292
53.645	0.0246
53.65	0.0478
53.655	0.0419
53.66	0.0207
53.665	0.0225
53.67	0.0169
53.675	0.0107
53.68	0.0147
53.685	0.011
53.69	0.0072
53.695	0.0095
53.7	0.0123
53.705	0.0103
53.71	0.0059
53.715	0.0116
53.72	0.016
53.725	0.0056
53.73	0.0071
53.735	0.0111
53.74	0.0038
53.745	0.0046
53.75	0.001
53.755	-0.0045
53.76	-0.0049
53.765	-0.0088
53.77	-0.0141
53.775	-0.022
53.78	-0.026
53.785	-0.0208
53.79	-0.0221
53.795	-0.0314
53.8	-0.0377
53.805	-0.0362
53.81	-0.0347
53.815	-0.0439
53.82	-0.0346
53.825	-0.0245
53.83	-0.0323
53.835	-0.0265
53.84	-0.02
53.845	-0.0237
53.85	-0.0257
53.855	-0.0185
53.86	-0.016
53.865	-0.025
53.87	-0.0253
53.875	-0.0248
53.88	-0.0293
53.885	-0.0235
53.89	-0.0234
53.895	-0.0316
53.9	-0.029
53.905	-0.0304
53.91	-0.0346
53.915	-0.0288
53.92	-0.0297
53.925	-0.032
53.93	-0.0234
53.935	-0.0289
53.94	-0.0351
53.945	-0.0293
53.95	-0.0352
53.955	-0.0384
53.96	-0.0352
53.965	-0.0364
53.97	-0.0387
53.975	-0.0412
53.98	-0.0387
53.985	-0.0416
53.99	-0.0315
53.995	-0.0227
54	-0.0358
54.005	-0.0265
54.01	-0.0185
54.015	-0.0313
54.02	-0.0297
54.025	-0.036
54.03	-0.0399
54.035	-0.0106
54.04	-0.0078
54.045	-0.0238
54.05	-0.0225
54.055	-0.0205
54.06	-0.0139
54.065	-0.0127
54.07	-0.0279
54.075	-0.0305
54.08	-0.026
54.085	-0.0368
54.09	-0.0318
54.095	-0.0339
54.1	-0.0422
54.105	-0.0398
54.11	-0.0451
54.115	-0.0417
54.12	-0.0365
54.125	-0.0446
54.13	-0.0478
54.135	-0.0428
54.14	-0.0444
54.145	-0.037
54.15	-0.0381
54.155	-0.0468
54.16	-0.0561
54.165	-0.0663
54.17	-0.0528
54.175	-0.0521
54.18	-0.0623
54.185	-0.0523
54.19	-0.041
54.195	-0.0458
54.2	-0.0446
54.205	-0.0282
54.21	-0.018
54.215	-0.0185
54.22	-0.0113
54.225	0.0072
54.23	0.0036
54.235	0.0058
54.24	0.0224
54.245	0.03
54.25	0.0304
54.255	0.0338
54.26	0.0401
54.265	0.0359
54.27	0.0328
54.275	0.0332
54.28	0.0375
54.285	0.0224
54.29	0.0353
54.295	0.0367
54.3	0.0231
54.305	0.0542
54.31	0.0347
54.315	0.0325
54.32	0.0515
54.325	0.0346
54.33	0.0422
54.335	0.0458
54.34	0.0412
54.345	0.0459
54.35	0.0491
54.355	0.0493
54.36	0.0461
54.365	0.0442
54.37	0.0511
54.375	0.054
54.38	0.0486
54.385	0.0474
54.39	0.0508
54.395	0.052
54.4	0.0448
54.405	0.0495
54.41	0.0489
54.415	0.049
54.42	0.0548
54.425	0.0404
54.43	0.0539
54.435	0.0562
54.44	0.0439
54.445	0.0514
54.45	0.0546
54.455	0.0608
54.46	0.0548
54.465	0.0574
54.47	0.0579
54.475	0.058
54.48	0.0566
54.485	0.0473
54.49	0.0521
54.495	0.0476
54.5	0.0455
54.505	0.0483
54.51	0.0457
54.515	0.0494
54.52	0.0429
54.525	0.0306
54.53	0.0317
54.535	0.0321
54.54	0.0399
54.545	0.039
54.55	0.0367
54.555	0.0476
54.56	0.0347
54.565	0.0294
54.57	0.0389
54.575	0.0344
54.58	0.0323
54.585	0.0265
54.59	0.0238
54.595	0.0208
54.6	0.0115
54.605	0.0172
54.61	0.0182
54.615	0.0084
54.62	0.0006
54.625	0.0062
54.63	0.0103
54.635	-0.0063
54.64	-0.0011
54.645	0.0066
54.65	-0.0014
54.655	0.0074
54.66	0.0064
54.665	-0.0047
54.67	-0.0209
54.675	-0.0182
54.68	-0.0023
54.685	-0.0258
54.69	-0.0272
54.695	-0.0084
54.7	-0.0242
54.705	-0.0245
54.71	-0.0115
54.715	-0.0281
54.72	-0.0291
54.725	-0.0121
54.73	-0.026
54.735	-0.0333
54.74	-0.0212
54.745	-0.0178
54.75	-0.0208
54.755	-0.0245
54.76	-0.0157
54.765	-0.009
54.77	-0.0166
54.775	-0.0195
54.78	-0.0202
54.785	-0.019
54.79	-0.0167
54.795	-0.0271
54.8	-0.0293
54.805	-0.0265
54.81	-0.0313
54.815	-0.0416
54.82	-0.0415
54.825	-0.0325
54.83	-0.0431
54.835	-0.0413
54.84	-0.0313
54.845	-0.0329
54.85	-0.0258
54.855	-0.026
54.86	-0.0245
54.865	-0.0189
54.87	-0.0248
54.875	-0.0253
54.88	-0.019
54.885	-0.0155
54.89	-0.0217
54.895	-0.018
54.9	-0.0085
54.905	-0.0065
54.91	-0.018
54.915	-0.0148
54.92	-0.0021
54.925	-0.0159
54.93	-0.0135
54.935	-0.0161
54.94	-0.0199
54.945	-0.0142
54.95	-0.023
54.955	-0.0012
54.96	-0.0118
54.965	-0.0281
54.97	0.0012
54.975	-0.0122
54.98	-0.0171
54.985	-0.0058
54.99	-0.0072
54.995	-0.0066
55	-0.0091
55.005	-0.0063
55.01	-0.0081
55.015	-0.0081
55.02	-0.0058
55.025	-0.0144
55.03	-0.0255
55.035	-0.0119
55.04	-0.0005
55.045	-0.014
55.05	-0.0142
55.055	-0.01
55.06	-0.0254
55.065	-0.0254
55.07	-0.0169
55.075	-0.0253
55.08	-0.0294
55.085	-0.0193
55.09	-0.0107
55.095	-0.0081
55.1	-0.0053
55.105	-0.0017
55.11	0.0092
55.115	0.0082
55.12	0.0097
55.125	0.0126
55.13	0.0165
55.135	0.0332
55.14	0.0341
55.145	0.0386
55.15	0.0536
55.155	0.0599
55.16	0.0496
55.165	0.0446
55.17	0.0455
55.175	0.0418
55.18	0.042
55.185	0.0426
55.19	0.0427
55.195	0.0346
55.2	0.0387
55.205	0.0411
55.21	0.028
55.215	0.033
55.22	0.0419
55.225	0.0286
55.23	0.0268
55.235	0.0366
55.24	0.0274
55.245	0.0266
55.25	0.0283
55.255	0.027
55.26	0.0216
55.265	0.0132
55.27	0.0241
55.275	0.0212
55.28	0.0128
55.285	0.0179
55.29	0.0062
55.295	0.0073
55.3	0.0103
55.305	-0.0017
55.31	0.0023
55.315	-0.0007
55.32	-0.0044
55.325	0.0004
55.33	-0.0055
55.335	-0.0051
55.34	-0.0006
55.345	-0.006
55.35	-0.0028
55.355	-0.0071
55.36	-0.0044
55.365	0.0015
55.37	-0.0108
55.375	-0.0052
55.38	-0.0012
55.385	0.0041
55.39	0.0188
55.395	0.0062
55.4	0.0062
55.405	0.0181
55.41	0.0077
55.415	0.0094
55.42	0.0057
55.425	-0.0023
55.43	-0.0026
55.435	0.0005
55.44	0.0071
55.445	0.0023
55.45	0.0015
55.455	0.0013
55.46	-0.0005
55.465	0.0031
55.47	0.0062
55.475	0.0076
55.48	0.0014
55.485	-0.0008
55.49	0.0024
55.495	0.0071
55.5	-0.0006
55.505	-0.0035
55.51	-0.0017
55.515	-0.0185
55.52	-0.0177
55.525	-0.0171
55.53	-0.0203
55.535	-0.0031
55.54	0.0026
55.545	-0.005
55.55	-0.0073
55.555	-0.0079
55.56	-0.0128
55.565	-0.0177
55.57	-0.0077
55.575	0.0001
55.58	-0.0068
55.585	-0.0114
55.59	-0.0092
55.595	-0.0049
55.6	-0.0108
55.605	-0.0136
55.61	-0.0132
55.615	-0.0166
55.62	-0.0128
55.625	-0.0073
55.63	-0.0105
55.635	-0.0097
55.64	0.0063
55.645	0.0068
55.65	0.0136
55.655	0.0054
55.66	-0.0098
55.665	-0.0005
55.67	-0.0094
55.675	-0.0173
55.68	-0.0223
55.685	-0.0291
55.69	-0.0331
55.695	-0.0246
55.7	-0.0324
55.705	-0.0552
55.71	-0.0333
55.715	-0.0272
55.72	-0.0427
55.725	-0.0291
55.73	-0.0208
55.735	-0.0244
55.74	-0.0228
55.745	-0.013
55.75	-0.0097
55.755	-0.0078
55.76	-0.0026
55.765	-0.0053
55.77	-0.0015
55.775	0.0027
55.78	0.0047
55.785	0.0014
55.79	-0.0043
55.795	0.0029
55.8	0.0038
55.805	-0.0101
55.81	-0.006
55.815	-0.0003
55.82	-0.0093
55.825	-0.0129
55.83	-0.009
55.835	-0.0017
55.84	-0.0085
55.845	0.0013
55.85	-0.0023
55.855	-0.0121
55.86	0.001
55.865	-0.0023
55.87	-0.0082
55.875	-0.0152
55.88	-0.0077
55.885	-0.0048
55.89	-0.0133
55.895	-0.0165
55.9	-0.0258
55.905	-0.027
55.91	-0.0356
55.915	-0.0222
55.92	-0.0241
55.925	-0.0408
55.93	-0.0147
55.935	-0.0213
55.94	-0.0256
55.945	-0.0114
55.95	-0.0195
55.955	-0.015
55.96	-0.0038
55.965	-0.0045
55.97	-0.0044
55.975	-0.0008
55.98	-0.001
55.985	0.0043
55.99	0.0103
55.995	0.0047
56	0.0025
56.005	0.0067
56.01	0.004
56.015	0.002
56.02	-0.009
56.025	-0.0246
56.03	-0.0162
56.035	-0.0027
56.04	-0.0015
56.045	-0.0036
56.05	-0.0056
56.055	0
56.06	0.0096
56.065	0.0065
56.07	0.0089
56.075	0.009
56.08	0.0081
56.085	0.0068
56.09	0.0052
56.095	0.0053
56.1	-0.0021
56.105	-0.0021
56.11	-0.0006
56.115	0.0017
56.12	0.0005
56.125	0.0057
56.13	0.0052
56.135	0.0019
56.14	0.0047
56.145	0.009
56.15	0.022
56.155	0.0188
56.16	0.0202
56.165	0.0127
56.17	0.0081
56.175	0.0211
56.18	0.0197
56.185	0.0194
56.19	0.0129
56.195	0.0085
56.2	0.0166
56.205	0.0136
56.21	0.0027
56.215	0.0109
56.22	0.0105
56.225	0.0015
56.23	0.0058
56.235	0.0135
56.24	0.016
56.245	0.0078
56.25	0.014
56.255	0.0196
56.26	0.0156
56.265	0.0221
56.27	0.0253
56.275	0.0085
56.28	0.0142
56.285	0.0431
56.29	0.0282
56.295	0.0294
56.3	0.0406
56.305	0.0287
56.31	0.0377
56.315	0.0336
56.32	0.0274
56.325	0.0339
56.33	0.0303
56.335	0.0253
56.34	0.0284
56.345	0.0239
56.35	0.0247
56.355	0.0318
56.36	0.0313
56.365	0.0292
56.37	0.0252
56.375	0.0289
56.38	0.0265
56.385	0.0257
56.39	0.0241
56.395	0.0171
56.4	0.0136
56.405	0.0152
56.41	0.0203
56.415	0.0026
56.42	0.0115
56.425	0.0277
56.43	0.0132
56.435	0.0118
56.44	0.0167
56.445	0.0235
56.45	0.014
56.455	0.0043
56.46	0.0108
56.465	0.0064
56.47	0.0027
56.475	0.0044
56.48	-0.0004
56.485	0.0042
56.49	0.0138
56.495	0.0112
56.5	0.013
56.505	0.0144
56.51	0.021
56.515	0.0198
56.52	0.0071
56.525	0.0103
56.53	0.019
56.535	0.0252
56.54	0.0294
56.545	0.0319
56.55	0.024
56.555	0.0183
56.56	0.0263
56.565	0.0322
56.57	0.0215
56.575	0.0168
56.58	0.0222
56.585	0.0195
56.59	0.0111
56.595	0.0046
56.6	0.002
56.605	-0.023
56.61	-0.0144
56.615	0.0022
56.62	-0.0165
56.625	-0.0128
56.63	-0.0155
56.635	-0.0107
56.64	0.0036
56.645	0.0074
56.65	0.0091
56.655	-0.0019
56.66	-0.0035
56.665	0.0033
56.67	0.0027
56.675	0.0103
56.68	0.0191
56.685	0.0182
56.69	0.0172
56.695	0.0142
56.7	0.0164
56.705	0.0137
56.71	0.0128
56.715	0.0103
56.72	0.0022
56.725	0.0042
56.73	0.0064
56.735	0.0037
56.74	0.0053
56.745	-0.0003
56.75	-0.0205
56.755	-0.0152
56.76	-0.0144
56.765	-0.0166
56.77	-0.0138
56.775	-0.0244
56.78	-0.0224
56.785	-0.0179
56.79	-0.0161
56.795	-0.0239
56.8	-0.03
56.805	-0.0234
56.81	-0.0215
56.815	-0.0276
56.82	-0.0247
56.825	-0.0117
56.83	-0.0193
56.835	-0.0304
56.84	-0.0108
56.845	-0.0129
56.85	-0.027
56.855	-0.0178
56.86	-0.0201
56.865	-0.0142
56.87	-0.0156
56.875	-0.0238
56.88	-0.0181
56.885	-0.0117
56.89	-0.0169
56.895	-0.0275
56.9	-0.0199
56.905	-0.0287
56.91	-0.0369
56.915	-0.0296
56.92	-0.0347
56.925	-0.0392
56.93	-0.0366
56.935	-0.0402
56.94	-0.0405
56.945	-0.0363
56.95	-0.0307
56.955	-0.0324
56.96	-0.0383
56.965	-0.0296
56.97	-0.0362
56.975	-0.0398
56.98	-0.0349
56.985	-0.0512
56.99	-0.0494
56.995	-0.0442
57	-0.053
57.005	-0.0568
57.01	-0.0549
57.015	-0.0515
57.02	-0.067
57.025	-0.0482
57.03	-0.0315
57.035	-0.0321
57.04	-0.0237
57.045	-0.0228
57.05	-0.0147
57.055	-0.0166
57.06	-0.0043
57.065	-0.0008
57.07	-0.0075
57.075	0.0011
57.08	0.0015
57.085	0.0026
57.09	-0.0023
57.095	-0.0042
57.1	0.0142
57.105	0.0107
57.11	0.0006
57.115	0.0098
57.12	0.014
57.125	0.0159
57.13	0.0131
57.135	0.0215
57.14	0.0321
57.145	0.0268
57.15	0.0133
57.155	0.0155
57.16	0.0269
57.165	0.0151
57.17	0.0083
57.175	0.0082
57.18	0.0042
57.185	0.0005
57.19	-0.003
57.195	-0.007
57.2	-0.0026
57.205	-0.002
57.21	-0.0099
57.215	-0.0023
57.22	0.0014
57.225	-0.0075
57.23	-0.0001
57.235	0.0072
57.24	-0.0013
57.245	0.0041
57.25	0.0114
57.255	0.0094
57.26	0.0062
57.265	0.0075
57.27	0.0151
57.275	0.0148
57.28	0.0168
57.285	0.0213
57.29	0.013
57.295	0.0092
57.3	0.0165
57.305	0.0041
57.31	-0.0028
57.315	0.0037
57.32	-0.0061
57.325	-0.0047
57.33	-0.0045
57.335	-0.0058
57.34	-0.006
57.345	-0.0022
57.35	0.0002
57.355	-0.002
57.36	0.0004
57.365	-0.0124
57.37	-0.0132
57.375	-0.0144
57.38	-0.0262
57.385	-0.0224
57.39	-0.0169
57.395	-0.0268
57.4	-0.0285
57.405	-0.015
57.41	-0.0173
57.415	-0.0143
57.42	-0.0039
57.425	-0.002
57.43	0.0018
57.435	0.0069
57.44	0.0186
57.445	0.0197
57.45	0.018
57.455	0.0279
57.46	0.0303
57.465	0.0257
57.47	0.0275
57.475	0.0293
57.48	0.0306
57.485	0.0306
57.49	0.0294
57.495	0.027
57.5	0.0216
57.505	0.0261
57.51	0.0124
57.515	-0.0005
57.52	0.0048
57.525	0.0067
57.53	0.0164
57.535	0.0261
57.54	0.0237
57.545	0.0243
57.55	0.0303
57.555	0.0237
57.56	0.0267
57.565	0.0365
57.57	0.0332
57.575	0.04
57.58	0.0415
57.585	0.0367
57.59	0.0416
57.595	0.0408
57.6	0.0372
57.605	0.0578
57.61	0.0624
57.615	0.0406
57.62	0.0479
57.625	0.0528
57.63	0.0469
57.635	0.0495
57.64	0.0543
57.645	0.0452
57.65	0.0312
57.655	0.0337
57.66	0.0308
57.665	0.0193
57.67	0.0145
57.675	0.0197
57.68	0.0295
57.685	0.0323
57.69	0.0293
57.695	0.0234
57.7	0.0249
57.705	0.0318
57.71	0.0235
57.715	0.0257
57.72	0.0333
57.725	0.0228
57.73	0.0341
57.735	0.0317
57.74	0.0128
57.745	0.0117
57.75	0.0035
57.755	0.0057
57.76	0.0046
57.765	0.0006
57.77	0.0114
57.775	0.0062
57.78	0.005
57.785	0.008
57.79	0.0004
57.795	0.0157
57.8	0.0199
57.805	0.0039
57.81	0.0094
57.815	0.0074
57.82	0.0035
57.825	0.007
57.83	0.0117
57.835	-0.0011
57.84	-0.0178
57.845	0.0039
57.85	0.0098
57.855	0.0044
57.86	0.0043
57.865	-0.0028
57.87	-0.0069
57.875	-0.0086
57.88	-0.0012
57.885	0.0072
57.89	-0.0029
57.895	-0.0118
57.9	-0.0021
57.905	-0.0052
57.91	-0.0121
57.915	-0.0029
57.92	-0.0027
57.925	-0.0071
57.93	-0.0101
57.935	-0.0209
57.94	-0.0178
57.945	-0.0096
57.95	-0.0048
57.955	-0.0109
57.96	-0.0227
57.965	-0.0188
57.97	-0.007
57.975	-0.0082
57.98	-0.0212
57.985	-0.0157
57.99	-0.0064
57.995	-0.018
58	-0.0278
58.005	-0.0297
58.01	-0.0314
58.015	-0.0317
58.02	-0.0384
58.025	-0.0348
58.03	-0.0286
58.035	-0.0295
58.04	-0.0319
58.045	-0.0416
58.05	-0.0323
58.055	-0.0221
58.06	-0.0357
58.065	-0.0485
58.07	-0.0345
58.075	-0.0202
58.08	-0.0381
58.085	-0.0376
58.09	-0.0356
58.095	-0.0439
58.1	-0.0283
58.105	-0.0275
58.11	-0.0391
58.115	-0.0274
58.12	-0.0278
58.125	-0.0505
58.13	-0.036
58.135	-0.0259
58.14	-0.0503
58.145	-0.0658
58.15	-0.0798
58.155	-0.0767
58.16	0.0124