t(s)	ag (m/s^2)
0	0.0002
0.02	-0.0001
0.04	0.0002
0.06	-0.0001
0.08	0.0002
0.1	-0.0001
0.12	0.0002
0.14	-0.0001
0.16	0.0002
0.18	-0.0001
0.2	0.0002
0.22	-0.0001
0.24	0.0002
0.26	-0.0001
0.28	0.0002
0.3	-0.0001
0.32	0.0001
0.34	-0.0001
0.36	0.0001
0.38	-0.0001
0.4	0.0001
0.42	-0.0001
0.44	0.0001
0.46	-0.0002
0.48	0.0001
0.5	-0.0002
0.52	0.0001
0.54	-0.0002
0.56	0.0001
0.58	-0.0002
0.6	0.0001
0.62	-0.0002
0.64	0.0001
0.66	-0.0002
0.68	0.0001
0.7	-0.0002
0.72	0.0001
0.74	-0.0002
0.76	0.0001
0.78	-0.0002
0.8	0.0001
0.82	-0.0002
0.84	0
0.86	-0.0002
0.88	0
0.9	-0.0002
0.92	0
0.94	-0.0002
0.96	0
0.98	-0.0003
1	0
1.02	-0.0003
1.04	0
1.06	-0.0003
1.08	0
1.1	-0.0003
1.12	0
1.14	-0.0003
1.16	0
1.18	-0.0003
1.2	0
1.22	-0.0003
1.24	0
1.26	-0.0003
1.28	-0.0001
1.3	-0.0003
1.32	-0.0001
1.34	-0.0003
1.36	-0.0001
1.38	-0.0003
1.4	-0.0001
1.42	-0.0004
1.44	-0.0001
1.46	-0.0004
1.48	-0.0001
1.5	-0.0004
1.52	-0.0001
1.54	-0.0004
1.56	-0.0001
1.58	-0.0004
1.6	-0.0001
1.62	-0.0004
1.64	-0.0001
1.66	-0.0004
1.68	-0.0001
1.7	-0.0004
1.72	-0.0001
1.74	-0.0004
1.76	-0.0001
1.78	-0.0004
1.8	-0.0001
1.82	-0.0004
1.84	-0.0002
1.86	-0.0004
1.88	-0.0002
1.9	-0.0004
1.92	-0.0002
1.94	-0.0004
1.96	-0.0002
1.98	-0.0004
2	-0.0002
2.02	-0.0004
2.04	-0.0002
2.06	-0.0004
2.08	-0.0002
2.1	-0.0004
2.12	-0.0002
2.14	-0.0004
2.16	-0.0002
2.18	-0.0004
2.2	-0.0002
2.22	-0.0004
2.24	-0.0002
2.26	-0.0004
2.28	-0.0002
2.3	-0.0004
2.32	-0.0002
2.34	-0.0004
2.36	-0.0002
2.38	-0.0004
2.4	-0.0002
2.42	-0.0004
2.44	-0.0002
2.46	-0.0004
2.48	-0.0001
2.5	-0.0004
2.52	-0.0001
2.54	-0.0004
2.56	-0.0001
2.58	-0.0004
2.6	-0.0001
2.62	-0.0004
2.64	-0.0001
2.66	-0.0004
2.68	-0.0001
2.7	-0.0004
2.72	-0.0001
2.74	-0.0004
2.76	-0.0001
2.78	-0.0003
2.8	-0.0001
2.82	-0.0003
2.84	0
2.86	-0.0003
2.88	0
2.9	-0.0003
2.92	0
2.94	-0.0003
2.96	0
2.98	-0.0003
3	0
3.02	-0.0002
3.04	0
3.06	-0.0002
3.08	0.0001
3.1	-0.0002
3.12	0.0001
3.14	-0.0002
3.16	0.0001
3.18	-0.0001
3.2	0.0001
3.22	-0.0001
3.24	0.0002
3.26	-0.0001
3.28	0.0002
3.3	-0.0001
3.32	0.0002
3.34	0
3.36	0.0003
3.38	0
3.4	0.0003
3.42	0
3.44	0.0003
3.46	0.0001
3.48	0.0003
3.5	0.0001
3.52	0.0004
3.54	0.0001
3.56	0.0004
3.58	0.0002
3.6	0.0005
3.62	0.0002
3.64	0.0005
3.66	0.0003
3.68	0.0005
3.7	0.0003
3.72	0.0006
3.74	0.0003
3.76	0.0006
3.78	0.0004
3.8	0.0007
3.82	0.0004
3.84	0.0007
3.86	0.0005
3.88	0.0007
3.9	0.0005
3.92	0.0008
3.94	0.0006
3.96	0.0008
3.98	0.0006
4	0.0009
4.02	0.0007
4.04	0.0009
4.06	0.0007
4.08	0.001
4.1	0.0008
4.12	0.001
4.14	0.0008
4.16	0.0011
4.18	0.0009
4.2	0.0011
4.22	0.0009
4.24	0.0012
4.26	0.001
4.28	0.0012
4.3	0.001
4.32	0.0013
4.34	0.0011
4.36	0.0013
4.38	0.0011
4.4	0.0014
4.42	0.0012
4.44	0.0015
4.46	0.0012
4.48	0.0015
4.5	0.0013
4.52	0.0016
4.54	0.0014
4.56	0.0016
4.58	0.0014
4.6	0.0017
4.62	0.0015
4.64	0.0017
4.66	0.0015
4.68	0.0018
4.7	0.0016
4.72	0.0018
4.74	0.0017
4.76	0.0019
4.78	0.0017
4.8	0.002
4.82	0.0018
4.84	0.002
4.86	0.0019
4.88	0.002
4.9	0.002
4.92	0.0021
4.94	0.0021
4.96	0.002
4.98	0.0023
5	-0.0009
5.02	-0.0019
5.04	-0.0016
5.06	-0.0021
5.08	-0.0014
5.1	-0.002
5.12	-0.0019
5.14	-0.002
5.16	-0.0018
5.18	-0.0024
5.2	-0.0019
5.22	-0.0019
5.24	-0.0014
5.26	-0.0024
5.28	-0.0012
5.3	-0.002
5.32	-0.0017
5.34	-0.0022
5.36	-0.0016
5.38	-0.0016
5.4	-0.0012
5.42	-0.0015
5.44	-0.0012
5.46	-0.0016
5.48	-0.0013
5.5	-0.0014
5.52	-0.0012
5.54	-0.0015
5.56	-0.0016
5.58	-0.0016
5.6	-0.0012
5.62	-0.0016
5.64	-0.0014
5.66	-0.0013
5.68	-0.0011
5.7	-0.0012
5.72	-0.001
5.74	-0.0013
5.76	-0.0009
5.78	-0.0009
5.8	-0.001
5.82	-0.001
5.84	-0.0004
5.86	-0.0009
5.88	-0.0008
5.9	-0.0011
5.92	-0.001
5.94	-0.0009
5.96	-0.0008
5.98	-0.0005
6	-0.0006
6.02	-0.0011
6.04	-0.0005
6.06	-0.0011
6.08	-0.0004
6.1	-0.0006
6.12	-0.0003
6.14	-0.0011
6.16	-0.0006
6.18	-0.0009
6.2	-0.0001
6.22	-0.0003
6.24	-0.0003
6.26	-0.0007
6.28	-0.0001
6.3	-0.0003
6.32	-0.0003
6.34	-0.0007
6.36	-0.0004
6.38	-0.0003
6.4	0.0001
6.42	-0.0002
6.44	-0.0003
6.46	-0.0007
6.48	0.0002
6.5	-0.0001
6.52	0.0001
6.54	-0.0003
6.56	-0.0001
6.58	-0.0006
6.6	0.0001
6.62	-0.0001
6.64	0.0001
6.66	0
6.68	-0.0002
6.7	-0.0006
6.72	0.0002
6.74	-0.0001
6.76	0.0002
6.78	-0.0001
6.8	0.0003
6.82	0.0003
6.84	0.0001
6.86	0.0002
6.88	0.0002
6.9	-0.0002
6.92	0.0005
6.94	0.0001
6.96	0
6.98	0.0001
7	0.0003
7.02	0
7.04	0
7.06	0.0004
7.08	0.0003
7.1	0.0001
7.12	0.0003
7.14	-0.0001
7.16	0.0004
7.18	0.0001
7.2	0.0001
7.22	0
7.24	0.0004
7.26	0.0002
7.28	0.0008
7.3	0.0002
7.32	0.0001
7.34	0
7.36	0.0005
7.38	0.0002
7.4	0
7.42	-0.0006
7.44	0.0002
7.46	0
7.48	0.0005
7.5	-0.0001
7.52	0.0004
7.54	0.0001
7.56	0.0002
7.58	0.0006
7.6	0.0002
7.62	0
7.64	0.0007
7.66	-0.0001
7.68	0.0002
7.7	0.0002
7.72	0.0004
7.74	0
7.76	0.0006
7.78	-0.0003
7.8	0.0002
7.82	-0.0002
7.84	0.0005
7.86	-0.0001
7.88	0.0002
7.9	0.0001
7.92	0.0001
7.94	0.0002
7.96	0.0003
7.98	0.0006
8	0.0006
8.02	0.0004
8.04	0.0004
8.06	0.0003
8.08	0.0004
8.1	-0.0001
8.12	0.0002
8.14	0.0002
8.16	0.0005
8.18	0.0004
8.2	0.0004
8.22	-0.0001
8.24	0.0002
8.26	0.0004
8.28	0.0006
8.3	-0.0001
8.32	0.0007
8.34	0.0003
8.36	0.0003
8.38	0
8.4	0.0006
8.42	0.0001
8.44	0.0005
8.46	0
8.48	0.0006
8.5	0.0005
8.52	0.0006
8.54	0.0003
8.56	0.0002
8.58	0.0001
8.6	0.0006
8.62	0.0003
8.64	0.0005
8.66	-0.0001
8.68	0.0003
8.7	-0.0001
8.72	0.0002
8.74	0
8.76	0.0008
8.78	0
8.8	0.0001
8.82	0.0003
8.84	0
8.86	0.0003
8.88	0.0003
8.9	0.0007
8.92	0.0005
8.94	-0.0003
8.96	0.0002
8.98	0.0001
9	0.0001
9.02	-0.0002
9.04	0.0006
9.06	0.0001
9.08	0.0003
9.1	0.0001
9.12	0.0006
9.14	-0.0001
9.16	0.0002
9.18	0.0003
9.2	-0.0001
9.22	-0.0001
9.24	0.0001
9.26	-0.0001
9.28	0.0001
9.3	-0.0005
9.32	0.0001
9.34	0
9.36	0.0001
9.38	0
9.4	0.0003
9.42	0
9.44	0.0001
9.46	-0.0002
9.48	0.0003
9.5	-0.0003
9.52	0.0001
9.54	-0.0005
9.56	-0.0002
9.58	0.0001
9.6	0.0002
9.62	0.0001
9.64	0.0001
9.66	-0.0007
9.68	0.0003
9.7	-0.0001
9.72	-0.0002
9.74	-0.0001
9.76	0
9.78	-0.0002
9.8	0.0004
9.82	-0.0003
9.84	-0.0001
9.86	-0.0001
9.88	0.0001
9.9	-0.0002
9.92	0
9.94	0.0001
9.96	0
9.98	0
10	-0.0002
10.02	-0.0002
10.04	0
10.06	-0.0002
10.08	-0.0004
10.1	-0.0004
10.12	0.0002
10.14	-0.0004
10.16	0.0001
10.18	-0.0002
10.2	-0.0001
10.22	0
10.24	0
10.26	0
10.28	0.0001
10.3	-0.0002
10.32	0.0002
10.34	-0.0004
10.36	0.0003
10.38	-0.0004
10.4	0
10.42	-0.0003
10.44	-0.0001
10.46	-0.0003
10.48	0
10.5	-0.0002
10.52	-0.0001
10.54	-0.0003
10.56	0
10.58	-0.0002
10.6	-0.0004
10.62	0.0001
10.64	-0.0001
10.66	-0.0005
10.68	0
10.7	-0.0001
10.72	0.0003
10.74	-0.0001
10.76	-0.0002
10.78	0
10.8	0.0002
10.82	0
10.84	0.0002
10.86	-0.0001
10.88	-0.0001
10.9	-0.0001
10.92	0.0006
10.94	0.0002
10.96	0.0003
10.98	0.0001
11	0.0004
11.02	-0.0004
11.04	0
11.06	-0.0004
11.08	0.0001
11.1	0.0001
11.12	-0.0001
11.14	-0.0001
11.16	0.0001
11.18	-0.0002
11.2	0.0003
11.22	-0.0002
11.24	0.0002
11.26	-0.0002
11.28	-0.0001
11.3	0
11.32	0
11.34	-0.0001
11.36	0.0003
11.38	0
11.4	-0.0003
11.42	-0.0005
11.44	-0.0002
11.46	-0.0001
11.48	0.0001
11.5	-0.0002
11.52	0.0006
11.54	-0.0006
11.56	-0.0002
11.58	-0.0002
11.6	-0.0004
11.62	-0.0002
11.64	0
11.66	-0.0001
11.68	0.0002
11.7	0.0001
11.72	0
11.74	-0.0004
11.76	0.0004
11.78	-0.0003
11.8	0.0002
11.82	0
11.84	0.0002
11.86	-0.0003
11.88	0.0002
11.9	-0.0002
11.92	0.0004
11.94	0.0001
11.96	0
11.98	0
12	0.0005
12.02	-0.0003
12.04	-0.0001
12.06	0
12.08	-0.0001
12.1	-0.0003
12.12	0.0001
12.14	0
12.16	-0.0003
12.18	0.0001
12.2	-0.0005
12.22	-0.0004
12.24	0.0005
12.26	-0.0006
12.28	-0.0002
12.3	0.0002
12.32	0.0002
12.34	-0.0001
12.36	0.0003
12.38	0.0003
12.4	0
12.42	0
12.44	0.0003
12.46	-0.0002
12.48	0
12.5	-0.0002
12.52	0.0002
12.54	-0.0003
12.56	0.0001
12.58	-0.0005
12.6	-0.0001
12.62	0.0001
12.64	0.0001
12.66	-0.0002
12.68	-0.0003
12.7	0.0002
12.72	0.0001
12.74	-0.0002
12.76	0
12.78	-0.0002
12.8	0.0003
12.82	0.0001
12.84	0
12.86	-0.0002
12.88	0
12.9	0
12.92	0
12.94	-0.0003
12.96	0
12.98	-0.0003
13	0.0001
13.02	-0.0001
13.04	0.0002
13.06	0.0001
13.08	-0.0002
13.1	-0.0001
13.12	0.0002
13.14	0
13.16	0.0002
13.18	-0.0002
13.2	0
13.22	0
13.24	0.0001
13.26	0
13.28	0.0002
13.3	-0.0003
13.32	0.0003
13.34	-0.0003
13.36	0
13.38	-0.0003
13.4	0.0004
13.42	-0.0002
13.44	0.0004
13.46	0
13.48	0.0003
13.5	0.0002
13.52	0.0003
13.54	-0.0002
13.56	0.0001
13.58	-0.0002
13.6	0.0003
13.62	-0.0002
13.64	0.0005
13.66	0
13.68	0.0003
13.7	0.0001
13.72	-0.0003
13.74	-0.0001
13.76	0.0001
13.78	-0.0002
13.8	0
13.82	-0.0004
13.84	0.0002
13.86	-0.0001
13.88	0.0002
13.9	0.0001
13.92	0.0003
13.94	0
13.96	0.0002
13.98	-0.0002
14	0.0006
14.02	-0.0002
14.04	0.0001
14.06	0.0002
14.08	-0.0001
14.1	-0.0003
14.12	-0.0002
14.14	-0.0001
14.16	0.0002
14.18	-0.0002
14.2	0
14.22	-0.0003
14.24	0.0004
14.26	0.0003
14.28	-0.0002
14.3	0.0001
14.32	-0.0003
14.34	-0.0002
14.36	0
14.38	-0.0002
14.4	-0.0001
14.42	-0.0002
14.44	0.0002
14.46	-0.0005
14.48	0.0002
14.5	-0.0002
14.52	0.0003
14.54	-0.0002
14.56	0
14.58	-0.0004
14.6	0.0001
14.62	0
14.64	0.0004
14.66	-0.0002
14.68	0.0002
14.7	0.0001
14.72	0.0002
14.74	0.0002
14.76	0.0001
14.78	-0.0002
14.8	0.0002
14.82	0
14.84	0.0001
14.86	0.0001
14.88	0
14.9	0
14.92	0.0001
14.94	-0.0003
14.96	0.0004
14.98	0.0001
15	0.0001
15.02	-0.0002
15.04	0.0003
15.06	-0.0001
15.08	0.0001
15.1	0
15.12	-0.0001
15.14	0
15.16	0.0001
15.18	-0.0003
15.2	0.0002
15.22	-0.0002
15.24	0
15.26	0
15.28	0
15.3	0.0001
15.32	0.0003
15.34	-0.0001
15.36	0.0001
15.38	-0.0001
15.4	0.0001
15.42	0
15.44	-0.0002
15.46	-0.0004
15.48	-0.0001
15.5	-0.0001
15.52	0.0003
15.54	-0.0001
15.56	-0.0003
15.58	-0.0001
15.6	0.0002
15.62	0.0002
15.64	0
15.66	0.0003
15.68	0.0003
15.7	-0.0003
15.72	-0.0002
15.74	0
15.76	0.0002
15.78	0
15.8	0.0003
15.82	-0.0003
15.84	0
15.86	-0.0004
15.88	0.0003
15.9	0
15.92	0.0002
15.94	-0.0001
15.96	0.0002
15.98	-0.0001
16	0.0003
16.02	0.0002
16.04	-0.0001
16.06	0
16.08	0.0005
16.1	0.0002
16.12	0.0001
16.14	0
16.16	-0.0004
16.18	-0.0001
16.2	0.0001
16.22	0.0001
16.24	0.0003
16.26	0
16.28	0.0004
16.3	0
16.32	0.0003
16.34	0.0001
16.36	-0.0001
16.38	-0.0003
16.4	0.0003
16.42	-0.0003
16.44	0.0004
16.46	-0.0003
16.48	0
16.5	-0.0002
16.52	-0.0001
16.54	-0.0003
16.56	0.0002
16.58	-0.0003
16.6	0.0001
16.62	-0.0002
16.64	-0.0001
16.66	-0.0001
16.68	0.0001
16.7	0
16.72	-0.0001
16.74	-0.0003
16.76	0.0003
16.78	0.0002
16.8	0.0003
16.82	-0.0001
16.84	0
16.86	0.0002
16.88	0.0004
16.9	-0.0004
16.92	0.0002
16.94	-0.0005
16.96	0.0001
16.98	-0.0001
17	-0.0002
17.02	-0.0001
17.04	0.0004
17.06	0
17.08	0.0002
17.1	-0.0002
17.12	0.0003
17.14	0.0001
17.16	0.0002
17.18	0
17.2	0.0002
17.22	-0.0003
17.24	-0.0001
17.26	-0.0003
17.28	0
17.3	-0.0002
17.32	0
17.34	-0.0004
17.36	0.0003
17.38	-0.0004
17.4	0
17.42	-0.0001
17.44	0.0002
17.46	0.0003
17.48	-0.0001
17.5	-0.0001
17.52	-0.0003
17.54	0.0001
17.56	0
17.58	0
17.6	-0.0003
17.62	0.0001
17.64	0.0001
17.66	-0.0001
17.68	0
17.7	0.0001
17.72	0.0002
17.74	-0.0003
17.76	0.0002
17.78	0.0001
17.8	-0.0002
17.82	0.0001
17.84	0.0001
17.86	-0.0002
17.88	0.0002
17.9	-0.0001
17.92	0.0005
17.94	-0.0002
17.96	0
17.98	0.0002
18	-0.0002
18.02	-0.0002
18.04	0.0002
18.06	-0.0001
18.08	0.0002
18.1	0
18.12	-0.0001
18.14	0.0002
18.16	0
18.18	0.0001
18.2	-0.0004
18.22	-0.0001
18.24	0.0001
18.26	-0.0001
18.28	0.0002
18.3	-0.0004
18.32	0
18.34	0.0001
18.36	0
18.38	-0.0006
18.4	0.0003
18.42	-0.0001
18.44	-0.0002
18.46	0.0002
18.48	0
18.5	-0.0002
18.52	-0.0002
18.54	-0.0002
18.56	-0.0003
18.58	-0.0002
18.6	-0.0002
18.62	-0.0004
18.64	-0.0002
18.66	-0.0002
18.68	-0.0001
18.7	0.0002
18.72	0.0002
18.74	-0.0003
18.76	0.0004
18.78	-0.0001
18.8	-0.0001
18.82	0
18.84	-0.0001
18.86	-0.0001
18.88	0
18.9	0
18.92	0.0002
18.94	0
18.96	0
18.98	0
19	0.0002
19.02	-0.0002
19.04	0.0001
19.06	0
19.08	0.0004
19.1	-0.0001
19.12	0.0003
19.14	0.0004
19.16	0.0002
19.18	0.0001
19.2	0.0001
19.22	0
19.24	0.0001
19.26	0.0001
19.28	0.0001
19.3	0.0001
19.32	0.0004
19.34	-0.0002
19.36	0.0001
19.38	0
19.4	-0.0002
19.42	-0.0004
19.44	-0.0001
19.46	-0.0002
19.48	-0.0001
19.5	-0.0001
19.52	-0.0003
19.54	0.0002
19.56	0.0003
19.58	0.0001
19.6	0.0001
19.62	0.0001
19.64	0.0001
19.66	-0.0005
19.68	-0.0001
19.7	-0.0001
19.72	-0.0004
19.74	-0.0002
19.76	0.0001
19.78	-0.0002
19.8	0.0002
19.82	0
19.84	-0.0001
19.86	-0.0002
19.88	0.0003
19.9	0
19.92	-0.0003
19.94	-0.0001
19.96	0.0002
19.98	0.0001
20	0
20.02	-0.0001
20.04	0.0001
20.06	-0.0004
20.08	0.0006
20.1	-0.0003
20.12	-0.0002
20.14	-0.0001
20.16	0.0002
20.18	-0.0002
20.2	-0.0001
20.22	0
20.24	-0.0001
20.26	0
20.28	-0.0001
20.3	-0.0004
20.32	0.0004
20.34	-0.0002
20.36	0.0001
20.38	-0.0005
20.4	0
20.42	0
20.44	0
20.46	-0.0001
20.48	0.0006
20.5	-0.0001
20.52	0
20.54	-0.0001
20.56	0.0002
20.58	0.0002
20.6	0.0006
20.62	-0.0003
20.64	-0.0001
20.66	0.0002
20.68	0.0002
20.7	-0.0002
20.72	-0.0002
20.74	0.0004
20.76	0.0002
20.78	0
20.8	0.0005
20.82	-0.0003
20.84	0
20.86	-0.0004
20.88	-0.0001
20.9	-0.0001
20.92	-0.0001
20.94	-0.0003
20.96	0.0001
20.98	0
21	0.0003
21.02	-0.0001
21.04	-0.0001
21.06	-0.0001
21.08	0.0004
21.1	-0.0001
21.12	0.0001
21.14	-0.0001
21.16	0
21.18	-0.0001
21.2	0.0001
21.22	0.0001
21.24	-0.0003
21.26	0
21.28	-0.0001
21.3	-0.0005
21.32	0.0002
21.34	0.0004
21.36	0.0001
21.38	-0.0002
21.4	0.0004
21.42	-0.0005
21.44	0
21.46	-0.0003
21.48	0.0002
21.5	-0.0004
21.52	-0.0004
21.54	0.0001
21.56	-0.0001
21.58	0.0002
21.6	0.0005
21.62	0.0003
21.64	0.0006
21.66	0.0002
21.68	0
21.7	0.0001
21.72	0.0001
21.74	-0.0001
21.76	0.0001
21.78	0.0001
21.8	0
21.82	-0.0001
21.84	0.0001
21.86	0.0001
21.88	0.0001
21.9	-0.0004
21.92	0.0001
21.94	0
21.96	0
21.98	-0.0002
22	-0.0002
22.02	-0.0003
22.04	0
22.06	-0.0004
22.08	-0.0001
22.1	0.0003
22.12	0.0001
22.14	0
22.16	0.0005
22.18	-0.0004
22.2	0.0002
22.22	-0.0001
22.24	0.0001
22.26	-0.0002
22.28	-0.0001
22.3	0
22.32	0.0003
22.34	0.0001
22.36	0.0001
22.38	-0.0001
22.4	0.0002
22.42	-0.0005
22.44	0.0004
22.46	-0.0002
22.48	0.0001
22.5	0.0002
22.52	0.0001
22.54	-0.0005
22.56	0
22.58	0
22.6	-0.0002
22.62	-0.0003
22.64	-0.0004
22.66	-0.0001
22.68	0
22.7	-0.0001
22.72	0.0002
22.74	0
22.76	0.0003
22.78	-0.0002
22.8	0.0003
22.82	-0.0002
22.84	0.0006
22.86	-0.0002
22.88	0.0001
22.9	-0.0003
22.92	0.0003
22.94	0.0002
22.96	-0.0003
22.98	-0.0002
23	-0.0004
23.02	0.0001
23.04	-0.0003
23.06	0
23.08	0
23.1	-0.0004
23.12	0.0001
23.14	-0.0001
23.16	0.0002
23.18	0.0001
23.2	0.0005
23.22	-0.0001
23.24	-0.0001
23.26	0.0002
23.28	0.0001
23.3	-0.0002
23.32	0.0002
23.34	-0.0004
23.36	0.0002
23.38	0
23.4	0.0005
23.42	0
23.44	0.0005
23.46	0
23.48	0.0004
23.5	0
23.52	-0.0003
23.54	-0.0002
23.56	0.0002
23.58	-0.0003
23.6	0.0004
23.62	0.0001
23.64	0.0002
23.66	0.0002
23.68	0.0001
23.7	-0.0002
23.72	0.0004
23.74	0.0001
23.76	0.0001
23.78	0.0002
23.8	0
23.82	0
23.84	0.0003
23.86	-0.0001
23.88	-0.0002
23.9	0.0001
23.92	0
23.94	0.0002
23.96	-0.0002
23.98	0.0006
24	0.0001
24.02	0.0003
24.04	-0.0001
24.06	-0.0003
24.08	0.0001
24.1	0
24.12	0
24.14	-0.0007
24.16	0
24.18	-0.0002
24.2	0.0003
24.22	0
24.24	-0.0002
24.26	0
24.28	0.0002
24.3	0
24.32	0
24.34	-0.0004
24.36	0.0005
24.38	-0.0001
24.4	0
24.42	0
24.44	0.0001
24.46	-0.0002
24.48	0.0004
24.5	0.0004
24.52	0.0002
24.54	0.0002
24.56	0.0001
24.58	-0.0002
24.6	0
24.62	0.0001
24.64	0.0005
24.66	0
24.68	0.0001
24.7	-0.0001
24.72	0.0002
24.74	0.0002
24.76	0.0002
24.78	0.0002
24.8	0.0004
24.82	0.0002
24.84	0.0006
24.86	0.0005
24.88	0.0005
24.9	0.0001
24.92	0
24.94	-0.0001
24.96	0.0002
24.98	-0.0002
25	-0.0002
25.02	0.0002
25.04	-0.0001
25.06	-0.0001
25.08	0.0002
25.1	-0.0003
25.12	-0.0002
25.14	-0.0003
25.16	0
25.18	-0.0003
25.2	0
25.22	-0.0001
25.24	0
25.26	0.0002
25.28	0.0002
25.3	-0.0002
25.32	0.0002
25.34	-0.0002
25.36	-0.0003
25.38	-0.0001
25.4	0.0003
25.42	-0.0003
25.44	-0.0001
25.46	-0.0003
25.48	-0.0001
25.5	0.0001
25.52	-0.0001
25.54	0
25.56	0.0001
25.58	0
25.6	-0.0004
25.62	-0.0001
25.64	0
25.66	0
25.68	-0.0002
25.7	0
25.72	-0.0005
25.74	-0.0001
25.76	0.0002
25.78	-0.0001
25.8	-0.0001
25.82	-0.0004
25.84	0.0001
25.86	-0.0004
25.88	0.0002
25.9	0
25.92	-0.0001
25.94	0
25.96	-0.0002
25.98	0.0001
26	0
26.02	-0.0003
26.04	0.0005
26.06	0.0002
26.08	-0.0001
26.1	-0.0002
26.12	0
26.14	-0.0005
26.16	0.0002
26.18	-0.0002
26.2	-0.0002
26.22	-0.0002
26.24	-0.0002
26.26	0
26.28	0.0003
26.3	0
26.32	-0.0004
26.34	-0.0002
26.36	0
26.38	-0.0001
26.4	0.0001
26.42	-0.0002
26.44	-0.0001
26.46	-0.0005
26.48	-0.0001
26.5	0
26.52	0
26.54	-0.0002
26.56	-0.0003
26.58	0.0003
26.6	0
26.62	0
26.64	0.0002
26.66	0.0002
26.68	0.0003
26.7	-0.0003
26.72	-0.0001
26.74	0
26.76	0.0002
26.78	0.0001
26.8	0.0001
26.82	-0.0001
26.84	-0.0001
26.86	0
26.88	0.0002
26.9	-0.0002
26.92	-0.0002
26.94	-0.0002
26.96	0.0002
26.98	-0.0001
27	0
27.02	0.0002
27.04	0.0001
27.06	-0.0003
27.08	0
27.1	0.0001
27.12	0.0004
27.14	0.0001
27.16	0.0002
27.18	0
27.2	0.0005
27.22	-0.0001
27.24	0.0002
27.26	-0.0003
27.28	-0.0002
27.3	-0.0002
27.32	-0.0002
27.34	-0.0004
27.36	0
27.38	-0.0001
27.4	-0.0002
27.42	0.0001
27.44	0.0004
27.46	-0.0001
27.48	0.0001
27.5	-0.0002
27.52	-0.0001
27.54	-0.0002
27.56	0.0003
27.58	0.0001
27.6	0.0001
27.62	0.0001
27.64	-0.0003
27.66	-0.0003
27.68	0.0002
27.7	0.0001
27.72	-0.0002
27.74	0.0001
27.76	0.0002
27.78	0.0002
27.8	0.0002
27.82	0
27.84	0.0001
27.86	0
27.88	-0.0001
27.9	0
27.92	-0.0002
27.94	0.0002
27.96	0.0001
27.98	-0.0002
28	0.0003
28.02	0.0002
28.04	0.0002
28.06	0.0004
28.08	0.0001
28.1	0.0004
28.12	-0.0001
28.14	-0.0004
28.16	0
28.18	-0.0002
28.2	-0.0002
28.22	0.0005
28.24	0.0005
28.26	0.0001
28.28	-0.0003
28.3	0.0002
28.32	0.0001
28.34	0.0001
28.36	0.0001
28.38	0
28.4	0
28.42	0.0001
28.44	0.0005
28.46	0.0003
28.48	0.0001
28.5	0.0001
28.52	-0.0001
28.54	0.0001
28.56	0.0004
28.58	0.0003
28.6	0
28.62	0.0003
28.64	0.0003
28.66	0
28.68	-0.0001
28.7	0.0001
28.72	-0.0001
28.74	0
28.76	0.0002
28.78	-0.0002
28.8	0.0001
28.82	0.0002
28.84	-0.0001
28.86	0.0001
28.88	0
28.9	-0.0001
28.92	-0.0002
28.94	-0.0003
28.96	-0.0003
28.98	0.0001
29	0.0001
29.02	0.0001
29.04	0.0001
29.06	-0.0002
29.08	0.0001
29.1	-0.0002
29.12	-0.0001
29.14	0
29.16	-0.0002
29.18	0.0001
29.2	0.0001
29.22	-0.0005
29.24	-0.0001
29.26	0.0001
29.28	0.0004
29.3	0
29.32	0.0005
29.34	-0.0001
29.36	-0.0004
29.38	-0.0003
29.4	-0.0002
29.42	0.0001
29.44	0.0001
29.46	-0.0004
29.48	0.0001
29.5	-0.0002
29.52	-0.0001
29.54	-0.0003
29.56	-0.0001
29.58	-0.0002
29.6	-0.0002
29.62	-0.0005
29.64	-0.0002
29.66	-0.0003
29.68	-0.0002
29.7	-0.0002
29.72	0
29.74	-0.0002
29.76	0
29.78	-0.0002
29.8	0
29.82	-0.0002
29.84	0
29.86	0
29.88	-0.0004
29.9	0
29.92	-0.0001
29.94	0
29.96	0.0004
29.98	-0.0003
30	-0.0008
30.02	-0.0001
30.04	-0.0005
30.06	-0.0004
30.08	-0.0005
30.1	0.0002
30.12	-0.0001
30.14	-0.0004
30.16	-0.0002
30.18	0.0002
30.2	0.0001
30.22	-0.0002
30.24	0.0002
30.26	0
30.28	-0.0003
30.3	-0.0001
30.32	-0.0003
30.34	-0.0003
30.36	-0.0005
30.38	-0.0003
30.4	0
30.42	-0.0001
30.44	-0.0001
30.46	0
30.48	-0.0004
30.5	-0.0005
30.52	-0.0004
30.54	-0.0002
30.56	0.0001
30.58	0
30.6	-0.0003
30.62	-0.0005
30.64	-0.0003
30.66	0.0002
30.68	0.0001
30.7	-0.0002
30.72	-0.0005
30.74	0.0002
30.76	-0.0003
30.78	0
30.8	-0.0002
30.82	0.0002
30.84	0.0001
30.86	-0.0002
30.88	-0.0001
30.9	0
30.92	0.0002
30.94	-0.0001
30.96	0
30.98	0
31	-0.0001
31.02	-0.0003
31.04	-0.0005
31.06	0
31.08	0
31.1	0.0001
31.12	0
31.14	0.0003
31.16	0.0004
31.18	0.0001
31.2	0
31.22	0.0002
31.24	-0.0001
31.26	0.0001
31.28	0.0002
31.3	0.0002
31.32	-0.0001
31.34	0.0002
31.36	0.0005
31.38	-0.0001
31.4	0.0002
31.42	0.0002
31.44	0.0001
31.46	0.0001
31.48	0.0002
31.5	-0.0001
31.52	0.0002
31.54	-0.0004
31.56	0.0002
31.58	0.0003
31.6	0.0001
31.62	-0.0004
31.64	0.0001
31.66	0.0002
31.68	0.0001
31.7	0.0001
31.72	-0.0003
31.74	0
31.76	0.0004
31.78	-0.0003
31.8	0
31.82	0.0005
31.84	0.0001
31.86	0.0004
31.88	-0.0001
31.9	0.0004
31.92	0.0003
31.94	0
31.96	-0.0003
31.98	0.0004
32	0.0002
32.02	0.0002
32.04	0.0001
32.06	0
32.08	-0.0002
32.1	0.0003
32.12	0.0002
32.14	0.0002
32.16	0.0004
32.18	0.0003
32.2	-0.0004
32.22	0.0002
32.24	0
32.26	0.0004
32.28	0.0003
32.3	0.0001
32.32	0.0004
32.34	0.0001
32.36	-0.0002
32.38	0.0004
32.4	0.0002
32.42	-0.0001
32.44	0.0001
32.46	0.0002
32.48	0.0006
32.5	0
32.52	0
32.54	0.0001
32.56	0.0002
32.58	0.0007
32.6	0.0004
32.62	0.0006
32.64	0.0003
32.66	0.0004
32.68	-0.0001
32.7	-0.0001
32.72	0.0003
32.74	0.0002
32.76	0.0002
32.78	-0.0002
32.8	-0.0003
32.82	0.0001
32.84	-0.0003
32.86	0
32.88	0.0001
32.9	-0.0001
32.92	0.0004
32.94	-0.0004
32.96	-0.0002
32.98	0
33	-0.0001
33.02	0.0002
33.04	-0.0002
33.06	0.0003
33.08	-0.0001
33.1	0.0003
33.12	0
33.14	-0.0001
33.16	-0.0002
33.18	-0.0001
33.2	0.0002
33.22	0.0003
33.24	0
33.26	0
33.28	0
33.3	-0.0002
33.32	-0.0002
33.34	0.0002
33.36	0.0004
33.38	0
33.4	0.0001
33.42	0.0001
33.44	0
33.46	0
33.48	-0.0002
33.5	0.0002
33.52	-0.0003
33.54	0.0002
33.56	0
33.58	-0.0003
33.6	0
33.62	0
33.64	-0.0001
33.66	-0.0001
33.68	-0.0001
33.7	0.0001
33.72	0.0001
33.74	-0.0002
33.76	0
33.78	0.0001
33.8	-0.0003
33.82	-0.0001
33.84	-0.0001
33.86	-0.0001
33.88	-0.0007
33.9	-0.0001
33.92	0.0002
33.94	-0.0001
33.96	-0.0001
33.98	-0.0002
34	-0.0004
34.02	0.0001
34.04	-0.0002
34.06	-0.0005
34.08	-0.0005
34.1	-0.0005
34.12	-0.0003
34.14	-0.0001
34.16	-0.0004
34.18	-0.0002
34.2	-0.0003
34.22	-0.0003
34.24	-0.0006
34.26	0.0001
34.28	-0.0003
34.3	-0.0002
34.32	-0.0005
34.34	-0.0004
34.36	-0.0004
34.38	0
34.4	-0.0003
34.42	-0.0003
34.44	-0.0001
34.46	-0.0004
34.48	-0.0003
34.5	-0.0001
34.52	-0.0003
34.54	-0.0003
34.56	-0.0001
34.58	0.0002
34.6	-0.0004
34.62	-0.0003
34.64	-0.0004
34.66	-0.0001
34.68	-0.0004
34.7	-0.0003
34.72	-0.0004
34.74	0.0005
34.76	-0.0001
34.78	-0.0004
34.8	-0.0003
34.82	-0.0002
34.84	-0.0001
34.86	-0.0001
34.88	-0.0004
34.9	0.0002
34.92	-0.0001
34.94	0
34.96	-0.0004
34.98	0.0001
35	0.0002
35.02	-0.0001
35.04	-0.0001
35.06	0.0002
35.08	-0.0002
35.1	0.0003
35.12	0
35.14	0
35.16	0.0002
35.18	0
35.2	0.0002
35.22	0.0004
35.24	0.0001
35.26	0.0003
35.28	0.0002
35.3	0.0004
35.32	0.0003
35.34	0.0003
35.36	0.0001
35.38	0.0004
35.4	0.0005
35.42	0
35.44	0.0002
35.46	0.0003
35.48	-0.0002
35.5	0.0004
35.52	-0.0001
35.54	0.0004
35.56	0.0003
35.58	0.0002
35.6	0.0004
35.62	0.0008
35.64	0.0005
35.66	0.0006
35.68	-0.0002
35.7	0.0002
35.72	0.0004
35.74	0.0006
35.76	0.0006
35.78	0.0002
35.8	0.0001
35.82	0.0004
35.84	0.0002
35.86	0.0003
35.88	0.0004
35.9	0.0003
35.92	0.0001
35.94	0.0005
35.96	0.0004
35.98	0.0006
36	0.0003
36.02	0.0005
36.04	0.0005
36.06	0.0005
36.08	0.0003
36.1	0.0007
36.12	0.0001
36.14	0.0007
36.16	0.0003
36.18	0.0005
36.2	0.0005
36.22	0.0008
36.24	0.0004
36.26	0.0004
36.28	0.0005
36.3	0.0007
36.32	-0.0002
36.34	0.0004
36.36	0.0005
36.38	0.0008
36.4	0.0004
36.42	0.0007
36.44	0.0002
36.46	0.0006
36.48	0.0005
36.5	0.0006
36.52	0.0001
36.54	0.0006
36.56	0.0004
36.58	0.0005
36.6	0.0003
36.62	0.0005
36.64	0.0004
36.66	0.0005
36.68	0.0004
36.7	0.0006
36.72	0
36.74	0.0009
36.76	0.0005
36.78	0.0005
36.8	0.0005
36.82	0.0003
36.84	0.0003
36.86	0.0004
36.88	0.0001
36.9	0.0008
36.92	0.0003
36.94	0.0004
36.96	0.0003
36.98	0.0002
37	-0.0001
37.02	0.0003
37.04	0
37.06	0.0001
37.08	0
37.1	0.0003
37.12	0.0002
37.14	0.0003
37.16	-0.0004
37.18	0.0002
37.2	-0.0001
37.22	0.0002
37.24	0.0005
37.26	-0.0001
37.28	-0.0003
37.3	0.0001
37.32	0
37.34	0.0002
37.36	-0.0003
37.38	0
37.4	-0.0003
37.42	0.0002
37.44	-0.0001
37.46	0
37.48	-0.0003
37.5	-0.0003
37.52	-0.0005
37.54	-0.0003
37.56	-0.0004
37.58	-0.0007
37.6	0.0002
37.62	-0.0003
37.64	-0.0006
37.66	-0.0001
37.68	-0.0006
37.7	-0.0004
37.72	-0.001
37.74	-0.0003
37.76	-0.0007
37.78	-0.0005
37.8	-0.0007
37.82	-0.0004
37.84	-0.001
37.86	-0.0003
37.88	-0.0008
37.9	-0.0007
37.92	-0.0008
37.94	-0.0008
37.96	-0.0007
37.98	-0.0004
38	-0.001
38.02	-0.0002
38.04	-0.0008
38.06	-0.0003
38.08	-0.0007
38.1	-0.0007
38.12	-0.0008
38.14	-0.0003
38.16	-0.0009
38.18	-0.0008
38.2	-0.001
38.22	-0.0007
38.24	-0.0013
38.26	-0.0006
38.28	-0.0011
38.3	-0.0003
38.32	-0.0013
38.34	-0.0004
38.36	-0.0014
38.38	-0.0005
38.4	-0.0011
38.42	-0.0005
38.44	-0.0007
38.46	-0.0004
38.48	-0.0014
38.5	-0.0009
38.52	-0.0011
38.54	-0.0006
38.56	-0.0009
38.58	-0.0006
38.6	-0.0008
38.62	-0.0004
38.64	-0.0009
38.66	-0.0004
38.68	-0.0006
38.7	0
38.72	-0.0011
38.74	-0.0004
38.76	-0.0008
38.78	-0.0002
38.8	-0.0002
38.82	-0.0003
38.84	-0.0008
38.86	-0.0003
38.88	-0.0007
38.9	0.0004
38.92	-0.0005
38.94	0
38.96	-0.0002
38.98	-0.0002
39	-0.0005
39.02	0
39.04	0
39.06	0.0002
39.08	-0.0002
39.1	0.0002
39.12	-0.0004
39.14	0.0002
39.16	0
39.18	0.0004
39.2	0.0004
39.22	0.0007
39.24	-0.0001
39.26	0.0009
39.28	0.0004
39.3	0.0009
39.32	0
39.34	0.0011
39.36	0.0001
39.38	0.001
39.4	0.0005
39.42	0.0013
39.44	0.0008
39.46	0.0011
39.48	0.0009
39.5	0.0013
39.52	0.0008
39.54	0.0011
39.56	0.0006
39.58	0.0013
39.6	0.001
39.62	0.001
39.64	0.0012
39.66	0.0018
39.68	0.001
39.7	0.0017
39.72	0.0006
39.74	0.0017
39.76	0.0012
39.78	0.0017
39.8	0.0014
39.82	0.0022
39.84	0.0009
39.86	0.0008
39.88	0.0016
39.9	0.0013
39.92	0.0016
39.94	0.0035
39.96	0.0029
39.98	0.0022
40	0.0001
40.02	0.0021
40.04	0.001
40.06	0.0017
40.08	0.0029
40.1	0.0022
40.12	0.001
40.14	0.0022
40.16	0.0023
40.18	0.0018
40.2	0.0013
40.22	0.0027
40.24	0.0018
40.26	0.0021
40.28	0.0015
40.3	0.0021
40.32	0.0017
40.34	0.0019
40.36	0.0017
40.38	0.003
40.4	0.0008
40.42	0.0019
40.44	0.0016
40.46	0.0022
40.48	0.0014
40.5	0.0022
40.52	0.001
40.54	0.0017
40.56	0.0007
40.58	0.0021
40.6	0.0009
40.62	0.002
40.64	0.0009
40.66	0.0012
40.68	0.0008
40.7	0.0016
40.72	0.0003
40.74	0.0015
40.76	0.0006
40.78	0.0011
40.8	0.0005
40.82	0.0012
40.84	0.0003
40.86	0.0005
40.88	0
40.9	0.0012
40.92	-0.0006
40.94	0.0005
40.96	-0.0002
40.98	0.0002
41	-0.0009
41.02	0.0002
41.04	-0.0015
41.06	-0.0001
41.08	-0.0008
41.1	-0.0004
41.12	-0.0016
41.14	0
41.16	-0.0015
41.18	-0.0009
41.2	-0.0019
41.22	-0.0008
41.24	-0.0017
41.26	-0.0016
41.28	-0.0028
41.3	-0.001
41.32	-0.0024
41.34	-0.0013
41.36	-0.0025
41.38	-0.0021
41.4	-0.0032
41.42	-0.0021
41.44	-0.0031
41.46	-0.0025
41.48	-0.0037
41.5	-0.0032
41.52	-0.004
41.54	-0.0031
41.56	-0.0041
41.58	-0.0036
41.6	-0.0044
41.62	-0.0034
41.64	-0.0049
41.66	-0.0043
41.68	-0.0056
41.7	-0.0043
41.72	-0.006
41.74	-0.0046
41.76	-0.006
41.78	-0.0045
41.8	-0.0058
41.82	-0.0051
41.84	-0.0067
41.86	-0.0058
41.88	-0.007
41.9	-0.0061
41.92	-0.0068
41.94	-0.006
41.96	-0.0073
41.98	-0.0061
42	-0.0076
42.02	-0.0063
42.04	-0.0078
42.06	-0.0065
42.08	-0.0083
42.1	-0.0069
42.12	-0.0083
42.14	-0.0071
42.16	-0.0081
42.18	-0.007
42.2	-0.0088
42.22	-0.0072
42.24	-0.0092
42.26	-0.0072
42.28	-0.0088
42.3	-0.0078
42.32	-0.0091
42.34	-0.0074
42.36	-0.0091
42.38	-0.0081
42.4	-0.0095
42.42	-0.008
42.44	-0.0096
42.46	-0.0081
42.48	-0.0096
42.5	-0.008
42.52	-0.0097
42.54	-0.0077
42.56	-0.0095
42.58	-0.0082
42.6	-0.0097
42.62	-0.0078
42.64	-0.0095
42.66	-0.0075
42.68	-0.0093
42.7	-0.0081
42.72	-0.01
42.74	-0.0079
42.76	-0.009
42.78	-0.0073
42.8	-0.0091
42.82	-0.0078
42.84	-0.009
42.86	-0.007
42.88	-0.0087
42.9	-0.0069
42.92	-0.0085
42.94	-0.0068
42.96	-0.0085
42.98	-0.0064
43	-0.0077
43.02	-0.0058
43.04	-0.0071
43.06	-0.0055
43.08	-0.0071
43.1	-0.0053
43.12	-0.0066
43.14	-0.0049
43.16	-0.0068
43.18	-0.004
43.2	-0.006
43.22	-0.0034
43.24	-0.0053
43.26	-0.0029
43.28	-0.0046
43.3	-0.002
43.32	-0.0046
43.34	-0.0019
43.36	-0.0033
43.38	-0.0012
43.4	-0.0028
43.42	-0.0001
43.44	-0.0018
43.46	0.0006
43.48	-0.001
43.5	0.0013
43.52	-0.0007
43.54	0.0017
43.56	0.0002
43.58	0.003
43.6	0.0009
43.62	0.0038
43.64	0.0016
43.66	0.0047
43.68	0.0027
43.7	0.006
43.72	0.0036
43.74	0.0066
43.76	0.0047
43.78	0.0072
43.8	0.005
43.82	0.0086
43.84	0.0063
43.86	0.0095
43.88	0.0074
43.9	0.0107
43.92	0.0086
43.94	0.012
43.96	0.0092
43.98	0.0128
44	0.0105
44.02	0.0138
44.04	0.0113
44.06	0.0152
44.08	0.0126
44.1	0.0164
44.12	0.0132
44.14	0.0174
44.16	0.0145
44.18	0.0184
44.2	0.0153
44.22	0.0196
44.24	0.0163
44.26	0.0209
44.28	0.0172
44.3	0.022
44.32	0.0186
44.34	0.0235
44.36	0.0194
44.38	0.0243
44.4	0.0205
44.42	0.0258
44.44	0.0212
44.46	0.0268
44.48	0.0222
44.5	0.0281
44.52	0.0234
44.54	0.0293
44.56	0.0243
44.58	0.0303
44.6	0.0248
44.62	0.0316
44.64	0.0255
44.66	0.0332
44.68	0.0261
44.7	0.0321
44.72	0.0249
44.74	0.0364
44.76	0.0297
44.78	0.0341
44.8	0.0239
44.82	0.0386
44.84	0.0317
44.86	0.0468
44.88	0.0174
44.9	0.0439
44.92	0.0277
44.94	0.0411
44.96	0.0313
44.98	0.0266
45	0.0244
45.02	0.0357
45.04	0.0392
45.06	0.0444
45.08	0.0346
45.1	0.0553
45.12	0.0124
45.14	0.0666
45.16	0.0163
45.18	0.0341
45.2	0.0209
45.22	0.0462
45.24	0.0432
45.26	0.0565
45.28	0.0264
45.3	0.016
45.32	0.086
45.34	-0.0509
45.36	0.0544
45.38	0.1247
45.4	-0.0206
45.42	0.0147
45.44	0.0511
45.46	0.0809
45.48	-0.0358
45.5	0.0475
45.52	0.0449
45.54	0.0557
45.56	0.0121
45.58	0.0428
45.6	0.0615
45.62	0.0235
45.64	-0.033
45.66	0.0424
45.68	0.0439
45.7	0.0285
45.72	0.0904
45.74	0.058
45.76	0.0411
45.78	0.0195
45.8	0.0014
45.82	0.0562
45.84	0.0135
45.86	0.008
45.88	-0.0594
45.9	0.0948
45.92	0.0703
45.94	-0.0087
45.96	0.0645
45.98	-0.0664
46	0.0763
46.02	-0.0244
46.04	0.0797
46.06	-0.0376
46.08	0.0696
46.1	0.0892
46.12	-0.0319
46.14	0.093
46.16	-0.1056
46.18	0.0362
46.2	-0.1036
46.22	0.0914
46.24	-0.0683
46.26	-0.0818
46.28	0.2404
46.3	-0.0827
46.32	-0.0266
46.34	0.1291
46.36	-0.0231
46.38	-0.1295
46.4	0.0196
46.42	0.1659
46.44	-0.0014
46.46	-0.0318
46.48	0.1177
46.5	-0.1011
46.52	-0.0421
46.54	0.0015
46.56	-0.0404
46.58	-0.0163
46.6	-0.2904
46.62	-0.0194
46.64	-0.2354
46.66	0.053
46.68	-0.1372
46.7	-0.2447
46.72	0.0012
46.74	-0.1581
46.76	0.209
46.78	0.2461
46.8	-0.3028
46.82	-0.1636
46.84	0.1583
46.86	0.0304
46.88	-0.4769
46.9	0.0909
46.92	-0.3339
46.94	-0.2414
46.96	0.0372
46.98	-0.2139
47	-0.2569
47.02	-0.1431
47.04	0.2429
47.06	-0.4397
47.08	-0.0172
47.1	0.0441
47.12	-0.1958
47.14	0.1756
47.16	0.0334
47.18	-0.2645
47.2	-0.4399
47.22	0.0791
47.24	-0.177
47.26	-0.1204
47.28	-0.6066
47.3	-0.1863
47.32	-0.3365
47.34	-0.8007
47.36	-0.0641
47.38	0.0405
47.4	0.7387
47.42	-0.577
47.44	0.3812
47.46	-0.0178
47.48	0.2573
47.5	0.2317
47.52	0.5508
47.54	0.7477
47.56	-0.4674
47.58	-1.6631
47.6	-1.2291
47.62	-1.498
47.64	-0.5469
47.66	-0.8998
47.68	-0.2085
47.7	2.5866
47.72	1.5308
47.74	-1.099
47.76	-2.0849
47.78	-1.0036
47.8	0.1979
47.82	0.743
47.84	0.1767
47.86	0.1377
47.88	0.1775
47.9	-2.3242
47.92	-0.9206
47.94	-0.1593
47.96	-0.9848
47.98	0.7522
48	-0.1509
48.02	-1.313
48.04	-1.103
48.06	-0.9132
48.08	-1.0236
48.1	-0.0192
48.12	1.1265
48.14	1.2578
48.16	0.3952
48.18	1.0935
48.2	0.4327
48.22	0.325
48.24	0.9395
48.26	1.6522
48.28	0.7091
48.3	0.0928
48.32	-1.7304
48.34	-1.3396
48.36	-1.3086
48.38	-3.0724
48.4	-0.7977
48.42	-2.1637
48.44	-2.3991
48.46	-1.186
48.48	-1.2584
48.5	-0.8037
48.52	-0.0572
48.54	0.6591
48.56	-1.375
48.58	0.5213
48.6	2.56
48.62	1.1781
48.64	1.1802
48.66	0.6313
48.68	2.6213
48.7	2.2584
48.72	2.79
48.74	3.4351
48.76	1.7907
48.78	1.9431
48.8	1.3659
48.82	2.1369
48.84	2.8418
48.86	3.2286
48.88	4.1938
48.9	3.5095
48.92	3.2067
48.94	3.4217
48.96	3.4034
48.98	3.4246
49	1.0624
49.02	-0.5251
49.04	-0.5914
49.06	-2.1019
49.08	-2.4691
49.1	-5.2653
49.12	-5.8239
49.14	-2.6552
49.16	-4.161
49.18	-2.1119
49.2	-0.7408
49.22	-2.0726
49.24	-2.9926
49.26	-0.8563
49.28	-2.8599
49.3	-2.1891
49.32	0.7336
49.34	5.5527
49.36	6.6659
49.38	7.9277
49.4	7.65
49.42	5.5868
49.44	6.3255
49.46	1.5027
49.48	-5.4663
49.5	-5.7401
49.52	-3.9174
49.54	-5.5737
49.56	-6.3715
49.58	-8.6273
49.6	-4.9337
49.62	-1.5254
49.64	4.4277
49.66	5.8465
49.68	4.5926
49.7	4.5943
49.72	9.092
49.74	8.5656
49.76	2.9704
49.78	-7.2545
49.8	-3.5436
49.82	0.2393
49.84	-2.6383
49.86	-7.656
49.88	-9.7331
49.9	-4.8576
49.92	-5.7167
49.94	-7.1534
49.96	-4.8415
49.98	-1.5394
50	-2.0978
50.02	-0.5134
50.04	2.2512
50.06	3.8995
50.08	3.3376
50.1	2.8437
50.12	0.7209
50.14	-0.1543
50.16	0.2199
50.18	-0.8523
50.2	-1.5604
50.22	-1.9783
50.24	-2.5863
50.26	-2.152
50.28	-1.639
50.3	0.1404
50.32	2.2134
50.34	3.0856
50.36	1.9329
50.38	2.1257
50.4	3.0963
50.42	2.968
50.44	2.4325
50.46	2.5104
50.48	2.6934
50.5	2.1505
50.52	1.7802
50.54	1.9775
50.56	3.2437
50.58	3.7547
50.6	3.7938
50.62	3.8264
50.64	3.691
50.66	2.1988
50.68	-1.2129
50.7	-0.5204
50.72	1.8504
50.74	-0.5454
50.76	-4.102
50.78	-6.0328
50.8	-1.5264
50.82	1.3257
50.84	0.0825
50.86	0.0504
50.88	0.8417
50.9	-0.3519
50.92	-1.4934
50.94	0.0983
50.96	0.8924
50.98	1.0875
51	0.3476
51.02	2.0005
51.04	4.0259
51.06	3.7219
51.08	0.989
51.1	-0.7387
51.12	-1.4534
51.14	-1.1308
51.16	-0.7126
51.18	-1.1584
51.2	-1.2538
51.22	-1.2197
51.24	-1.5669
51.26	-2.8097
51.28	-3.2289
51.3	-3.3698
51.32	-3.0337
51.34	-3.3789
51.36	-3.9282
51.38	-4.7432
51.4	-6.3017
51.42	-5.1754
51.44	-5.6117
51.46	-6.465
51.48	-4.9327
51.5	-4.6917
51.52	-6.4567
51.54	-4.651
51.56	-2.1715
51.58	1.9888
51.6	6.2111
51.62	6.7459
51.64	4.6629
51.66	4.2912
51.68	5.7748
51.7	6.3163
51.72	2.7798
51.74	0.4612
51.76	-0.7363
51.78	-0.2427
51.8	0.3726
51.82	0.3741
51.84	0.2673
51.86	0.7056
51.88	0.9707
51.9	2.3884
51.92	3.5662
51.94	2.8994
51.96	2.883
51.98	2.898
52	3.0102
52.02	2.6794
52.04	2.5397
52.06	2.4944
52.08	1.2768
52.1	0.1248
52.12	-0.2001
52.14	0.1403
52.16	-0.4597
52.18	-1.2218
52.2	0.1808
52.22	-0.8422
52.24	-1.3205
52.26	-1.4777
52.28	-1.6296
52.3	-1.2697
52.32	0.0548
52.34	0.4297
52.36	-1.4828
52.38	-2.5869
52.4	-1.3547
52.42	-1.6836
52.44	-0.3494
52.46	-2.5035
52.48	-3.2992
52.5	-1.1092
52.52	-1.4289
52.54	1.3572
52.56	3.4536
52.58	1.1593
52.6	1.599
52.62	2.4339
52.64	1.7877
52.66	2.2616
52.68	1.5827
52.7	0.9955
52.72	0.1899
52.74	-1.9008
52.76	-1.6632
52.78	0.1581
52.8	-0.9663
52.82	-1.8147
52.84	-2.4635
52.86	-3.5738
52.88	-1.8904
52.9	-1.1129
52.92	-0.7587
52.94	-0.3148
52.96	-1.6434
52.98	-2.0045
53	-1.8344
53.02	-1.2821
53.04	-1.2837
53.06	-0.7827
53.08	-0.4717
53.1	-0.5293
53.12	-0.9552
53.14	-0.6264
53.16	-0.3228
53.18	-0.4103
53.2	-0.9049
53.22	-1.0213
53.24	-0.7661
53.26	-0.7096
53.28	-0.8569
53.3	-1.7668
53.32	-2.9969
53.34	-2.8451
53.36	-1.2048
53.38	0.6213
53.4	1.0826
53.42	-1.0138
53.44	-1.6793
53.46	-0.8538
53.48	-1.2355
53.5	0.2655
53.52	2.5769
53.54	3.8341
53.56	4.4995
53.58	5.9878
53.6	5.7884
53.62	6.8451
53.64	7.2497
53.66	5.8979
53.68	3.2072
53.7	1.5909
53.72	1.3953
53.74	1.7948
53.76	1.732
53.78	1.4306
53.8	0.9377
53.82	0.639
53.84	0.0066
53.86	-0.7745
53.88	-0.9116
53.9	1.1549
53.92	1.4422
53.94	0.1508
53.96	-0.3112
53.98	-0.7877
54	-0.008
54.02	-0.0057
54.04	-0.3096
54.06	0.4562
54.08	-0.267
54.1	-1.2463
54.12	-1.425
54.14	-2.005
54.16	-2.9021
54.18	-2.4002
54.2	-4.0186
54.22	-4.9297
54.24	-4.4054
54.26	-3.9118
54.28	-3.8314
54.3	-2.8492
54.32	-0.3683
54.34	0.3038
54.36	-0.2841
54.38	-0.1114
54.4	0.3364
54.42	0.7686
54.44	1.318
54.46	1.025
54.48	1.5968
54.5	1.5846
54.52	0.2011
54.54	0.0254
54.56	0.061
54.58	0.3858
54.6	0.9243
54.62	0.6956
54.64	0.7223
54.66	0.7564
54.68	0.6051
54.7	1.029
54.72	0.6159
54.74	0.9562
54.76	0.7263
54.78	0.648
54.8	0.1674
54.82	0.4029
54.84	0.7049
54.86	-0.3477
54.88	-0.4143
54.9	-0.1921
54.92	-1.1266
54.94	0.1882
54.96	1.248
54.98	0.7195
55	1.3004
55.02	0.4494
55.04	0.0012
55.06	0.4862
55.08	0.8007
55.1	0.9736
55.12	0.8877
55.14	0.449
55.16	-0.6975
55.18	-0.6686
55.2	0.3092
55.22	-0.3291
55.24	-0.5301
55.26	-1.1851
55.28	0.119
55.3	-0.3305
55.32	-0.8683
55.34	-0.5136
55.36	0.0173
55.38	1.0682
55.4	0.9294
55.42	0.2372
55.44	0.1393
55.46	0.3186
55.48	0.0008
55.5	-0.7364
55.52	-0.3444
55.54	0.0495
55.56	0.2795
55.58	-0.2151
55.6	-0.4482
55.62	-0.5059
55.64	0.0477
55.66	0.6784
55.68	0.609
55.7	1.1872
55.72	1.3043
55.74	1.5862
55.76	1.6206
55.78	1.832
55.8	1.9253
55.82	1.6039
55.84	0.2386
55.86	-0.8501
55.88	-0.1281
55.9	-0.1622
55.92	-0.5252
55.94	-0.3483
55.96	0.2632
55.98	-0.388
56	-0.8777
56.02	-1.0613
56.04	-0.8416
56.06	-0.1551
56.08	-0.505
56.1	-0.2006
56.12	-1.1369
56.14	-1.5994
56.16	-2.6723
56.18	-1.9454
56.2	-1.9671
56.22	-1.031
56.24	1.5528
56.26	3.0267
56.28	2.1169
56.3	-0.0644
56.32	-0.1705
56.34	0.0555
56.36	0.0753
56.38	-0.2217
56.4	-0.101
56.42	0.7241
56.44	1.6346
56.46	1.4108
56.48	0.1806
56.5	-1.4518
56.52	-2.2306
56.54	-1.3062
56.56	-0.4492
56.58	-0.243
56.6	0.3959
56.62	0.6586
56.64	0.942
56.66	1.2881
56.68	1.2703
56.7	-0.4147
56.72	-2.0201
56.74	-2.6454
56.76	-2.8815
56.78	-1.8884
56.8	-2.0785
56.82	-2.2426
56.84	-1.1318
56.86	0.1921
56.88	0.7514
56.9	0.2015
56.92	-0.1668
56.94	-0.3126
56.96	-0.8352
56.98	-0.7378
57	-0.9208
57.02	-1.0232
57.04	-0.4234
57.06	-0.2195
57.08	-0.4934
57.1	-1.1728
57.12	-0.9791
57.14	-0.5384
57.16	0.1559
57.18	0.6382
57.2	-0.4696
57.22	-0.4059
57.24	0.2407
57.26	-0.048
57.28	-0.9431
57.3	-0.7231
57.32	-0.541
57.34	-0.298
57.36	-0.3646
57.38	-0.5205
57.4	-0.9683
57.42	-1.1976
57.44	-0.6797
57.46	-0.2126
57.48	0.7884
57.5	0.9213
57.52	0.2735
57.54	-0.1309
57.56	0.5085
57.58	0.9646
57.6	-0.0054
57.62	-0.1652
57.64	-0.588
57.66	-0.9134
57.68	-0.0351
57.7	0.8093
57.72	0.603
57.74	0.7821
57.76	1.3151
57.78	0.6941
57.8	-0.3097
57.82	-1.1232
57.84	-1.5144
57.86	-0.4996
57.88	0.6364
57.9	1.3966
57.92	1.784
57.94	1.9426
57.96	2.3558
57.98	2.6796
58	3.252
58.02	3.6599
58.04	3.6467
58.06	3.1122
58.08	1.8047
58.1	0.0841
58.12	-0.4741
58.14	0.2261
58.16	-0.0613
58.18	-0.8752
58.2	-1.6115
58.22	-2.0215
58.24	-3.0978
58.26	-3.0562
58.28	-1.4429
58.3	-0.5402
58.32	-0.5376
58.34	-0.8127
58.36	-0.5137
58.38	0.1296
58.4	0.3232
58.42	0.1589
58.44	-0.3433
58.46	-0.0062
58.48	0.7175
58.5	0.9954
58.52	1.1134
58.54	1.149
58.56	1.234
58.58	1.4291
58.6	1.4253
58.62	0.7447
58.64	0.7902
58.66	1.2602
58.68	1.8284
58.7	2.1726
58.72	2.5361
58.74	2.0194
58.76	0.789
58.78	-0.7746
58.8	-1.7584
58.82	-0.8728
58.84	-0.6304
58.86	-1.4572
58.88	-1.4676
58.9	-0.4318
58.92	0.3219
58.94	0.7264
58.96	1.2951
58.98	1.9412
59	1.5282
59.02	0.5735
59.04	0.095
59.06	-0.4141
59.08	-0.4011
59.1	-0.3938
59.12	-0.6844
59.14	-1.9965
59.16	-1.7562
59.18	-1.2863
59.2	-2.0603
59.22	-1.6623
59.24	-1.6346
59.26	-1.0099
59.28	-0.9984
59.3	-0.7055
59.32	-0.1928
59.34	-0.3892
59.36	-0.4479
59.38	0.1398
59.4	0.3223
59.42	-0.3932
59.44	-1.1476
59.46	0.2752
59.48	0.2282
59.5	0.3787
59.52	1.1033
59.54	1.0104
59.56	0.9419
59.58	0.6316
59.6	0.7091
59.62	0.1147
59.64	-0.2233
59.66	-0.0505
59.68	-0.4524
59.7	-0.1855
59.72	0.6067
59.74	-0.6117
59.76	-1.3908
59.78	-0.5001
59.8	-0.5998
59.82	-0.4697
59.84	0.743
59.86	1.0483
59.88	1.067
59.9	0.5927
59.92	0.3072
59.94	-0.2149
59.96	-0.89
59.98	-2.286
60	-2.4775
60.02	-1.8387
60.04	-1.9339
60.06	-1.7122
60.08	-0.9898
60.1	-0.2091
60.12	-0.6932
60.14	0.0475
60.16	1.755
60.18	1.9835
60.2	2.0582
60.22	0.9862
60.24	0.6121
60.26	-0.1811
60.28	-1.0566
60.3	-1.9095
60.32	-1.2179
60.34	-0.5448
60.36	-0.2465
60.38	1.177
60.4	2.1363
60.42	1.7752
60.44	0.2679
60.46	0.3881
60.48	0.452
60.5	-0.9207
60.52	-1.2105
60.54	-0.9332
60.56	-1.1999
60.58	-2.2883
60.6	-1.7083
60.62	0.0031
60.64	-1.0445
60.66	-1.0267
60.68	0.3737
60.7	0.9912
60.72	1.7598
60.74	2.4996
60.76	2.9804
60.78	3.4426
60.8	3.2215
60.82	3.3853
60.84	2.951
60.86	2.5465
60.88	2.2376
60.9	2.1026
60.92	2.0459
60.94	1.5419
60.96	1.0904
60.98	0.7563
61	0.7327
61.02	1.1265
61.04	-0.256
61.06	-1.1506
61.08	-1.8287
61.1	-2.716
61.12	-3.2098
61.14	-3.7616
61.16	-4.1946
61.18	-2.89
61.2	-3.6611
61.22	-3.8667
61.24	-3.293
61.26	-3.1765
61.28	-1.7123
61.3	-0.8179
61.32	-0.9403
61.34	-0.925
61.36	0.8883
61.38	0.8806
61.4	0.5712
61.42	1.5603
61.44	0.9198
61.46	0.1923
61.48	0.1932
61.5	0.0027
61.52	0.472
61.54	1.3216
61.56	1.6609
61.58	1.699
61.6	1.3797
61.62	0.3455
61.64	-0.5269
61.66	-0.6995
61.68	0.2556
61.7	0.8289
61.72	-0.1117
61.74	-0.7431
61.76	-1.1199
61.78	-0.3026
61.8	-0.5875
61.82	-1.7824
61.84	-1.4087
61.86	-1.2478
61.88	0.1932
61.9	1.4028
61.92	1.2746
61.94	0.3578
61.96	0.6704
61.98	1.2167
62	1.5795
62.02	0.9085
62.04	0.0752
62.06	-1.0968
62.08	-0.8829
62.1	0.2373
62.12	-0.2631
62.14	-0.7383
62.16	-1.5259
62.18	-1.5549
62.2	-1.0708
62.22	0.2628
62.24	2.1994
62.26	3.7736
62.28	3.459
62.3	2.1187
62.32	2.2064
62.34	3.1851
62.36	3.6755
62.38	3.5815
62.4	4.0785
62.42	3.5488
62.44	1.5279
62.46	-0.8406
62.48	-1.3644
62.5	-1.2207
62.52	-1.9513
62.54	-2.579
62.56	-2.9755
62.58	-1.4219
62.6	0.0777
62.62	0.0619
62.64	-1.0401
62.66	-0.7206
62.68	-0.8993
62.7	-1.5033
62.72	-0.6527
62.74	-0.9566
62.76	-1.3676
62.78	-1.0616
62.8	-1.6975
62.82	-1.7417
62.84	-1.5504
62.86	-1.4196
62.88	-1.1624
62.9	-0.9846
62.92	-1.2886
62.94	-0.9779
62.96	-0.837
62.98	-1.0574
63	-1.012
63.02	-0.84
63.04	-0.6436
63.06	-0.7233
63.08	0.3666
63.1	1.1179
63.12	1.7909
63.14	2.1995
63.16	1.9138
63.18	1.2462
63.2	0.7294
63.22	0.6101
63.24	0.4189
63.26	0.4697
63.28	0.8093
63.3	0.7078
63.32	0.9571
63.34	1.2589
63.36	1.103
63.38	0.4847
63.4	-0.2757
63.42	-0.9133
63.44	-0.8487
63.46	-0.5093
63.48	-0.8668
63.5	-0.0906
63.52	0.4573
63.54	1.1257
63.56	1.4568
63.58	1.8514
63.6	1.8799
63.62	1.3171
63.64	0.8305
63.66	0.1376
63.68	-0.4235
63.7	-0.6193
63.72	-0.1333
63.74	0.2288
63.76	-0.2071
63.78	0.1801
63.8	0.4401
63.82	-0.4398
63.84	-1.1663
63.86	-0.9562
63.88	-0.7655
63.9	-1.1478
63.92	-0.9394
63.94	-1.1034
63.96	-0.459
63.98	0.7153
64	1.1114
64.02	1.0085
64.04	1.0724
64.06	0.6624
64.08	-0.177
64.1	-1.4649
64.12	-1.2701
64.14	-0.4169
64.16	-0.2912
64.18	0.0323
64.2	0.7795
64.22	0.4331
64.24	-0.5203
64.26	-0.7425
64.28	-0.2618
64.3	-0.8954
64.32	-1.3802
64.34	-1.1628
64.36	-1.8768
64.38	-1.3337
64.4	-0.4895
64.42	-0.4368
64.44	-0.304
64.46	0.1895
64.48	0.5533
64.5	0.757
64.52	0.9917
64.54	1.1977
64.56	1.3508
64.58	1.1954
64.6	0.0072
64.62	-1.5032
64.64	-1.7105
64.66	-0.9618
64.68	-0.9542
64.7	-1.9921
64.72	-1.8684
64.74	-1.019
64.76	-0.8573
64.78	-0.4995
64.8	0.066
64.82	0.3935
64.84	-0.3164
64.86	-0.879
64.88	-0.8039
64.9	-0.712
64.92	0.031
64.94	0.7845
64.96	1.4943
64.98	2.102
65	2.1684
65.02	2.1557
65.04	1.7887
65.06	1.4695
65.08	1.0863
65.1	0.4826
65.12	0.0857
65.14	-0.2951
65.16	-0.1914
65.18	0.4239
65.2	0.5
65.22	0.4421
65.24	0.3908
65.26	0.2736
65.28	0.2714
65.3	0.5
65.32	0.7546
65.34	0.444
65.36	0.3002
65.38	-0.4084
65.4	-0.6113
65.42	-0.5389
65.44	-0.3161
65.46	0.1761
65.48	1.017
65.5	0.6674
65.52	-0.0684
65.54	-0.1162
65.56	-0.2528
65.58	-0.3895
65.6	-0.674
65.62	-0.2256
65.64	-0.0598
65.66	-0.3741
65.68	-0.5623
65.7	-1.0562
65.72	-0.8766
65.74	0.0962
65.76	0.6434
65.78	0.4175
65.8	-0.5961
65.82	-1.1942
65.84	-0.9942
65.86	-0.4222
65.88	-0.7599
65.9	-0.6947
65.92	-0.492
65.94	-0.3249
65.96	-0.2265
65.98	-0.3537
66	-0.4118
66.02	-0.493
66.04	-0.4293
66.06	-0.379
66.08	-0.4683
66.1	-0.4843
66.12	-0.2052
66.14	-0.2113
66.16	-0.4136
66.18	-0.1868
66.2	-0.4671
66.22	-1.0724
66.24	-1.2178
66.26	-1.0695
66.28	-1.3448
66.3	-1.7338
66.32	-1.4594
66.34	-0.5268
66.36	0.9745
66.38	1.6108
66.4	1.0506
66.42	1.1844
66.44	1.8262
66.46	1.686
66.48	1.3831
66.5	1.5356
66.52	1.4118
66.54	0.5304
66.56	-0.0271
66.58	0.5089
66.6	0.6204
66.62	0.086
66.64	-0.3492
66.66	-0.3186
66.68	0.1536
66.7	0.3715
66.72	1.1408
66.74	1.071
66.76	0.3938
66.78	0.3363
66.8	0.4645
66.82	0.6859
66.84	0.7
66.86	-0.009
66.88	-0.2443
66.9	-0.054
66.92	-0.3489
66.94	-0.7074
66.96	-0.9069
66.98	-1.2991
67	-0.9643
67.02	0.0342
67.04	0.5294
67.06	-0.1279
67.08	-0.6132
67.1	-0.0458
67.12	0.4296
67.14	0.5676
67.16	0.4044
67.18	-0.1472
67.2	-0.6954
67.22	-0.7888
67.24	-0.666
67.26	-0.0678
67.28	0.1392
67.3	0.0398
67.32	0.2776
67.34	0.2686
67.36	0.3055
67.38	-0.1031
67.4	-0.1493
67.42	0.1654
67.44	0.464
67.46	0.6953
67.48	0.9497
67.5	0.8023
67.52	0.3714
67.54	0.5346
67.56	0.9429
67.58	0.9641
67.6	0.7759
67.62	0.7284
67.64	0.7175
67.66	0.6403
67.68	0.5408
67.7	0.7298
67.72	0.8623
67.74	1.2461
67.76	1.3054
67.78	0.7693
67.8	-0.1521
67.82	-1.0404
67.84	-0.8403
67.86	-0.7417
67.88	-0.9381
67.9	-0.596
67.92	-0.3924
67.94	-0.5039
67.96	0.1009
67.98	0.2491
68	-0.452
68.02	-1.1673
68.04	-0.6559
68.06	0.0508
68.08	0.328
68.1	0.8428
68.12	1.1396
68.14	0.8431
68.16	0.3927
68.18	0.4308
68.2	0.404
68.22	0.4404
68.24	0.3089
68.26	0.0503
68.28	-0.1539
68.3	-0.0294
68.32	0.0863
68.34	-0.1311
68.36	-0.3096
68.38	-0.5547
68.4	-0.8714
68.42	-0.3746
68.44	0.3499
68.46	0.6529
68.48	1.0882
68.5	0.7803
68.52	-0.0302
68.54	-0.0181
68.56	-0.0542
68.58	0.1764
68.6	-0.0838
68.62	-0.399
68.64	-0.1377
68.66	-0.1072
68.68	0.1525
68.7	0.2714
68.72	-0.0302
68.74	-0.529
68.76	-0.6333
68.78	-0.3902
68.8	-0.3228
68.82	-0.2038
68.84	0.1307
68.86	0.122
68.88	-0.2184
68.9	-0.4372
68.92	-0.1287
68.94	0.4661
68.96	0.2973
68.98	0.0997
69	0.0823
69.02	-0.0808
69.04	-0.3944
69.06	-0.5845
69.08	-0.4971
69.1	-0.3564
69.12	-0.6404
69.14	-0.4424
69.16	-0.2573
69.18	-0.4704
69.2	-0.465
69.22	-0.4698
69.24	-0.3746
69.26	-0.2315
69.28	-0.1674
69.3	-0.1236
69.32	0.0309
69.34	0.0435
69.36	0.1472
69.38	0.2838
69.4	0.1353
69.42	-0.2929
69.44	-0.6158
69.46	-0.5315
69.48	-0.3736
69.5	-0.4709
69.52	-0.4247
69.54	-0.4046
69.56	-0.2887
69.58	-0.1038
69.6	-0.0611
69.62	-0.2652
69.64	-0.4023
69.66	-0.593
69.68	-0.8944
69.7	-0.9717
69.72	-0.954
69.74	-1.0024
69.76	-1.0369
69.78	-0.9971
69.8	-1.0538
69.82	-1.1831
69.84	-0.8901
69.86	-0.5848
69.88	-0.3163
69.9	0.0405
69.92	0.1277
69.94	0.0539
69.96	0.1641
69.98	0.174
70	0.1294
70.02	0.3507
70.04	0.5179
70.06	0.2418
70.08	-0.0859
70.1	-0.0838
70.12	-0.1178
70.14	-0.067
70.16	0.2535
70.18	0.4022
70.2	0.1485
70.22	-0.0527
70.24	-0.0213
70.26	-0.3017
70.28	-0.0252
70.3	-0.0084
70.32	-0.1776
70.34	-0.0051
70.36	0.1227
70.38	0.2165
70.4	-0.1482
70.42	-0.3181
70.44	-0.074
70.46	0.235
70.48	0.6539
70.5	0.6576
70.52	0.8249
70.54	0.8741
70.56	0.5945
70.58	0.7336
70.6	0.5317
70.62	0.2944
70.64	-0.0437
70.66	-0.1566
70.68	-0.3581
70.7	-0.6779
70.72	-0.9094
70.74	-1.2467
70.76	-1.2247
70.78	-1.2219
70.8	-0.6478
70.82	0.4667
70.84	0.6084
70.86	0.3956
70.88	0.4781
70.9	0.641
70.92	0.4271
70.94	0.0274
70.96	-0.1216
70.98	-0.15
71	-0.0079
71.02	0.1946
71.04	0.3312
71.06	0.4062
71.08	0.6895
71.1	0.9034
71.12	0.7814
71.14	0.9267
71.16	0.9862
71.18	0.9275
71.2	1.0456
71.22	1.1632
71.24	1.0263
71.26	0.6292
71.28	-0.0284
71.3	-0.3175
71.32	-0.047
71.34	-0.1214
71.36	-0.5177
71.38	-0.8342
71.4	-0.8189
71.42	-0.512
71.44	0.0904
71.46	0.6337
71.48	0.7365
71.5	0.8757
71.52	1.0299
71.54	0.9474
71.56	1.132
71.58	1.1907
71.6	1.3447
71.62	1.1555
71.64	0.7686
71.66	0.2731
71.68	-0.0337
71.7	-0.0423
71.72	-0.0133
71.74	-0.0476
71.76	-0.3238
71.78	-0.8775
71.8	-1.3035
71.82	-1.4705
71.84	-1.181
71.86	-0.5792
71.88	-0.3654
71.9	-0.6529
71.92	-0.7363
71.94	-0.4651
71.96	0.1457
71.98	0.7078
72	1.0147
72.02	0.9715
72.04	0.6498
72.06	0.4379
72.08	0.2116
72.1	0.0934
72.12	-0.0736
72.14	-0.1336
72.16	0.0649
72.18	0.1826
72.2	0.1829
72.22	0.3994
72.24	0.0691
72.26	-0.2539
72.28	-0.0363
72.3	0.5086
72.32	0.907
72.34	0.7067
72.36	0.3917
72.38	0.1561
72.4	0.3839
72.42	0.6628
72.44	0.3645
72.46	0.0703
72.48	-0.0281
72.5	-0.166
72.52	-0.3348
72.54	-0.0494
72.56	-0.0915
72.58	-0.2232
72.6	-0.2035
72.62	-0.0815
72.64	0.0644
72.66	0.2595
72.68	0.2534
72.7	-0.1436
72.72	-0.3733
72.74	-0.4817
72.76	-0.4376
72.78	-0.365
72.8	-0.2153
72.82	-0.155
72.84	-0.1214
72.86	0.0736
72.88	0.0903
72.9	-0.1817
72.92	-0.2785
72.94	-0.5646
72.96	-0.5693
72.98	-0.3276
73	-0.069
73.02	0.2234
73.04	0.3087
73.06	0.3991
73.08	0.4681
73.1	0.1426
73.12	0.0412
73.14	-0.2393
73.16	-0.6512
73.18	-0.6992
73.2	-0.727
73.22	-0.4534
73.24	-0.2073
73.26	-0.1121
73.28	0.1434
73.3	0.0793
73.32	-0.3148
73.34	-0.5449
73.36	-0.543
73.38	-0.4267
73.4	-0.3779
73.42	-0.4913
73.44	-0.615
73.46	-0.5334
73.48	-0.4337
73.5	-0.4895
73.52	-0.5111
73.54	-0.5307
73.56	-0.4711
73.58	-0.411
73.6	-0.2744
73.62	-0.2807
73.64	-0.2938
73.66	-0.1153
73.68	0.0303
73.7	0.1542
73.72	-0.0589
73.74	-0.2945
73.76	-0.4808
73.78	-0.4784
73.8	-0.3652
73.82	-0.3041
73.84	-0.2996
73.86	-0.2458
73.88	-0.2579
73.9	-0.2205
73.92	-0.0938
73.94	-0.1949
73.96	-0.4535
73.98	-0.5149
74	-0.2457
74.02	0.1039
74.04	0.077
74.06	0.0997
74.08	0.228
74.1	0.2259
74.12	0.29
74.14	0.2981
74.16	0.0888
74.18	-0.0332
74.2	-0.247
74.22	-0.4276
74.24	-0.3513
74.26	-0.2278
74.28	0.0566
74.3	0.3116
74.32	0.3951
74.34	0.2633
74.36	0.1207
74.38	0.1518
74.4	-0.0169
74.42	0.0125
74.44	0.0817
74.46	-0.0413
74.48	-0.115
74.5	-0.0599
74.52	0.1162
74.54	0.3021
74.56	0.4311
74.58	0.4575
74.6	0.4836
74.62	0.5359
74.64	0.6287
74.66	0.5568
74.68	0.6136
74.7	0.6308
74.72	0.5879
74.74	0.6071
74.76	0.5606
74.78	0.5727
74.8	0.6447
74.82	0.626
74.84	0.3778
74.86	0.1601
74.88	-0.1703
74.9	-0.18
74.92	0.0484
74.94	0.2721
74.96	0.3666
74.98	0.369
75	0.2683
75.02	0.2278
75.04	0.2511
75.06	0.1606
75.08	0.2017
75.1	0.2581
75.12	0.2878
75.14	0.2683
75.16	0.1741
75.18	0.1361
75.2	0.2
75.22	0.2366
75.24	0.2689
75.26	0.265
75.28	0.3271
75.3	0.426
75.32	0.4004
75.34	0.3671
75.36	0.2859
75.38	0.2093
75.4	0.2338
75.42	0.275
75.44	0.0717
75.46	-0.1233
75.48	-0.2328
75.5	-0.3407
75.52	-0.162
75.54	-0.0941
75.56	-0.2724
75.58	-0.2391
75.6	-0.2116
75.62	-0.2538
75.64	-0.1448
75.66	-0.2243
75.68	-0.2859
75.7	-0.2724
75.72	-0.2484
75.74	-0.0617
75.76	-0.0588
75.78	-0.0579
75.8	0.0626
75.82	0.0747
75.84	0.0013
75.86	-0.0091
75.88	-0.0835
75.9	-0.0947
75.92	-0.0843
75.94	-0.0375
75.96	0.058
75.98	0.0196
76	-0.0958
76.02	-0.1419
76.04	-0.0956
76.06	-0.1576
76.08	-0.0592
76.1	-0.092
76.12	-0.1229
76.14	-0.0677
76.16	-0.2337
76.18	-0.396
76.2	-0.3841
76.22	-0.4398
76.24	-0.3104
76.26	-0.4064
76.28	-0.5658
76.3	-0.511
76.32	-0.6305
76.34	-0.5304
76.36	-0.5029
76.38	-0.4978
76.4	-0.4223
76.42	-0.3176
76.44	-0.2859
76.46	-0.399
76.48	-0.2979
76.5	-0.0892
76.52	0.0425
76.54	0.0945
76.56	0.0577
76.58	-0.0747
76.6	-0.1017
76.62	-0.0278
76.64	-0.0446
76.66	0.0517
76.68	0.1836
76.7	0.2835
76.72	0.3334
76.74	0.26
76.76	0.1655
76.78	0.1288
76.8	-0.0105
76.82	-0.0208
76.84	-0.0736
76.86	0.0786
76.88	0.2854
76.9	0.285
76.92	0.1246
76.94	-0.077
76.96	-0.0208
76.98	0.0354
77	0.1671
77.02	0.0567
77.04	0.0936
77.06	0.0275
77.08	0.0392
77.1	0.0943
77.12	0.0966
77.14	-0.02
77.16	-0.1508
77.18	-0.3598
77.2	-0.4963
77.22	-0.4908
77.24	-0.2861
77.26	-0.1031
77.28	-0.1494
77.3	-0.0767
77.32	0.0157
77.34	-0.0289
77.36	0.0321
77.38	0.1199
77.4	0.2393
77.42	0.3534
77.44	0.3421
77.46	0.3824
77.48	0.2798
77.5	0.1677
77.52	0.2183
77.54	0.2585
77.56	0.035
77.58	0.1484
77.6	0.0116
77.62	0.0295
77.64	0.1688
77.66	0.2656
77.68	0.2044
77.7	0.1344
77.72	0.2217
77.74	0.1901
77.76	0.24
77.78	0.2904
77.8	0.2174
77.82	0.1567
77.84	0.1751
77.86	0.2084
77.88	0.1606
77.9	0.0898
77.92	-0.0279
77.94	-0.1356
77.96	-0.1453
77.98	-0.069
78	-0.1169
78.02	-0.1407
78.04	-0.1268
78.06	-0.2252
78.08	-0.2666
78.1	-0.3585
78.12	-0.4878
78.14	-0.4743
78.16	-0.5009
78.18	-0.4532
78.2	-0.273
78.22	-0.2697
78.24	-0.1092
78.26	0.022
78.28	0.0277
78.3	0.1085
78.32	0.2061
78.34	0.1689
78.36	0.236
78.38	0.3384
78.4	0.3098
78.42	0.3232
78.44	0.2379
78.46	0.0829
78.48	0.0826
78.5	0.0854
78.52	-0.0414
78.54	-0.2697
78.56	-0.3162
78.58	-0.3119
78.6	-0.1272
78.62	0.0574
78.64	0.1113
78.66	0.1312
78.68	0.0945
78.7	0.0861
78.72	0.0875
78.74	0.1411
78.76	0.0721
78.78	-0.0261
78.8	-0.1448
78.82	-0.1817
78.84	-0.1888
78.86	-0.3106
78.88	-0.1575
78.9	-0.0665
78.92	-0.1563
78.94	-0.0901
78.96	-0.0265
78.98	0.0009
79	0.0575
79.02	0.0834
79.04	0.0213
79.06	-0.0268
79.08	0.011
79.1	0.1197
79.12	0.0308
79.14	-0.0309
79.16	-0.0419
79.18	-0.0891
79.2	0.0375
79.22	0.1101
79.24	0.1207
79.26	0.0327
79.28	-0.0662
79.3	-0.0941
79.32	-0.0851
79.34	0.011
79.36	0.0117
79.38	-0.025
79.4	-0.0486
79.42	0.02
79.44	0.0457
79.46	0.0281
79.48	0.1556
79.5	0.1833
79.52	0.1043
79.54	0.0738
79.56	0.1142
79.58	0.1922
79.6	0.2272
79.62	0.3384
79.64	0.3328
79.66	0.2513
79.68	0.2425
79.7	0.3159
79.72	0.3604
79.74	0.2784
79.76	0.0872
79.78	-0.0919
79.8	-0.1442
79.82	-0.1856
79.84	-0.2249
79.86	-0.3302
79.88	-0.3953
79.9	-0.2464
79.92	0.0062
79.94	0.0916
79.96	0.1515
79.98	0.1463
80	0.0695
80.02	-0.0075
80.04	-0.0731
80.06	-0.2643
80.08	-0.3247
80.1	-0.3221
80.12	-0.1764
80.14	0.0911
80.16	0.1349
80.18	0.0528
80.2	0.0649
80.22	0.0265
80.24	0.0872
80.26	0.1618
80.28	0.2021
80.3	0.1992
80.32	0.2655
80.34	0.2096
80.36	0.0407
80.38	-0.0178
80.4	-0.0693
80.42	-0.2408
80.44	-0.2933
80.46	-0.2702
80.48	-0.2104
80.5	-0.1994
80.52	0.0165
80.54	0.2042
80.56	0.2723
80.58	0.2934
80.6	0.3706
80.62	0.3439
80.64	0.2047
80.66	0.303
80.68	0.2047
80.7	0.052
80.72	0.0703
80.74	-0.0904
80.76	-0.1296
80.78	-0.0421
80.8	-0.0275
80.82	0.024
80.84	0.0664
80.86	0.039
80.88	0.0123
80.9	0.0343
80.92	-0.0946
80.94	-0.2131
80.96	-0.2419
80.98	-0.2938
81	-0.2817
81.02	-0.1236
81.04	-0.0577
81.06	-0.0885
81.08	-0.0134
81.1	-0.0412
81.12	0.0491
81.14	0.1795
81.16	0.206
81.18	0.0377
81.2	0.0894
81.22	0.0765
81.24	0.1242
81.26	0.0505
81.28	0.1208
81.3	0.0214
81.32	0.2029
81.34	0.1632
81.36	0.211
81.38	0.3498
81.4	0.2262
81.42	0.262
81.44	0.103
81.46	0.0443
81.48	-0.047
81.5	-0.0225
81.52	-0.0791
81.54	-0.161
81.56	-0.2302
81.58	-0.2945
81.6	-0.3947
81.62	-0.3082
81.64	-0.2039
81.66	-0.1054
81.68	-0.1229
81.7	-0.1284
81.72	-0.0078
81.74	0.1829
81.76	0.2433
81.78	0.2183
81.8	-0.0255
81.82	-0.1845
81.84	-0.2625
81.86	-0.3595
81.88	-0.2096
81.9	-0.0512
81.92	0.0831
81.94	0.3047
81.96	0.2075
81.98	0.138
82	0.0861
82.02	0.0078
82.04	0.0407
82.06	0.1376
82.08	0.1255
82.1	0.2344
82.12	-0.043
82.14	-0.1429
82.16	-0.0766
82.18	-0.1238
82.2	-0.0391
82.22	0.0746
82.24	-0.037
82.26	-0.283
82.28	-0.3763
82.3	-0.455
82.32	-0.3824
82.34	-0.3636
82.36	-0.3473
82.38	-0.1834
82.4	-0.1004
82.42	-0.0223
82.44	0
82.46	0.0306
82.48	0.0945
82.5	0.1275
82.52	0.2608
82.54	0.3117
82.56	0.0821
82.58	0.066
82.6	-0.0112
82.62	-0.0147
82.64	0.0205
82.66	0.0287
82.68	-0.0972
82.7	-0.2271
82.72	-0.4188
82.74	-0.4454
82.76	-0.34
82.78	-0.3002
82.8	-0.149
82.82	-0.2262
82.84	-0.2993
82.86	-0.3417
82.88	-0.2245
82.9	-0.1777
82.92	-0.1494
82.94	-0.0693
82.96	-0.0764
82.98	-0.0013
83	0.2128
83.02	0.106
83.04	0.1836
83.06	0.1046
83.08	-0.0048
83.1	-0.1057
83.12	-0.2427
83.14	-0.2946
83.16	-0.2895
83.18	-0.2729
83.2	-0.27
83.22	-0.1383
83.24	0.0204
83.26	0.0287
83.28	-0.1226
83.3	-0.1962
83.32	-0.1072
83.34	-0.1141
83.36	-0.1071
83.38	-0.1542
83.4	-0.2679
83.42	-0.0765
83.44	0.1108
83.46	0.183
83.48	0.1755
83.5	0.1704
83.52	0.1217
83.54	0.0358
83.56	0.0283
83.58	-0.0731
83.6	-0.0162
83.62	0.0986
83.64	0.0748
83.66	0.1713
83.68	0.2535
83.7	0.204
83.72	0.2335
83.74	0.3188
83.76	0.428
83.78	0.4418
83.8	0.3187
83.82	0.2705
83.84	0.0791
83.86	-0.0173
83.88	0.0811
83.9	0.1194
83.92	0.236
83.94	0.2757
83.96	0.2967
83.98	0.3265
84	0.4243
84.02	0.4335
84.04	0.3172
84.06	0.0215
84.08	-0.1463
84.1	-0.1187
84.12	-0.0116
84.14	0.1245
84.16	0.328
84.18	0.2862
84.2	0.1639
84.22	0.1979
84.24	0.1795
84.26	0.1178
84.28	-0.0028
84.3	-0.1071
84.32	-0.1352
84.34	-0.0511
84.36	0.055
84.38	0.1257
84.4	0.0809
84.42	-0.0745
84.44	-0.1619
84.46	-0.1244
84.48	-0.072
84.5	-0.0491
84.52	-0.039
84.54	-0.017
84.56	0.1768
84.58	0.3134
84.6	0.2869
84.62	0.1734
84.64	-0.0349
84.66	-0.0068
84.68	-0.0762
84.7	-0.1796
84.72	-0.2202
84.74	-0.3132
84.76	-0.2439
84.78	-0.0564
84.8	0.0295
84.82	0.1528
84.84	0.1735
84.86	0.1062
84.88	0.1744
84.9	0.1326
84.92	0.174
84.94	0.266
84.96	0.3764
84.98	0.3851
85	0.3436
85.02	0.3102
85.04	0.2706
85.06	0.1197
85.08	0.089
85.1	0.0153
85.12	-0.0479
85.14	-0.1298
85.16	-0.088
85.18	-0.0707
85.2	-0.171
85.22	-0.2534
85.24	-0.2761
85.26	-0.4979
85.28	-0.3412
85.3	-0.3803
85.32	-0.274
85.34	-0.1591
85.36	-0.1638
85.38	-0.108
85.4	-0.1239
85.42	-0.0285
85.44	0.1404
85.46	0.4862
85.48	0.3797
85.5	0.2579
85.52	0.2527
85.54	0.1264
85.56	0.1786
85.58	0.0945
85.6	-0.0993
85.62	-0.3551
85.64	-0.3663
85.66	-0.1982
85.68	-0.0589
85.7	0.0833
85.72	0.1663
85.74	0.2968
85.76	0.3509
85.78	0.3271
85.8	0.2413
85.82	0.2778
85.84	0.1759
85.86	0.0496
85.88	-0.1091
85.9	-0.1931
85.92	-0.329
85.94	-0.3047
85.96	-0.3356
85.98	-0.368
86	-0.3495
86.02	-0.278
86.04	-0.1394
86.06	-0.034
86.08	-0.0396
86.1	0.0239
86.12	0.1252
86.14	0.0555
86.16	0.146
86.18	0.1193
86.2	-0.0821
86.22	-0.3437
86.24	-0.4119
86.26	-0.3489
86.28	-0.2954
86.3	-0.2782
86.32	-0.1409
86.34	-0.1117
86.36	-0.0841
86.38	0.096
86.4	0.1668
86.42	0.1731
86.44	0.2356
86.46	0.2028
86.48	0.1184
86.5	0.0916
86.52	-0.2004
86.54	-0.2848
86.56	-0.1463
86.58	-0.0411
86.6	0.1134
86.62	0.0792
86.64	-0.0505
86.66	-0.0798
86.68	-0.2026
86.7	-0.1998
86.72	-0.1668
86.74	-0.2081
86.76	-0.1593
86.78	-0.1607
86.8	-0.1843
86.82	-0.1498
86.84	-0.1993
86.86	-0.2341
86.88	-0.1606
86.9	-0.063
86.92	-0.0804
86.94	-0.246
86.96	-0.2911
86.98	-0.4155
87	-0.3904
87.02	-0.4643
87.04	-0.4087
87.06	-0.3707
87.08	-0.2489
87.1	-0.1577
87.12	-0.1149
87.14	-0.1153
87.16	-0.153
87.18	-0.1147
87.2	-0.1162
87.22	-0.0233
87.24	0.0065
87.26	0.0109
87.28	0.0601
87.3	0.1035
87.32	0.0776
87.34	0.0742
87.36	0.1039
87.38	0.1777
87.4	0.2653
87.42	0.3497
87.44	0.411
87.46	0.4498
87.48	0.4225
87.5	0.4097
87.52	0.2973
87.54	0.3464
87.56	0.3763
87.58	0.3635
87.6	0.3236
87.62	0.2487
87.64	0.2616
87.66	0.3115
87.68	0.366
87.7	0.394
87.72	0.433
87.74	0.3942
87.76	0.3049
87.78	0.2502
87.8	0.2628
87.82	0.2142
87.84	0.1656
87.86	0.2204
87.88	0.1411
87.9	0.1824
87.92	0.2006
87.94	0.1533
87.96	0.1385
87.98	0.084
88	0.0186
88.02	0.0881
88.04	0.2369
88.06	0.2914
88.08	0.3143
88.1	0.2398
88.12	0.1237
88.14	0.0919
88.16	0.0263
88.18	-0.0439
88.2	-0.0326
88.22	-0.0258
88.24	-0.0197
88.26	0.0666
88.28	0.1663
88.3	0.0005
88.32	-0.0109
88.34	0.0081
88.36	-0.0043
88.38	-0.0542
88.4	-0.2532
88.42	-0.5496
88.44	-0.8321
88.46	-1.0186
88.48	-1.0897
88.5	-0.961
88.52	-0.6656
88.54	-0.5579
88.56	-0.3002
88.58	-0.1481
88.6	-0.0189
88.62	0.1442
88.64	0.1308
88.66	0.2119
88.68	0.2366
88.7	0.0572
88.72	-0.1183
88.74	-0.2157
88.76	-0.3154
88.78	-0.3638
88.8	-0.5234
88.82	-0.6367
88.84	-0.7129
88.86	-0.8175
88.88	-0.8329
88.9	-0.6677
88.92	-0.5408
88.94	-0.2488
88.96	-0.1689
88.98	-0.2638
89	-0.2184
89.02	-0.0841
89.04	-0.0034
89.06	0.05
89.08	0.017
89.1	-0.1828
89.12	-0.2024
89.14	-0.16
89.16	-0.0421
89.18	0.1885
89.2	0.3217
89.22	0.4586
89.24	0.4612
89.26	0.415
89.28	0.2677
89.3	0.0999
89.32	0.111
89.34	0.2333
89.36	0.3641
89.38	0.4382
89.4	0.3578
89.42	0.1978
89.44	0.1175
89.46	0.0373
89.48	-0.0612
89.5	-0.0669
89.52	0.1244
89.54	0.3173
89.56	0.462
89.58	0.5824
89.6	0.7249
89.62	0.7843
89.64	0.7111
89.66	0.6696
89.68	0.6713
89.7	0.4689
89.72	0.0868
89.74	-0.2844
89.76	-0.5645
89.78	-0.3632
89.8	-0.1312
89.82	-0.0299
89.84	0.0683
89.86	0.0554
89.88	0.0455
89.9	0.0847
89.92	0.2742
89.94	0.3251
89.96	0.2922
89.98	0.3034
90	0.2415
90.02	0.1537
90.04	0.1538
90.06	0.2731
90.08	0.3769
90.1	0.3146
90.12	-0.0075
90.14	-0.3015
90.16	-0.3857
90.18	-0.2903
90.2	-0.2435
90.22	-0.142
90.24	-0.003
90.26	0.0993
90.28	0.156
90.3	0.2036
90.32	0.1033
90.34	-0.1559
90.36	-0.2766
90.38	-0.272
90.4	-0.1795
90.42	0.0043
90.44	0.1532
90.46	0.1826
90.48	0.254
90.5	0.3187
90.52	0.3366
90.54	0.458
90.56	0.3946
90.58	0.1936
90.6	-0.0531
90.62	-0.1847
90.64	-0.1937
90.66	-0.1715
90.68	-0.1942
90.7	-0.1227
90.72	-0.0073
90.74	0.0668
90.76	0.1601
90.78	0.1585
90.8	0.1248
90.82	0.1956
90.84	0.2106
90.86	0.0488
90.88	-0.0139
90.9	-0.0962
90.92	-0.1848
90.94	-0.1459
90.96	-0.0384
90.98	-0.1585
91	-0.1475
91.02	-0.1704
91.04	-0.1387
91.06	-0.0522
91.08	0.0057
91.1	-0.0186
91.12	-0.0174
91.14	0.0139
91.16	-0.071
91.18	-0.1478
91.2	-0.2339
91.22	-0.2685
91.24	-0.2007
91.26	-0.0537
91.28	0.0835
91.3	0.1151
91.32	-0.0255
91.34	-0.2197
91.36	-0.3587
91.38	-0.4029
91.4	-0.3525
91.42	-0.3526
91.44	-0.3176
91.46	-0.2907
91.48	-0.2765
91.5	-0.1736
91.52	-0.1119
91.54	-0.0425
91.56	0.0187
91.58	0.0552
91.6	0.0976
91.62	0.2194
91.64	0.1357
91.66	-0.0007
91.68	-0.1508
91.7	-0.2095
91.72	-0.1674
91.74	-0.195
91.76	-0.1236
91.78	-0.0561
91.8	0.0125
91.82	0.1459
91.84	0.1295
91.86	0.0727
91.88	0.0772
91.9	0.1306
91.92	0.2095
91.94	0.2572
91.96	0.2997
91.98	0.2805
92	0.0779
92.02	-0.0981
92.04	-0.1682
92.06	-0.1529
92.08	-0.1147
92.1	-0.0203
92.12	-0.0336
92.14	-0.0498
92.16	-0.0925
92.18	-0.1627
92.2	-0.0761
92.22	-0.0504
92.24	-0.0169
92.26	-0.0539
92.28	-0.066
92.3	0.0289
92.32	0.0551
92.34	0.0762
92.36	-0.0005
92.38	-0.0092
92.4	-0.0074
92.42	-0.0572
92.44	-0.0602
92.46	-0.0385
92.48	-0.0145
92.5	-0.0624
92.52	-0.0927
92.54	-0.144
92.56	-0.148
92.58	-0.1781
92.6	-0.1429
92.62	-0.1065
92.64	-0.0968
92.66	-0.1041
92.68	-0.0586
92.7	0.0124
92.72	0.0821
92.74	0.1472
92.76	0.1672
92.78	0.1245
92.8	0.0868
92.82	-0.0883
92.84	-0.1175
92.86	-0.0921
92.88	-0.0964
92.9	0.0203
92.92	0.085
92.94	0.1096
92.96	0.0752
92.98	0.0419
93	0.0423
93.02	0.0647
93.04	0.165
93.06	0.2631
93.08	0.3446
93.1	0.3487
93.12	0.3615
93.14	0.3008
93.16	0.1248
93.18	0.0132
93.2	-0.0434
93.22	-0.0863
93.24	-0.0194
93.26	-0.0493
93.28	-0.0082
93.3	0.0806
93.32	-0.0018
93.34	0.0382
93.36	0.084
93.38	-0.0265
93.4	-0.1036
93.42	-0.0842
93.44	-0.0324
93.46	0.0753
93.48	0.0907
93.5	0.0687
93.52	0.128
93.54	0.1095
93.56	0.0571
93.58	0.024
93.6	-0.0154
93.62	0.0199
93.64	0.0198
93.66	-0.0677
93.68	-0.1395
93.7	-0.1538
93.72	-0.1554
93.74	-0.1397
93.76	-0.1903
93.78	-0.1493
93.8	-0.1479
93.82	-0.1368
93.84	-0.1585
93.86	-0.191
93.88	-0.1828
93.9	-0.2778
93.92	-0.3086
93.94	-0.3204
93.96	-0.292
93.98	-0.1388
94	0.0279
94.02	0.0894
94.04	0.0597
94.06	-0.0554
94.08	0.0285
94.1	0.0331
94.12	0.0568
94.14	0.1429
94.16	0.0715
94.18	0.0847
94.2	0.1855
94.22	0.1533
94.24	0.0751
94.26	-0.041
94.28	-0.0823
94.3	-0.0017
94.32	0.0056
94.34	0.0639
94.36	0.081
94.38	0.0885
94.4	0.0382
94.42	0.0536
94.44	0.068
94.46	-0.0462
94.48	-0.0303
94.5	0.009
94.52	0.0059
94.54	-0.0309
94.56	0.0032
94.58	-0.006
94.6	-0.0202
94.62	0.0048
94.64	0.0083
94.66	-0.1226
94.68	-0.0866
94.7	-0.0408
94.72	-0.0441
94.74	-0.0657
94.76	-0.0337
94.78	-0.116
94.8	-0.0431
94.82	-0.0387
94.84	-0.0822
94.86	-0.0299
94.88	0.0619
94.9	0.0968
94.92	0.1036
94.94	0.1939
94.96	0.1814
94.98	0.1788
95	0.1555
95.02	0.1882
95.04	0.1242
95.06	0.1448
95.08	0.1396
95.1	0.1229
95.12	0.0825
95.14	0.1024
95.16	0.0311
95.18	0.0155
95.2	0.023
95.22	-0.1198
95.24	-0.0756
95.26	-0.0482
95.28	-0.0421
95.3	-0.0062
95.32	0.0154
95.34	0.0135
95.36	0.0481
95.38	0.0684
95.4	0.106
95.42	0.0149
95.44	-0.085
95.46	-0.1023
95.48	-0.122
95.5	-0.0705
95.52	-0.0353
95.54	-0.0263
95.56	0.1151
95.58	0.0733
95.6	-0.1303
95.62	-0.1583
95.64	0.0356
95.66	0.1313
95.68	0.0957
95.7	0.0222
95.72	0.0695
95.74	0.0527
95.76	-0.0141
95.78	-0.0885
95.8	-0.0671
95.82	-0.0195
95.84	-0.1051
95.86	-0.0098
95.88	-0.0058
95.9	-0.0858
95.92	0.0229
95.94	0.0109
95.96	-0.1033
95.98	-0.0423
96	-0.0252
96.02	-0.0599
96.04	-0.0818
96.06	-0.0353
96.08	0.0053
96.1	-0.0667
96.12	-0.1218
96.14	-0.0346
96.16	-0.0937
96.18	-0.0098
96.2	-0.0149
96.22	-0.0376
96.24	-0.0396
96.26	-0.0834
96.28	-0.0561
96.3	-0.1194
96.32	-0.043
96.34	-0.0011
96.36	-0.0894
96.38	-0.1337
96.4	0.0265
96.42	-0.0672
96.44	0.0877
96.46	0.0244
96.48	0.0458
96.5	0.0884
96.52	0.1084
96.54	0.0995
96.56	0.0492
96.58	0.0797
96.6	0.1014
96.62	0.2096
96.64	0.2608
96.66	0.3862
96.68	0.2159
96.7	0.0333
96.72	0.0119
96.74	-0.115
96.76	0.0114
96.78	0.1101
96.8	0.0988
96.82	0.2352
96.84	0.0287
96.86	0.108
96.88	-0.004
96.9	0.0964
96.92	0.1413
96.94	0.143
96.96	0.0167
96.98	0.0707
97	0.1122
97.02	0.0695
97.04	0.1239
97.06	0.0215
97.08	0.0102
97.1	-0.0581
97.12	0.075
97.14	0.0023
97.16	0.0937
97.18	0.0882
97.2	0.1775
97.22	0.2147
97.24	0.2586
97.26	0.0952
97.28	0.105
97.3	0.116
97.32	-0.038
97.34	-0.0699
97.36	-0.0077
97.38	-0.0251
97.4	-0.0067
97.42	-0.0454
97.44	-0.0398
97.46	0.0592
97.48	-0.0427
97.5	-0.1439
97.52	-0.0522
97.54	0.0625
97.56	0.1378
97.58	0.079
97.6	0.1752
97.62	0.0879
97.64	-0.0469
97.66	-0.0834
97.68	0.0419
97.7	-0.031
97.72	-0.13
97.74	-0.1075
97.76	0.0046
97.78	0.0878
97.8	0.0856
97.82	0.08
97.84	-0.0799
97.86	-0.1423
97.88	-0.149
97.9	-0.1118
97.92	-0.1107
97.94	-0.1649
97.96	-0.1388
97.98	-0.0525
98	-0.0198
98.02	-0.0067
98.04	-0.0678
98.06	-0.0045
98.08	0.0555
98.1	-0.0376
98.12	0.0222
98.14	0.1215
98.16	0.0755
98.18	0.0181
98.2	-0.031
98.22	-0.0685
98.24	-0.1329
98.26	-0.0433
98.28	-0.0252
98.3	0.1318
98.32	0.1926
98.34	0.0301
98.36	-0.0149
98.38	-0.1134
98.4	-0.0653
98.42	0.1101
98.44	0.1148
98.46	-0.0049
98.48	-0.0602
98.5	-0.1397
98.52	-0.1405
98.54	-0.0289
98.56	-0.0881
98.58	-0.0815
98.6	-0.0607
98.62	-0.033
98.64	-0.0671
98.66	-0.1627
98.68	-0.2321
98.7	-0.246
98.72	-0.232
98.74	-0.1893
98.76	-0.2335
98.78	-0.2475
98.8	-0.3095
98.82	-0.191
98.84	-0.2182
98.86	-0.2553
98.88	-0.2279
98.9	-0.1925
98.92	-0.0196
98.94	0.1308
98.96	0.2507
98.98	0.3745
99	0.405
99.02	0.2517
99.04	0.0665
99.06	-0.0687
99.08	-0.0386
99.1	-0.0332
99.12	-0.1644
99.14	-0.1237
99.16	0.0055
99.18	-0.0913
99.2	-0.0384
99.22	-0.0488
99.24	-0.0722
99.26	-0.0873
99.28	-0.1125
99.3	-0.154
99.32	-0.2037
99.34	-0.2077
99.36	-0.1543
99.38	-0.0409
99.4	0.033
99.42	0.0398
99.44	0.0302
99.46	0.0069
99.48	0.0212
99.5	-0.0863
99.52	-0.1697
99.54	-0.1858
99.56	-0.0901
99.58	-0.063
99.6	0.0059
99.62	0.0435
99.64	-0.0302
99.66	-0.0819
99.68	-0.0662
99.7	-0.124
99.72	-0.1694
99.74	-0.1035
99.76	-0.0431
99.78	-0.0941
99.8	-0.0762
99.82	-0.138
99.84	-0.232
99.86	-0.1999
99.88	-0.1829
99.9	-0.0786
99.92	0.0736
99.94	0.0839
99.96	0.1477
99.98	0.1975
100	0.1561
100.02	0.152
100.04	0.0818
100.06	0.0141
100.08	-0.0636
100.1	-0.1081
100.12	-0.1306
100.14	-0.0883
100.16	-0.1028
100.18	-0.1363
100.2	-0.1452
100.22	-0.1782
100.24	-0.1598
100.26	-0.0931
100.28	-0.0487
100.3	-0.0187
100.32	-0.032
100.34	-0.0396
100.36	-0.0233
100.38	0.0234
100.4	-0.021
100.42	-0.0801
100.44	-0.0748
100.46	-0.0183
100.48	-0.0628
100.5	-0.1302
100.52	-0.1305
100.54	-0.1198
100.56	0.0555
100.58	0.1642
100.6	0.1797
100.62	0.1585
100.64	0.1879
100.66	0.1893
100.68	0.1741
100.7	0.128
100.72	0.161
100.74	0.2204
100.76	0.2587
100.78	0.3121
100.8	0.3764
100.82	0.4163
100.84	0.4573
100.86	0.4709
100.88	0.431
100.9	0.3794
100.92	0.3555
100.94	0.3161
100.96	0.2866
100.98	0.2645
101	0.2436
101.02	0.1807
101.04	0.1955
101.06	0.184
101.08	0.1834
101.1	0.2185
101.12	0.2285
101.14	0.2163
101.16	0.2262
101.18	0.1926
101.2	0.164
101.22	0.1661
101.24	0.1092
101.26	0.0373
101.28	0.0601
101.3	0.0199
101.32	0.0806
101.34	0.0601
101.36	0.015
101.38	-0.0142
101.4	0.0055
101.42	0.0164
101.44	0.078
101.46	0.0608
101.48	0.0525
101.5	0.0384
101.52	0.0462
101.54	0.0016
101.56	0.0177
101.58	0.0364
101.6	-0.0189
101.62	-0.0245
101.64	0.0292
101.66	0.0544
101.68	0.0012
101.7	-0.0333
101.72	-0.031
101.74	-0.0382
101.76	-0.0229
101.78	-0.0233
101.8	-0.0987
101.82	-0.1529
101.84	-0.1579
101.86	-0.1882
101.88	-0.1955
101.9	-0.2559
101.92	-0.2217
101.94	-0.2781
101.96	-0.1744
101.98	-0.1743
102	-0.138
102.02	-0.1115
102.04	-0.0968
102.06	-0.0908
102.08	-0.1855
102.1	-0.0801
102.12	-0.0846
102.14	-0.1516
102.16	-0.1398
102.18	-0.1576
102.2	-0.1436
102.22	-0.0379
102.24	-0.147
102.26	-0.0358
102.28	-0.0866
102.3	-0.08
102.32	-0.115
102.34	-0.1404
102.36	-0.2172
102.38	-0.1682
102.4	-0.0656
102.42	-0.1126
102.44	0.0326
102.46	0.0816
102.48	0.0533
102.5	0.05
102.52	0.0645
102.54	0.0106
102.56	0.0965
102.58	0.0036
102.6	-0.0558
102.62	-0.0424
102.64	-0.0541
102.66	0.1259
102.68	0.189
102.7	0.1236
102.72	0.0932
102.74	0.0212
102.76	0.0743
102.78	0.1759
102.8	0.1095
102.82	0.0676
102.84	0.1495
102.86	0.0686
102.88	0.0194
102.9	0.0244
102.92	-0.0339
102.94	0.0155
102.96	0.0722
102.98	0.0981
103	0.0738
103.02	0.0291
103.04	0.0349
103.06	0.0733
103.08	0.0962
103.1	0.0952
103.12	0.0408
103.14	0.0599
103.16	-0.0592
103.18	-0.2113
103.2	-0.3144
103.22	-0.1595
103.24	-0.0392
103.26	-0.1081
103.28	-0.1136
103.3	-0.0378
103.32	-0.1167
103.34	-0.2396
103.36	-0.158
103.38	-0.0607
103.4	-0.1464
103.42	-0.2492
103.44	-0.2422
103.46	-0.2306
103.48	-0.1927
103.5	-0.2025
103.52	-0.1948
103.54	-0.1782
103.56	-0.1674
103.58	-0.1693
103.6	-0.1158
103.62	-0.0812
103.64	-0.05
103.66	0.0391
103.68	0.0043
103.7	0.0003
103.72	0.0409
103.74	0.0048
103.76	0.0183
103.78	-0.0373
103.8	-0.0712
103.82	-0.0835
103.84	-0.0978
103.86	-0.067
103.88	-0.1118
103.9	-0.15
103.92	-0.1883
103.94	-0.2023
103.96	-0.179
103.98	-0.1342
104	-0.0889
104.02	-0.0485
104.04	-0.0283
104.06	0.0161
104.08	0.0656
104.1	0.0913
104.12	0.1052
104.14	0.143
104.16	0.2001
104.18	0.2332
104.2	0.2678
104.22	0.2286
104.24	0.2179
104.26	0.2197
104.28	0.2152
104.3	0.1806
104.32	0.1889
104.34	0.1551
104.36	0.1184
104.38	0.085
104.4	0.0692
104.42	0.0577
104.44	0.0436
104.46	0.1153
104.48	0.1957
104.5	0.1582
104.52	0.0977
104.54	-0.093
104.56	-0.1483
104.58	-0.0859
104.6	-0.0107
104.62	0.2447
104.64	0.3109
104.66	0.1449
104.68	0.1549
104.7	0.2202
104.72	0.1182
104.74	0.0364
104.76	0.0099
104.78	0.0542
104.8	0.0864
104.82	0.0182
104.84	-0.0297
104.86	0.0644
104.88	0.1114
104.9	0.0103
104.92	-0.0188
104.94	0.0156
104.96	0.0814
104.98	0.0461
105	0.0198
105.02	0.0421
105.04	-0.0333
105.06	-0.0927
105.08	-0.0118
105.1	-0.0665
105.12	-0.1094
105.14	-0.006
105.16	-0.027
105.18	-0.047
105.2	0.0123
105.22	-0.0632
105.24	-0.0016
105.26	0.0303
105.28	0.0136
105.3	-0.0312
105.32	-0.0481
105.34	-0.0462
105.36	-0.0772
105.38	-0.1057
105.4	-0.1548
105.42	-0.1706
105.44	-0.1751
105.46	-0.1469
105.48	-0.1319
105.5	-0.1625
105.52	-0.1271
105.54	-0.0723
105.56	-0.0343
105.58	0.0188
105.6	0.0034
105.62	-0.0206
105.64	0.0468
105.66	0.0409
105.68	-0.0134
105.7	-0.0566
105.72	-0.1241
105.74	-0.1484
105.76	-0.1176
105.78	-0.0907
105.8	-0.0221
105.82	0.0054
105.84	0.0279
105.86	0.0598
105.88	0.0511
105.9	0.081
105.92	0.1157
105.94	0.1705
105.96	0.1645
105.98	0.1303
106	0.1397
106.02	0.1183
106.04	0.1513
106.06	0.1067
106.08	-0.0005
106.1	-0.0435
106.12	-0.0476
106.14	0.0031
106.16	0.0154
106.18	0.0683
106.2	0.0901
106.22	0.0234
106.24	0.0063
106.26	0.0068
106.28	0.0257
106.3	0.0706
106.32	0.095
106.34	0.1377
106.36	0.1294
106.38	0.1012
106.4	0.0699
106.42	0.0805
106.44	0.0914
106.46	0.05
106.48	0.06
106.5	0.095
106.52	0.1334
106.54	0.1534
106.56	0.1716
106.58	0.1648
106.6	0.125
106.62	0.0598
106.64	-0.0087
106.66	-0.0663
106.68	-0.1017
106.7	-0.1809
106.72	-0.1532
106.74	-0.0844
106.76	-0.0792
106.78	-0.1349
106.8	-0.1623
106.82	-0.1826
106.84	-0.147
106.86	-0.1641
106.88	-0.1702
106.9	-0.09
106.92	-0.0964
106.94	-0.0904
106.96	-0.0727
106.98	-0.0244
107	0.0177
107.02	-0.03
107.04	-0.0613
107.06	-0.0144
107.08	-0.0598
107.1	-0.094
107.12	-0.0649
107.14	-0.0453
107.16	0.0399
107.18	0.1085
107.2	0.0989
107.22	0.0654
107.24	0.0503
107.26	-0.003
107.28	-0.0342
107.3	-0.0746
107.32	-0.0725
107.34	-0.0685
107.36	-0.0541
107.38	-0.0457
107.4	-0.0876
107.42	-0.1321
107.44	-0.1855
107.46	-0.1837
107.48	-0.1205
107.5	-0.1051
107.52	-0.058
107.54	0.0166
107.56	-0.0117
107.58	-0.0114
107.6	-0.0399
107.62	-0.0721
107.64	-0.0083
107.66	0.0253
107.68	0.0913
107.7	0.1151
107.72	0.0863
107.74	-0.0073
107.76	0.0225
107.78	0.0078
107.8	-0.0351
107.82	-0.0059
107.84	-0.062
107.86	-0.1122
107.88	-0.0753
107.9	-0.0564
107.92	-0.0625
107.94	-0.0202
107.96	-0.0182
107.98	-0.0548
108	-0.058
108.02	-0.1013
108.04	-0.1258
108.06	-0.1054
108.08	-0.0859
108.1	-0.0414
108.12	-0.0032
108.14	0.0332
108.16	0.0646
108.18	0.0472
108.2	0.0352
108.22	0.0397
108.24	0.0925
108.26	0.1271
108.28	0.1241
108.3	0.1238
108.32	0.1397
108.34	0.0937
108.36	0.0875
108.38	0.0469
108.4	0.0286
108.42	0.0392
108.44	-0.0209
108.46	-0.0445
108.48	-0.0633
108.5	-0.0835
108.52	-0.0114
108.54	0.0634
108.56	0.0912
108.58	0.0937
108.6	0.0944
108.62	0.0972
108.64	0.0906
108.66	0.0571
108.68	0.0059
108.7	-0.0195
108.72	-0.0454
108.74	-0.0455
108.76	-0.0537
108.78	-0.067
108.8	-0.0716
108.82	-0.0799
108.84	-0.0464
108.86	0.0364
108.88	0.0532
108.9	0.056
108.92	0.0713
108.94	0.0562
108.96	0.0019
108.98	-0.0473
109	-0.0647
109.02	-0.0554
109.04	-0.0168
109.06	0.0555
109.08	0.1059
109.1	0.1232
109.12	0.1077
109.14	0.1112
109.16	0.1023
109.18	0.1148
109.2	0.0765
109.22	-0.0089
109.24	0.0238
109.26	0.0204
109.28	0.0089
109.3	0.0336
109.32	0.0259
109.34	-0.0085
109.36	-0.0102
109.38	-0.1199
109.4	-0.1476
109.42	-0.2137
109.44	-0.18
109.46	-0.1452
109.48	-0.0156
109.5	0.0403
109.52	0.043
109.54	0.0709
109.56	0.0676
109.58	0.1666
109.6	0.1554
109.62	0.1534
109.64	0.148
109.66	0.0831
109.68	0.076
109.7	0.1128
109.72	0.0659
109.74	0.1472
109.76	0.1586
109.78	0.2434
109.8	0.2436
109.82	0.2508
109.84	0.1881
109.86	0.2456
109.88	0.2095
109.9	0.2591
109.92	0.2961
109.94	0.2591
109.96	0.1852
109.98	0.1463
110	0.0687
110.02	-0.0322
110.04	-0.132
110.06	-0.2502
110.08	-0.2903
110.1	-0.3106
110.12	-0.287
110.14	-0.1756
110.16	-0.1429
110.18	-0.1654
110.2	-0.1429
110.22	-0.1715
110.24	-0.201
110.26	-0.233
110.28	-0.2704
110.3	-0.2122
110.32	-0.1293
110.34	-0.0854
110.36	-0.0256
110.38	0.0799
110.4	0.0942
110.42	0.1033
110.44	0.0296
110.46	-0.0709
110.48	-0.0906
110.5	-0.0834
110.52	-0.0509
110.54	0.0254
110.56	0.0496
110.58	0.1066
110.6	0.0817
110.62	0.0909
110.64	0.0483
110.66	-0.0251
110.68	-0.0781
110.7	-0.0749
110.72	-0.0652
110.74	-0.0291
110.76	-0.0304
110.78	0.0368
110.8	-0.0052
110.82	-0.0314
110.84	-0.0499
110.86	-0.0718
110.88	-0.0511
110.9	-0.0541
110.92	-0.0854
110.94	-0.0841
110.96	-0.0052
110.98	-0.0006
111	0.0605
111.02	0.0722
111.04	0.107
111.06	0.1721
111.08	0.1531
111.1	0.0496
111.12	-0.0958
111.14	-0.1582
111.16	-0.0509
111.18	-0.0284
111.2	-0.0354
111.22	-0.0563
111.24	-0.0894
111.26	-0.0906
111.28	-0.023
111.3	0.0418
111.32	0.058
111.34	0.0213
111.36	-0.0038
111.38	-0.1233
111.4	-0.1558
111.42	-0.0912
111.44	-0.0914
111.46	-0.05
111.48	-0.1216
111.5	-0.1513
111.52	-0.0749
111.54	-0.097
111.56	-0.0757
111.58	-0.0399
111.6	-0.0463
111.62	-0.0518
111.64	-0.0297
111.66	-0.0152
111.68	0.0312
111.7	-0.0391
111.72	-0.0593
111.74	-0.119
111.76	-0.1768
111.78	-0.1162
111.8	-0.109
111.82	-0.1273
111.84	-0.02
111.86	0.0432
111.88	0.0311
111.9	0.0726
111.92	0.0447
111.94	0.035
111.96	0.0332
111.98	-0.024
112	-0.0678
112.02	-0.0912
112.04	-0.1354
112.06	-0.0805
112.08	-0.0039
112.1	0.0759
112.12	0.1529
112.14	0.1411
112.16	0.1488
112.18	0.1702
112.2	0.1669
112.22	0.1021
112.24	0.05
112.26	0.0437
112.28	0.0826
112.3	0.0966
112.32	0.1335
112.34	0.0741
112.36	0.0752
112.38	0.0721
112.4	0.0528
112.42	0.0877
112.44	0.0666
112.46	0.0613
112.48	0.0424
112.5	0.059
112.52	0.0165
112.54	-0.0161
112.56	-0.0921
112.58	-0.1199
112.6	-0.1089
112.62	-0.0277
112.64	0.0169
112.66	0.0396
112.68	0.0274
112.7	0.0555
112.72	0.0939
112.74	0.0731
112.76	0.0938
112.78	0.0121
112.8	0.0191
112.82	0.0111
112.84	-0.0164
112.86	-0.0687
112.88	0.0081
112.9	0.0168
112.92	0.0262
112.94	0.091
112.96	0.1181
112.98	0.1291
113	0.1475
113.02	0.0907
113.04	0.0867
113.06	0.131
113.08	0.1186
113.1	0.0723
113.12	0.0411
113.14	0.038
113.16	0.0367
113.18	0.0496
113.2	0.0231
113.22	-0.0025
113.24	-0.0614
113.26	-0.0252
113.28	-0.0689
113.3	-0.0966
113.32	-0.1029
113.34	-0.0308
113.36	-0.0127
113.38	-0.048
113.4	-0.0753
113.42	-0.063
113.44	-0.0971
113.46	-0.1217
113.48	-0.1839
113.5	-0.1806
113.52	-0.1776
113.54	-0.1649
113.56	-0.1248
113.58	-0.0772
113.6	-0.0043
113.62	0.0932
113.64	0.1105
113.66	0.0935
113.68	0.007
113.7	-0.103
113.72	-0.1514
113.74	-0.1227
113.76	-0.0124
113.78	0.0126
113.8	-0.0049
113.82	0.0214
113.84	0.0371
113.86	0.1063
113.88	0.0814
113.9	0.04
113.92	0.0223
113.94	0.0331
113.96	0.0287
113.98	0.0319
114	0.0097
114.02	-0.0193
114.04	-0.0446
114.06	-0.054
114.08	0.0457
114.1	0.0727
114.12	0.1013
114.14	0.0941
114.16	0.0658
114.18	0.0429
114.2	0.0311
114.22	0.0384
114.24	0.0427
114.26	0.089
114.28	0.0945
114.3	0.0763
114.32	0.1662
114.34	0.2086
114.36	0.1639
114.38	0.1069
114.4	0.0819
114.42	0.0612
114.44	0.0514
114.46	0.0152
114.48	0.0211
114.5	-0.039
114.52	-0.0629
114.54	-0.0248
114.56	-0.0101
114.58	-0.0485
114.6	-0.0115
114.62	-0.024
114.64	-0.0226
114.66	-0.0093
114.68	-0.0402
114.7	-0.001
114.72	0.0366
114.74	0.0631
114.76	0.0232
114.78	0.0125
114.8	0.0339
114.82	0.0102
114.84	-0.0207
114.86	-0.0692
114.88	-0.1234
114.9	-0.1138
114.92	-0.0781
114.94	-0.0384
114.96	-0.0077
114.98	-0.0154
115	0.0085
115.02	0.0302
115.04	0.0133
115.06	-0.0035
115.08	-0.0157
115.1	-0.037
115.12	-0.0403
115.14	-0.0362
115.16	-0.0656
115.18	-0.0687
115.2	-0.0947
115.22	-0.1053
115.24	-0.1055
115.26	-0.1092
115.28	-0.1467
115.3	-0.1683
115.32	-0.1723
115.34	-0.1835
115.36	-0.1424
115.38	-0.1582
115.4	-0.1241
115.42	-0.1362
115.44	-0.1125
115.46	-0.0657
115.48	-0.0419
115.5	-0.0702
115.52	-0.0633
115.54	-0.0183
115.56	0.0643
115.58	0.1251
115.6	0.0982
115.62	0.1262
115.64	0.0733
115.66	0.0548
115.68	0.0484
115.7	-0.0171
115.72	-0.0464
115.74	-0.0159
115.76	-0.0424
115.78	-0.0154
115.8	0.0306
115.82	0.0552
115.84	0.1119
115.86	0.2041
115.88	0.2153
115.9	0.2002
115.92	0.1416
115.94	0.0122
115.96	0.0192
115.98	0.1147
116	0.1335
116.02	0.0993
116.04	0.1131
116.06	0.0133
116.08	-0.0484
116.1	-0.0114
116.12	-0.0434
116.14	-0.0233
116.16	-0.0354
116.18	-0.1047
116.2	-0.0737
116.22	-0.0661
116.24	-0.0781
116.26	-0.0676
116.28	-0.091
116.3	-0.1276
116.32	-0.1313
116.34	-0.0439
116.36	0.0737
116.38	0.111
116.4	0.0138
116.42	-0.0659
116.44	-0.0402
116.46	-0.0104
116.48	0.0084
116.5	0.0327
116.52	0.013
116.54	0.0325
116.56	0.0677
116.58	0.0148
116.6	0.0395
116.62	0.0023
116.64	-0.0627
116.66	-0.0562
116.68	-0.0584
116.7	-0.0347
116.72	-0.01
116.74	0.0092
116.76	0.0326
116.78	-0.0694
116.8	-0.0694
116.82	0.0045
116.84	0.0604
116.86	0.1157
116.88	0.033
116.9	-0.0041
116.92	-0.1295
116.94	-0.1546
116.96	0.0389
116.98	-0.0043
117	0.0016
117.02	0.086
117.04	0.0532
117.06	-0.0542
117.08	-0.0812
117.1	-0.1616
117.12	-0.0385
117.14	-0.0173
117.16	-0.0286
117.18	-0.0534
117.2	-0.0594
117.22	0.0424
117.24	0.167
117.26	0.1245
117.28	0.0355
117.3	-0.0225
117.32	-0.0169
117.34	0.1288
117.36	0.1235
117.38	0.0222
117.4	0.0281
117.42	0.0993
117.44	0.1184
117.46	0.1669
117.48	0.1948
117.5	0.1682
117.52	0.1043
117.54	-0.0829
117.56	-0.0348
117.58	-0.0168
117.6	-0.0621
117.62	-0.0695
117.64	-0.0958
117.66	-0.0744
117.68	0.032
117.7	-0.0067
117.72	0.0416
117.74	0.0869
117.76	0.0387
117.78	0.0718
117.8	0.0804
117.82	0.0573
117.84	0.0354
117.86	-0.0018
117.88	0.0535
117.9	0.1063
117.92	0.1169
117.94	0.1156
117.96	0.0421
117.98	-0.0051
118	-0.0505
118.02	-0.127
118.04	-0.1612
118.06	-0.1668
118.08	-0.0784
118.1	-0.0327
118.12	-0.1549
118.14	-0.2269
118.16	-0.2087
118.18	-0.1968
118.2	-0.1641
118.22	-0.1279
118.24	-0.1712
118.26	-0.0408
118.28	-0.0137
118.3	-0.0371
118.32	0.1066
118.34	0.1525
118.36	0.1409
118.38	0.2158
118.4	0.159
118.42	0.1536
118.44	0.1159
118.46	0.1743
118.48	0.1952
118.5	0.1021
118.52	0.0522
118.54	-0.0614
118.56	-0.0204
118.58	-0.0322
118.6	-0.0666
118.62	-0.1107
118.64	-0.1025
118.66	-0.1189
118.68	-0.0901
118.7	-0.0444
118.72	-0.0372
118.74	-0.0285
118.76	-0.0339
118.78	0.0009
118.8	0.1114
118.82	0.1603
118.84	0.0903
118.86	0.0078
118.88	-0.0211
118.9	0.0322
118.92	-0.0308
118.94	-0.0453
118.96	-0.0521
118.98	-0.074
119	-0.0452
119.02	0.0156
119.04	0.0909
119.06	0.0124
119.08	0.1378
119.1	0.0985
119.12	0.1506
119.14	0.1288
119.16	0.0427
119.18	0.0483
119.2	0.0639
119.22	0.0219
119.24	0.0214
119.26	-0.023
119.28	-0.0372
119.3	-0.0146
119.32	0.0006
119.34	0.016
119.36	-0.0487
119.38	0.0166
119.4	0.0033
119.42	-0.0127
119.44	-0.0004
119.46	-0.0273
119.48	-0.0312
119.5	-0.0787
119.52	-0.0854
119.54	-0.0924
119.56	-0.0413
119.58	0.0039
119.6	0.0015
119.62	0.0204
119.64	0.071
119.66	0.0589
119.68	0.1047
119.7	0.1571
119.72	0.0403
119.74	-0.0153
119.76	-0.1112
119.78	-0.1597
119.8	-0.1686
119.82	-0.162
119.84	-0.1851
119.86	-0.1382
119.88	-0.1357
119.9	-0.091
119.92	0.1825
119.94	0.2652
119.96	0.2869
119.98	0.265
120	0.1307
120.02	-0.023
120.04	-0.058
120.06	-0.0754
120.08	-0.0018
120.1	0.0278
120.12	-0.0442
120.14	0.0104
120.16	-0.0281
120.18	0.0651
120.2	0.0577
120.22	0.0642
120.24	0.0233
120.26	0.0056
120.28	-0.0607
120.3	-0.0718
120.32	-0.0218
120.34	-0.031
120.36	-0.0546
120.38	-0.0185
120.4	-0.0232
120.42	-0.021
120.44	-0.0226
120.46	-0.0687
120.48	-0.0728
120.5	-0.069
120.52	-0.1133
120.54	-0.0716
120.56	-0.1067
120.58	-0.1759
120.6	-0.185
120.62	-0.1965
120.64	-0.1929
120.66	-0.117
120.68	-0.0754
120.7	-0.0584
120.72	-0.0421
120.74	0.0257
120.76	0.0219
120.78	-0.1302
120.8	-0.1818
120.82	-0.1105
120.84	-0.0872
120.86	0.0567
120.88	0.0396
120.9	-0.0595
120.92	0.0222
120.94	0.064
120.96	0.0128
120.98	-0.0371
121	0.0462
121.02	0.1043
121.04	0.1143
121.06	0.129
121.08	0.0872
121.1	0.048
121.12	0.0958
121.14	0.0983
121.16	0.0903
121.18	0.0461
121.2	0.0555
121.22	0.0843
121.24	0.1381
121.26	0.1537
121.28	0.1124
121.3	0.0867
121.32	0.0734
121.34	0.0654
121.36	-0.0027
121.38	-0.0471
121.4	-0.078
121.42	-0.1131
121.44	-0.0982
121.46	-0.1065
121.48	-0.145
121.5	-0.1142
121.52	-0.0518
121.54	-0.0102
121.56	0.0192
121.58	0.0178
121.6	-0.0137
121.62	-0.0264
121.64	-0.0225
121.66	-0.0351
121.68	-0.078
121.7	-0.0493
121.72	-0.1018
121.74	-0.1
121.76	-0.0689
121.78	0.0012
121.8	0.0743
121.82	0.0692
121.84	0.0754
121.86	0.1112
121.88	0.0751
121.9	0.0486
121.92	0.0512
121.94	0.0899
121.96	0.1082
121.98	0.0993
122	0.1622
122.02	0.1045
122.04	0.0346
122.06	0.0324
122.08	0.0805
122.1	0.0387
122.12	0.0658
122.14	0.0996
122.16	0.0226
122.18	-0.0116
122.2	-0.0147
122.22	0.0006
122.24	-0.0498
122.26	-0.0207
122.28	-0.015
122.3	-0.0245
122.32	-0.04
122.34	-0.0962
122.36	-0.1442
122.38	-0.1691
122.4	-0.1674
122.42	-0.176
122.44	-0.1248
122.46	-0.049
122.48	0.0031
122.5	-0.0118
122.52	-0.1048
122.54	-0.1374
122.56	-0.1092
122.58	-0.1049
122.6	-0.0732
122.62	-0.0254
122.64	0.0518
122.66	0.0374
122.68	-0.0144
122.7	-0.0668
122.72	-0.0744
122.74	0.0262
122.76	0.0339
122.78	0.05
122.8	0.1
122.82	0.1295
122.84	0.1509
122.86	0.1124
122.88	0.0212
122.9	0.0325
122.92	0.0855
122.94	0.1204
122.96	0.1197
122.98	0.0987
123	0.0719
123.02	0.0338
123.04	0.0161
123.06	0.0888
123.08	0.0903
123.1	0.0905
123.12	0.068
123.14	0.092
123.16	0.0594
123.18	0.1113
123.2	0.0995
123.22	0.1384
123.24	0.1034
123.26	0.042
123.28	0.0767
123.3	0.0506
123.32	0.0459
123.34	0.041
123.36	-0.0057
123.38	0.0247
123.4	-0.0091
123.42	-0.0054
123.44	-0.0137
123.46	-0.0536
123.48	-0.0016
123.5	-0.0209
123.52	-0.0132
123.54	0.0225
123.56	-0.0146
123.58	-0.0123
123.6	0.0319
123.62	-0.0284
123.64	0.0023
123.66	-0.0131
123.68	-0.0423
123.7	0.0015
123.72	0.0281
123.74	-0.0246
123.76	0.0256
123.78	0.002
123.8	-0.0218
123.82	-0.0104
123.84	-0.0631
123.86	-0.0696
123.88	-0.0588
123.9	-0.1129
123.92	-0.1599
123.94	-0.1668
123.96	-0.1156
123.98	-0.1257
124	-0.0773
124.02	-0.0834
124.04	-0.1103
124.06	-0.0049
124.08	0.0337
124.1	0.0409
124.12	0.042
124.14	0.0474
124.16	0.0867
124.18	0.088
124.2	0.1019
124.22	0.0122
124.24	-0.0131
124.26	-0.0426
124.28	0.0169
124.3	0.0661
124.32	0.0435
124.34	0.092
124.36	0.0513
124.38	-0.0323
124.4	-0.0143
124.42	0.001
124.44	0.0713
124.46	0.1964
124.48	0.1593
124.5	0.1138
124.52	0.0889
124.54	-0.0239
124.56	-0.1117
124.58	-0.2205
124.6	-0.2776
124.62	-0.1486
124.64	-0.0621
124.66	0.0626
124.68	0.12
124.7	0.1182
124.72	0.136
124.74	0.1176
124.76	0.0102
124.78	-0.0397
124.8	-0.0044
124.82	-0.022
124.84	-0.0073
124.86	-0.0502
124.88	-0.046
124.9	0.0455
124.92	0.1165
124.94	0.0892
124.96	0.087
124.98	0.081
125	0.0169
125.02	-0.0036
125.04	0.0211
125.06	0.061
125.08	0.1722
125.1	0.1778
125.12	0.1917
125.14	0.1455
125.16	0.005
125.18	-0.0614
125.2	-0.1633
125.22	-0.221
125.24	-0.2148
125.26	-0.2057
125.28	-0.2485
125.3	-0.2285
125.32	-0.1252
125.34	-0.0369
125.36	-0.0273
125.38	-0.0662
125.4	-0.0536
125.42	-0.049
125.44	-0.0215
125.46	0.014
125.48	0.0308
125.5	-0.0231
125.52	-0.0498
125.54	-0.0267
125.56	-0.0551
125.58	-0.0128
125.6	0.0242
125.62	0.0446
125.64	-0.0619
125.66	-0.0839
125.68	-0.0669
125.7	-0.0578
125.72	-0.0785
125.74	-0.1343
125.76	-0.1495
125.78	-0.1193
125.8	-0.1019
125.82	-0.1084
125.84	-0.1505
125.86	-0.1793
125.88	-0.1446
125.9	-0.1333
125.92	-0.2123
125.94	-0.2701
125.96	-0.2292
125.98	-0.1623
126	-0.0186
126.02	0.085
126.04	0.1796
126.06	0.2121
126.08	0.1414
126.1	0.1835
126.12	0.2006
126.14	0.2196
126.16	0.1141
126.18	0.0532
126.2	0.003
126.22	0.0756
126.24	0.0786
126.26	0.0817
126.28	0.0912
126.3	0.2363
126.32	0.2296
126.34	0.2308
126.36	0.1822
126.38	0.0883
126.4	0.1102
126.42	0.1306
126.44	0.1025
126.46	0.0229
126.48	0
126.5	-0.0505
126.52	-0.0363
126.54	0.0044
126.56	-0.0009
126.58	-0.0596
126.6	-0.0609
126.62	-0.0347
126.64	-0.0425
126.66	-0.0561
126.68	-0.0333
126.7	-0.0359
126.72	-0.0417
126.74	-0.104
126.76	-0.1444
126.78	-0.1611
126.8	-0.155
126.82	-0.1569
126.84	-0.2375
126.86	-0.2555
126.88	-0.2256
126.9	-0.1229
126.92	-0.1604
126.94	-0.2014
126.96	-0.099
126.98	-0.0206
127	-0.0576
127.02	0.0066
127.04	-0.0052
127.06	-0.0613
127.08	-0.1225
127.1	-0.137
127.12	-0.0735
127.14	-0.0812
127.16	-0.0476
127.18	-0.0217
127.2	0.0525
127.22	0.1545
127.24	0.2059
127.26	0.2083
127.28	0.2715
127.3	0.2705
127.32	0.2451
127.34	0.117
127.36	0.0166
127.38	-0.036
127.4	-0.061
127.42	-0.024
127.44	-0.071
127.46	-0.0266
127.48	-0.0292
127.5	-0.0289
127.52	0.0044
127.54	0.0378
127.56	0.0417
127.58	0.0013
127.6	-0.0506
127.62	-0.0281
127.64	-0.0478
127.66	0.0367
127.68	0.0823
127.7	0.1185
127.72	0.1779
127.74	0.1953
127.76	0.3038
127.78	0.2431
127.8	0.2607
127.82	0.2707
127.84	0.1396
127.86	0.095
127.88	0.1026
127.9	0.0339
127.92	0.0196
127.94	-0.0231
127.96	-0.0435
127.98	-0.0292
128	-0.0919
128.02	-0.0701
128.04	-0.0743
128.06	-0.0945
128.08	0.0393
128.1	0.1525
128.12	0.2296
128.14	0.3889
128.16	0.3849
128.18	0.3709
128.2	0.4034
128.22	0.2303
128.24	0.1009
128.26	-0.0617
128.28	-0.1412
128.3	-0.1738
128.32	-0.1411
128.34	-0.1017
128.36	0.0836
128.38	0.1341
128.4	0.1421
128.42	0.1316
128.44	0.1401
128.46	0.1394
128.48	0.1319
128.5	0.1209
128.52	0.1281
128.54	-0.0084
128.56	0.0104
128.58	-0.0223
128.6	-0.0463
128.62	-0.0586
128.64	-0.1158
128.66	-0.174
128.68	-0.1923
128.7	-0.2697
128.72	-0.1941
128.74	-0.1374
128.76	-0.1403
128.78	-0.067
128.8	-0.111
128.82	-0.2121
128.84	-0.2115
128.86	-0.1562
128.88	-0.1635
128.9	-0.1436
128.92	-0.1059
128.94	-0.0578
128.96	-0.0394
128.98	-0.1303
129	-0.1916
129.02	-0.2252
129.04	-0.2114
129.06	-0.2053
129.08	-0.1
129.1	-0.0325
129.12	-0.036
129.14	-0.0789
129.16	-0.1913
129.18	-0.1352
129.2	-0.0047
129.22	0.0672
129.24	-0.0111
129.26	-0.207
129.28	-0.2373
129.3	-0.1048
129.32	-0.0109
129.34	0.1273
129.36	0.1509
129.38	0.1808
129.4	0.1493
129.42	0.0784
129.44	-0.1381
129.46	-0.1823
129.48	-0.0438
129.5	0.0266
129.52	0.043
129.54	0.1032
129.56	0.0514
129.58	0.093
129.6	0.122
129.62	0.1065
129.64	0.086
129.66	-0.0646
129.68	-0.1131
129.7	-0.2034
129.72	-0.2434
129.74	-0.1341
129.76	-0.0908
129.78	-0.0502
129.8	0.0065
129.82	0.0577
129.84	0.0841
129.86	0.1887
129.88	0.1393
129.9	0.0643
129.92	0.0099
129.94	-0.0653
129.96	-0.0412
129.98	-0.0377
130	0.0309
130.02	0.0217
130.04	-0.0464
130.06	-0.0776
130.08	-0.1748
130.1	-0.208
130.12	-0.2125
130.14	-0.2176
130.16	-0.2279
130.18	-0.1284
130.2	0.0437
130.22	0.116
130.24	0.1334
130.26	0.1537
130.28	0.2579
130.3	0.2555
130.32	0.2616
130.34	0.2269
130.36	0.1971
130.38	0.2036
130.4	0.1764
130.42	0.1407
130.44	0.0912
130.46	-0.005
130.48	-0.106
130.5	-0.1325
130.52	-0.1133
130.54	-0.0886
130.56	-0.0461
130.58	-0.1245
130.6	-0.1511
130.62	-0.1109
130.64	-0.1493
130.66	-0.2108
130.68	-0.099
130.7	0.1139
130.72	0.1944
130.74	0.2287
130.76	0.2902
130.78	0.3277
130.8	0.319
130.82	0.273
130.84	0.2767
130.86	0.3074
130.88	0.2836
130.9	0.3373
130.92	0.3299
130.94	0.2896
130.96	0.2019
130.98	0.1276
131	0.0646
131.02	-0.0089
131.04	-0.023
131.06	-0.0538
131.08	-0.0215
131.1	-0.0547
131.12	-0.1132
131.14	-0.1184
131.16	-0.1134
131.18	-0.0754
131.2	-0.0385
131.22	-0.0773
131.24	-0.1062
131.26	-0.1096
131.28	-0.0892
131.3	-0.0902
131.32	-0.1579
131.34	-0.2155
131.36	-0.2347
131.38	-0.2675
131.4	-0.305
131.42	-0.3709
131.44	-0.4141
131.46	-0.3432
131.48	-0.2365
131.5	-0.1
131.52	0.0999
131.54	0.179
131.56	0.1332
131.58	0.0507
131.6	-0.0817
131.62	-0.1107
131.64	-0.0693
131.66	-0.0766
131.68	-0.0192
131.7	0.0193
131.72	0.0931
131.74	0.1343
131.76	0.0935
131.78	0.0943
131.8	0.0357
131.82	-0.0327
131.84	-0.1086
131.86	-0.1783
131.88	-0.1983
131.9	-0.1339
131.92	-0.0503
131.94	0.0323
131.96	0.1019
131.98	0.1206
132	0.1559
132.02	0.174
132.04	0.1714
132.06	0.1411
132.08	0.0144
132.1	-0.1117
132.12	-0.1805
132.14	-0.209
132.16	-0.1699
132.18	-0.1378
132.2	-0.0959
132.22	-0.075
132.24	-0.0418
132.26	-0.016
132.28	0.0074
132.3	0.0218
132.32	0.1058
132.34	0.1697
132.36	0.1932
132.38	0.2774
132.4	0.3278
132.42	0.3244
132.44	0.3823
132.46	0.411
132.48	0.432
132.5	0.4045
132.52	0.2856
132.54	0.1453
132.56	0.0415
132.58	-0.0012
132.6	0.0781
132.62	0.1121
132.64	0.0799
132.66	0.0641
132.68	-0.079
132.7	-0.1633
132.72	-0.1821
132.74	-0.2151
132.76	-0.1572
132.78	-0.1649
132.8	-0.1269
132.82	-0.0345
132.84	0.1045
132.86	0.1873
132.88	0.1892
132.9	0.1737
132.92	0.1288
132.94	0.1206
132.96	0.1062
132.98	0.0736
133	0.0021
133.02	-0.0937
133.04	-0.164
133.06	-0.1984
133.08	-0.2643
133.1	-0.2218
133.12	-0.112
133.14	-0.0491
133.16	-0.0417
133.18	-0.0749
133.2	-0.1306
133.22	-0.1956
133.24	-0.2638
133.26	-0.3082
133.28	-0.3551
133.3	-0.3693
133.32	-0.3632
133.34	-0.3208
133.36	-0.2578
133.38	-0.2517
133.4	-0.2205
133.42	-0.2217
133.44	-0.1949
133.46	-0.1733
133.48	-0.1856
133.5	-0.1741
133.52	-0.1073
133.54	-0.0792
133.56	0.0294
133.58	0.1282
133.6	0.1619
133.62	0.2019
133.64	0.212
133.66	0.1554
133.68	0.175
133.7	0.1155
133.72	0.0841
133.74	0.1211
133.76	0.033
133.78	-0.0225
133.8	-0.0569
133.82	-0.059
133.84	-0.0047
133.86	0.0301
133.88	0.0679
133.9	0.0431
133.92	-0.0412
133.94	0.006
133.96	0.0283
133.98	0.017
134	0.1001
134.02	0.086
134.04	0.149
134.06	0.1722
134.08	0.1854
134.1	0.0864
134.12	0.0212
134.14	-0.0354
134.16	-0.0948
134.18	-0.039
134.2	-0.0355
134.22	-0.0262
134.24	-0.0039
134.26	0.1001
134.28	0.1713
134.3	0.1591
134.32	0.1873
134.34	0.1948
134.36	0.0782
134.38	0.0612
134.4	-0.0259
134.42	-0.1565
134.44	-0.1345
134.46	-0.1218
134.48	-0.1445
134.5	-0.1116
134.52	-0.0568
134.54	-0.0668
134.56	-0.0253
134.58	-0.0189
134.6	-0.1023
134.62	-0.0417
134.64	-0.051
134.66	-0.0114
134.68	-0.0113
134.7	-0.0397
134.72	0.0039
134.74	0.0954
134.76	0.1905
134.78	0.2492
134.8	0.2406
134.82	0.2152
134.84	0.1835
134.86	0.1432
134.88	0.1413
134.9	0.1975
134.92	0.1212
134.94	0.1615
134.96	0.1447
134.98	0.1809
135	0.1517
135.02	0.2095
135.04	0.2388
135.06	0.1945
135.08	0.1926
135.1	0.1625
135.12	0.1433
135.14	0.0873
135.16	-0.0525
135.18	-0.0496
135.2	-0.0077
135.22	-0.0849
135.24	-0.111
135.26	-0.1418
135.28	-0.258
135.3	-0.2824
135.32	-0.244
135.34	-0.2616
135.36	-0.2233
135.38	-0.2526
135.4	-0.3835
135.42	-0.3748
135.44	-0.3878
135.46	-0.2781
135.48	-0.1554
135.5	-0.1534
135.52	-0.1692
135.54	-0.1376
135.56	-0.009
135.58	0.0999
135.6	0.1162
135.62	0.0755
135.64	0.1121
135.66	0.2117
135.68	0.2555
135.7	0.2524
135.72	0.2428
135.74	0.287
135.76	0.2496
135.78	0.133
135.8	-0.0151
135.82	-0.0925
135.84	-0.1204
135.86	-0.1401
135.88	-0.125
135.9	-0.0936
135.92	-0.0587
135.94	-0.0643
135.96	-0.0836
135.98	-0.0396
136	0.0122
136.02	0.1192
136.04	0.1305
136.06	0.1467
136.08	0.1682
136.1	0.0882
136.12	0.0115
136.14	-0.0743
136.16	-0.0789
136.18	-0.0499
136.2	-0.0364
136.22	-0.0295
136.24	0.0084
136.26	0.0549
136.28	0.0854
136.3	0.1256
136.32	0.0706
136.34	0.0134
136.36	0.0731
136.38	0.0565
136.4	0.058
136.42	0.104
136.44	0.1333
136.46	0.0765
136.48	-0.0167
136.5	-0.0762
136.52	-0.1333
136.54	-0.143
136.56	-0.056
136.58	0.0818
136.6	0.1243
136.62	0.1423
136.64	0.1597
136.66	0.1378
136.68	0.0841
136.7	-0.0169
136.72	-0.1111
136.74	-0.1843
136.76	-0.1967
136.78	-0.2193
136.8	-0.2115
136.82	-0.2058
136.84	-0.2514
136.86	-0.2664
136.88	-0.164
136.9	0.0162
136.92	0.1195
136.94	0.1179
136.96	0.0825
136.98	0.0356
137	-0.042
137.02	-0.0618
137.04	-0.039
137.06	-0.076
137.08	-0.091
137.1	-0.1025
137.12	-0.1237
137.14	-0.1113
137.16	-0.0515
137.18	-0.0249
137.2	-0.0027
137.22	-0.0439
137.24	0.0188
137.26	0.1076
137.28	0.0711
137.3	0.1653
137.32	-0.0185
137.34	0.038
137.36	0.1285
137.38	0.1378
137.4	0.1238
137.42	0.0633
137.44	-0.0467
137.46	-0.1151
137.48	-0.1392
137.5	-0.1744
137.52	-0.1846
137.54	-0.1893
137.56	-0.1877
137.58	-0.1749
137.6	-0.1424
137.62	-0.1112
137.64	-0.039
137.66	0.0243
137.68	0.1154
137.7	0.1232
137.72	0.1016
137.74	0.1202
137.76	0.0794
137.78	0.1246
137.8	0.1085
137.82	0.0817
137.84	0.0971
137.86	0.1357
137.88	0.1459
137.9	0.1472
137.92	0.1389
137.94	0.1876
137.96	0.1968
137.98	0.1756
138	0.1476
138.02	0.0889
138.04	0.0735
138.06	0.0932
138.08	0.0732
138.1	0.0525
138.12	0.0496
138.14	0.1215
138.16	0.0992
138.18	-0.0172
138.2	-0.103
138.22	-0.1264
138.24	-0.1531
138.26	-0.2054
138.28	-0.1834
138.3	-0.1429
138.32	-0.0955
138.34	0.0139
138.36	0.0066
138.38	-0.0225
138.4	-0.0229
138.42	-0.032
138.44	-0.0782
138.46	-0.1495
138.48	-0.181
138.5	-0.1567
138.52	-0.1636
138.54	-0.0935
138.56	-0.0585
138.58	-0.0491
138.6	-0.0333
138.62	0.0069
138.64	0.0184
138.66	0.0835
138.68	0.1282
138.7	0.1269
138.72	0.1941
138.74	0.1883
138.76	0.1513
138.78	0.1313
138.8	0.0656
138.82	0.0115
138.84	-0.0212
138.86	-0.0382
138.88	-0.0867
138.9	-0.1056
138.92	-0.1093
138.94	-0.106
138.96	-0.1463
138.98	-0.1384
139	-0.1409
139.02	-0.1406
139.04	-0.085
139.06	-0.079
139.08	-0.0606
139.1	-0.0216
139.12	0.0339
139.14	0.0801
139.16	0.2181
139.18	0.3065
139.2	0.4091
139.22	0.5118
139.24	0.4633
139.26	0.4364
139.28	0.3498
139.3	0.2492
139.32	0.2217
139.34	0.1723
139.36	0.1192
139.38	0.1185
139.4	0.0665
139.42	0.0136
139.44	0.0425
139.46	-0.0039
139.48	-0.0558
139.5	-0.0671
139.52	-0.0582
139.54	-0.1198
139.56	-0.1152
139.58	-0.1423
139.6	-0.1545
139.62	-0.1198
139.64	-0.1186
139.66	-0.1853
139.68	-0.2042
139.7	-0.1619
139.72	-0.2054
139.74	-0.2735
139.76	-0.3126
139.78	-0.4275
139.8	-0.4203
139.82	-0.3846
139.84	-0.2952
139.86	-0.1985
139.88	-0.163
139.9	-0.1452
139.92	-0.184
139.94	-0.0844
139.96	-0.1085
139.98	-0.1057
140	-0.004
140.02	-0.0786
140.04	-0.0604
140.06	-0.0689
140.08	-0.1295
140.1	-0.0603
140.12	-0.039
140.14	-0.1686
140.16	-0.1041
140.18	-0.1038
140.2	-0.1764
140.22	-0.0668
140.24	-0.1039
140.26	-0.1052
140.28	-0.1119
140.3	-0.1477
140.32	-0.1705
140.34	-0.0399
140.36	-0.0463
140.38	-0.1056
140.4	0.0075
140.42	-0.0732
140.44	0.0158
140.46	0.1267
140.48	0.1459
140.5	0.1741
140.52	0.2695
140.54	0.241
140.56	0.2681
140.58	0.2495
140.6	0.1514
140.62	0.1033
140.64	-0.0794
140.66	-0.1344
140.68	-0.1566
140.7	-0.1322
140.72	-0.1052
140.74	-0.084
140.76	0.0057
140.78	0.0766
140.8	0.1359
140.82	0.1621
140.84	0.2094
140.86	0.1822
140.88	0.116
140.9	0.0606
140.92	0.0383
140.94	-0.0235
140.96	0.1415
140.98	0.1825
141	0.2151
141.02	0.3819
141.04	0.2977
141.06	0.2712
141.08	0.3362
141.1	0.2736
141.12	0.2583
141.14	0.2626
141.16	0.1007
141.18	0.167
141.2	0.1954
141.22	0.231
141.24	0.1597
141.26	0.0825
141.28	-0.0125
141.3	-0.1228
141.32	-0.133
141.34	-0.1349
141.36	-0.157
141.38	-0.1561
141.4	-0.1921
141.42	-0.0601
141.44	-0.0581
141.46	0.0313
141.48	-0.0481
141.5	-0.0666
141.52	-0.1323
141.54	-0.04
141.56	-0.1232
141.58	-0.1117
141.6	-0.1568
141.62	-0.071
141.64	-0.0133
141.66	-0.0093
141.68	0.0757
141.7	0.0013
141.72	0.0765
141.74	0.0821
141.76	0.0083
141.78	0.0506
141.8	-0.0405
141.82	-0.0769
141.84	-0.0127
141.86	-0.0234
141.88	-0.021
141.9	0.1287
141.92	-0.0052
141.94	0.1255
141.96	0.2366
141.98	-0.1857
142	0.0253
142.02	0.1327
142.04	-0.0721
142.06	0.0343
142.08	0.2475
142.1	0.07
142.12	0.1261
142.14	0.2615
142.16	0.0216
142.18	0.0421
142.2	0.2592
142.22	-0.0107
142.24	0.0841
142.26	0.2585
142.28	0.1416
142.3	0.2081
142.32	0.2641
142.34	0.1006
142.36	0.2396
142.38	0.4245
142.4	0.2255
142.42	0.3238
142.44	0.3207
142.46	0.1179
142.48	0.2781
142.5	0.2598
142.52	0.0466
142.54	0.1879
142.56	0.0643
142.58	-0.0553
142.6	-0.069
142.62	-0.0191
142.64	-0.0408
142.66	0.1176
142.68	-0.0293
142.7	-0.004
142.72	-0.0764
142.74	-0.1394
142.76	0.0168
142.78	-0.0365
142.8	-0.0963
142.82	-0.197
142.84	-0.1652
142.86	0.0447
142.88	0.0477
142.9	-0.0926
142.92	-0.1162
142.94	-0.0265
142.96	-0.0582
142.98	-0.125
143	-0.1114
143.02	-0.2103
143.04	-0.1959
143.06	-0.1035
143.08	-0.2623
143.1	-0.1646
143.12	-0.1617
143.14	-0.214
143.16	-0.1402
143.18	-0.1678
143.2	-0.1513
143.22	-0.0754
143.24	-0.0319
143.26	-0.2099
143.28	0.0491
143.3	-0.125
143.32	-0.0854
143.34	0.0393
143.36	-0.0788
143.38	0.0293
143.4	-0.0357
143.42	-0.1498
143.44	-0.0469
143.46	-0.0705
143.48	-0.0543
143.5	0.0359
143.52	0.0238
143.54	-0.0934
143.56	0.1464
143.58	0.0538
143.6	-0.0551
143.62	-0.0339
143.64	-0.0929
143.66	-0.3028
143.68	-0.3216
143.7	-0.2666
143.72	-0.2597
143.74	-0.2046
143.76	0.0174
143.78	0.0195
143.8	-0.0732
143.82	0.0345
143.84	0.1965
143.86	0.3534
143.88	0.4266
143.9	0.2771
143.92	0.0417
143.94	-0.1069
143.96	-0.1846
143.98	-0.3058
144	-0.4609
144.02	-0.5352
144.04	-0.5552
144.06	-0.6201
144.08	-0.4925
144.1	-0.4146
144.12	-0.4497
144.14	-0.4754
144.16	-0.4121
144.18	-0.2294
144.2	-0.1603
144.22	-0.1837
144.24	-0.1424
144.26	-0.2063
144.28	-0.2985
144.3	-0.1493
144.32	-0.0189
144.34	-0.0299
144.36	-0.1087
144.38	-0.21
144.4	-0.1992
144.42	-0.2007
144.44	-0.1782
144.46	-0.2913
144.48	-0.2541
144.5	-0.1567
144.52	-0.1173
144.54	0.056
144.56	0.2027
144.58	0.3
144.6	0.2432
144.62	0.2065
144.64	0.1557
144.66	0.1524
144.68	0.2682
144.7	0.2143
144.72	0.0549
144.74	-0.0716
144.76	-0.0721
144.78	-0.0301
144.8	-0.0641
144.82	-0.1322
144.84	-0.2167
144.86	-0.178
144.88	-0.1442
144.9	-0.0626
144.92	-0.0096
144.94	0.0137
144.96	0.0719
144.98	0.017
145	0.0395
145.02	0.0129
145.04	0.0505
145.06	-0.0186
145.08	-0.1088
145.1	-0.0108
145.12	0.0472
145.14	0.1149
145.16	0.1927
145.18	0.3221
145.2	0.3977
145.22	0.4468
145.24	0.5001
145.26	0.3794
145.28	0.2867
145.3	0.1239
145.32	0.0725
145.34	0.1182
145.36	0.1477
145.38	0.1822
145.4	0.158
145.42	0.1596
145.44	0.1484
145.46	0.2314
145.48	0.1234
145.5	0.021
145.52	0.1165
145.54	0.1548
145.56	0.1662
145.58	0.1578
145.6	0.333
145.62	0.2198
145.64	0.0005
145.66	-0.0297
145.68	-0.0027
145.7	-0.0832
145.72	-0.1535
145.74	-0.0855
145.76	-0.0766
145.78	-0.056
145.8	-0.0427
145.82	-0.0096
145.84	-0.0809
145.86	-0.1414
145.88	-0.0657
145.9	0.0592
145.92	0.0787
145.94	-0.0692
145.96	-0.0176
145.98	0.0159
146	0.0321
146.02	0.1514
146.04	0.1741
146.06	0.1943
146.08	0.1811
146.1	0.2438
146.12	0.2773
146.14	0.3175
146.16	0.3452
146.18	0.3814
146.2	0.4576
146.22	0.467
146.24	0.4954
146.26	0.4845
146.28	0.4613
146.3	0.3442
146.32	0.2016
146.34	0.1815
146.36	0.1437
146.38	0.1225
146.4	0.1409
146.42	0.1696
146.44	0.2579
146.46	0.2525
146.48	0.1795
146.5	0.1052
146.52	0.0404
146.54	-0.028
146.56	-0.055
146.58	-0.0228
146.6	0.0734
146.62	0.1833
146.64	0.2078
146.66	0.1273
146.68	0.0575
146.7	-0.0051
146.72	-0.0209
146.74	-0.0481
146.76	-0.0477
146.78	-0.0599
146.8	0.0064
146.82	0.0793
146.84	0.0758
146.86	0.0729
146.88	-0.0214
146.9	-0.0745
146.92	-0.0682
146.94	-0.0936
146.96	-0.1021
146.98	-0.1317
147	-0.1602
147.02	-0.1747
147.04	-0.1254
147.06	-0.0676
147.08	0.0201
147.1	0.0884
147.12	0.1101
147.14	0.0869
147.16	0.0157
147.18	0.0124
147.2	0.0173
147.22	0.0006
147.24	-0.0421
147.26	-0.0343
147.28	0.0291
147.3	0.0883
147.32	0.1295
147.34	0.1349
147.36	0.0754
147.38	0.0535
147.4	-0.04
147.42	-0.1286
147.44	-0.148
147.46	-0.167
147.48	-0.1967
147.5	-0.2039
147.52	-0.18
147.54	-0.1003
147.56	-0.076
147.58	-0.1399
147.6	-0.2208
147.62	-0.1909
147.64	-0.2318
147.66	-0.2026
147.68	-0.2228
147.7	-0.2737
147.72	-0.053
147.74	-0.0693
147.76	0.0001
147.78	0.0791
147.8	0.0882
147.82	0.0263
147.84	0.0013
147.86	-0.0964
147.88	-0.2285
147.9	-0.2567
147.92	-0.2842
147.94	-0.2862
147.96	-0.2919
147.98	-0.2859
148	-0.2714
148.02	-0.243
148.04	-0.2083
148.06	-0.2483
148.08	-0.2499
148.1	-0.2473
148.12	-0.2256
148.14	-0.1831
148.16	-0.1257
148.18	-0.125
148.2	-0.1776
148.22	-0.1732
148.24	-0.1516
148.26	-0.1655
148.28	-0.2116
148.3	-0.2298
148.32	-0.2223
148.34	-0.2214
148.36	-0.211
148.38	-0.2065
148.4	-0.1882
148.42	-0.1626
148.44	-0.1753
148.46	-0.1583
148.48	-0.2035
148.5	-0.1931
148.52	-0.1678
148.54	-0.1317
148.56	-0.1113
148.58	-0.1322
148.6	-0.1559
148.62	-0.0944
148.64	-0.011
148.66	0.0919
148.68	0.1523
148.7	0.2051
148.72	0.2818
148.74	0.3167
148.76	0.3749
148.78	0.4017
148.8	0.3967
148.82	0.3606
148.84	0.3618
148.86	0.3322
148.88	0.2884
148.9	0.2165
148.92	0.148
148.94	0.0215
148.96	-0.0906
148.98	-0.1244
149	-0.1541
149.02	-0.1135
149.04	-0.1317
149.06	-0.1696
149.08	-0.1471
149.1	-0.1235
149.12	-0.1795
149.14	-0.1973
149.16	-0.2305
149.18	-0.2386
149.2	-0.2415
149.22	-0.2229
149.24	-0.2018
149.26	-0.1617
149.28	-0.1246
149.3	-0.0993
149.32	-0.0852
149.34	-0.0777
149.36	-0.0477
149.38	-0.003
149.4	0.0137
149.42	-0.003
149.44	-0.018
149.46	-0.0581
149.48	-0.0863
149.5	-0.1034
149.52	-0.1164
149.54	-0.0918
149.56	-0.0579
149.58	-0.0064
149.6	0.0245
149.62	0.0135
149.64	0.07
149.66	0.1191
149.68	0.1207
149.7	0.1192
149.72	0.1102
149.74	0.0785
149.76	0.0432
149.78	0.0311
149.8	0.0749
149.82	0.1054
149.84	0.1124
149.86	0.1237
149.88	0.1474
149.9	0.1486
149.92	0.1717
149.94	0.1414
149.96	0.082
149.98	0.0695
150	0.0862
150.02	0.0914
150.04	0.1118
150.06	0.1246
150.08	0.1389
150.1	0.1547
150.12	0.2005
150.14	0.2407
150.16	0.2607
150.18	0.2624
150.2	0.2503
150.22	0.2168
150.24	0.1903
150.26	0.1451
150.28	0.1011
150.3	0.0667
150.32	0.0498
150.34	0.0586
150.36	0.0759
150.38	0.0911
150.4	0.1024
150.42	0.1139
150.44	0.1391
150.46	0.1483
150.48	0.1282
150.5	0.0708
150.52	0.0372
150.54	-0.0195
150.56	-0.059
150.58	-0.0792
150.6	-0.1566
150.62	-0.1601
150.64	-0.1537
150.66	-0.0864
150.68	-0.0036
150.7	0.051
150.72	0.0972
150.74	0.1377
150.76	0.1686
150.78	0.1815
150.8	0.1426
150.82	0.1214
150.84	0.1652
150.86	0.1776
150.88	0.2249
150.9	0.217
150.92	0.1787
150.94	0.1257
150.96	0.0926
150.98	0.0411
151	0.0462
151.02	-0.0128
151.04	0.0014
151.06	-0.0036
151.08	0.03
151.1	0.0594
151.12	0.0501
151.14	0.098
151.16	0.1014
151.18	0.0926
151.2	0.0571
151.22	-0.0065
151.24	-0.0677
151.26	-0.0647
151.28	-0.0662
151.3	-0.0791
151.32	-0.1049
151.34	-0.1379
151.36	-0.103
151.38	-0.0542
151.4	-0.0094
151.42	0.0124
151.44	0.0156
151.46	0.0233
151.48	0.0482
151.5	0.0734
151.52	0.0692
151.54	0.028
151.56	-0.0151
151.58	-0.0413
151.6	-0.0211
151.62	-0.0354
151.64	-0.0507
151.66	-0.0559
151.68	-0.0585
151.7	-0.052
151.72	-0.0387
151.74	-0.0469
151.76	-0.0211
151.78	-0.0595
151.8	-0.0434
151.82	-0.0094
151.84	-0.0019
151.86	0.0013
151.88	-0.0273
151.9	-0.0981
151.92	-0.0891
151.94	-0.1005
151.96	-0.1242
151.98	-0.1319
152	-0.1786
152.02	-0.2201
152.04	-0.2496
152.06	-0.2682
152.08	-0.2464
152.1	-0.2335
152.12	-0.2269
152.14	-0.237
152.16	-0.2482
152.18	-0.2516
152.2	-0.2343
152.22	-0.2284
152.24	-0.2158
152.26	-0.2224
152.28	-0.2188
152.3	-0.173
152.32	-0.1374
152.34	-0.1028
152.36	-0.0725
152.38	-0.0573
152.4	-0.0449
152.42	-0.0469
152.44	-0.0701
152.46	-0.0796
152.48	-0.0842
152.5	-0.0968
152.52	-0.1023
152.54	-0.0953
152.56	-0.1154
152.58	-0.0998
152.6	-0.1157
152.62	-0.1216
152.64	-0.0936
152.66	-0.0742
152.68	-0.0645
152.7	-0.0301
152.72	-0.0447
152.74	-0.027
152.76	-0.0119
152.78	0.0041
152.8	0.0118
152.82	0.0405
152.84	0.0443
152.86	0.0885
152.88	0.13
152.9	0.1313
152.92	0.1544
152.94	0.1694
152.96	0.1756
152.98	0.2054
153	0.2327
153.02	0.2523
153.04	0.3042
153.06	0.3229
153.08	0.331
153.1	0.3116
153.12	0.2898
153.14	0.2999
153.16	0.2678
153.18	0.2756
153.2	0.2598
153.22	0.222
153.24	0.2235
153.26	0.1917
153.28	0.1652
153.3	0.1435
153.32	0.1236
153.34	0.1123
153.36	0.1191
153.38	0.0721
153.4	0.0559
153.42	0.0229
153.44	-0.0064
153.46	0.0023
153.48	-0.0186
153.5	-0.0109
153.52	-0.0205
153.54	-0.005
153.56	0.048
153.58	0.0742
153.6	0.0874
153.62	0.0762
153.64	0.0558
153.66	0.0853
153.68	0.1087
153.7	0.1332
153.72	0.1512
153.74	0.0843
153.76	0.0515
153.78	0.0045
153.8	-0.0131
153.82	0.0091
153.84	-0.0195
153.86	-0.082
153.88	-0.1021
153.9	-0.1243
153.92	-0.1326
153.94	-0.0972
153.96	-0.0648
153.98	-0.0103
154	0.0285
154.02	0.054
154.04	0.075
154.06	0.1065
154.08	0.1305
154.1	0.1274
154.12	0.1034
154.14	0.0528
154.16	0.0537
154.18	0.0506
154.2	0.0028
154.22	-0.0184
154.24	-0.0294
154.26	-0.0234
154.28	-0.0306
154.3	-0.0351
154.32	-0.0962
154.34	-0.12
154.36	-0.1452
154.38	-0.1475
154.4	-0.1354
154.42	-0.1888
154.44	-0.1861
154.46	-0.2017
154.48	-0.2092
154.5	-0.176
154.52	-0.1423
154.54	-0.0635
154.56	-0.0295
154.58	-0.0735
154.6	-0.0961
154.62	-0.123
154.64	-0.1429
154.66	-0.1289
154.68	-0.1248
154.7	-0.1187
154.72	-0.1434
154.74	-0.1521
154.76	-0.1341
154.78	-0.1036
154.8	-0.113
154.82	-0.1278
154.84	-0.1672
154.86	-0.1468
154.88	-0.1106
154.9	-0.0577
154.92	-0.0222
154.94	-0.0069
154.96	0.0134
154.98	0.0362
155	0.0401
155.02	0.0233
155.04	0.0098
155.06	-0.0015
155.08	0.0084
155.1	-0.0019
155.12	0.0049
155.14	-0.0251
155.16	-0.0302
155.18	-0.014
155.2	0.011
155.22	0.0261
155.24	-0.0228
155.26	-0.0677
155.28	-0.058
155.3	-0.0451
155.32	-0.0709
155.34	-0.1434
155.36	-0.1987
155.38	-0.1863
155.4	-0.156
155.42	-0.1291
155.44	-0.1215
155.46	-0.0889
155.48	-0.0457
155.5	-0.0206
155.52	-0.0342
155.54	-0.0706
155.56	-0.0692
155.58	-0.0559
155.6	-0.0469
155.62	-0.0441
155.64	-0.0178
155.66	0.0063
155.68	0.0334
155.7	0.0836
155.72	0.143
155.74	0.1756
155.76	0.1757
155.78	0.2032
155.8	0.2052
155.82	0.1933
155.84	0.1803
155.86	0.1534
155.88	0.1327
155.9	0.1598
155.92	0.139
155.94	0.1087
155.96	0.0846
155.98	0.038
156	0.0347
156.02	0.0639
156.04	0.0633
156.06	0.0757
156.08	0.102
156.1	0.0742
156.12	0.0933
156.14	0.0674
156.16	0.0477
156.18	0.0556
156.2	0.0611
156.22	0.0738
156.24	0.0832
156.26	0.0748
156.28	0.0563
156.3	0.056
156.32	0.0245
156.34	0.0279
156.36	0.0316
156.38	0.0168
156.4	0.0051
156.42	-0.0051
156.44	-0.014
156.46	0.022
156.48	0.0394
156.5	0.0505
156.52	0.0599
156.54	0.0497
156.56	0.0437
156.58	0.0305
156.6	0.05
156.62	0.0496
156.64	0.0272
156.66	0.0268
156.68	0.0735
156.7	0.0605
156.72	0.076
156.74	0.0586
156.76	0.0139
156.78	0.0266
156.8	0.0236
156.82	0.0121
156.84	0.0051
156.86	0.0197
156.88	0.019
156.9	0.0068
156.92	0.0096
156.94	0.001
156.96	-0.0246
156.98	-0.0444
157	-0.0633
157.02	-0.0869
157.04	-0.1279
157.06	-0.1599
157.08	-0.1649
157.1	-0.1347
157.12	-0.0869
157.14	-0.0423
157.16	-0.0173
157.18	-0.0302
157.2	-0.031
157.22	-0.0185
157.24	-0.0118
157.26	-0.0066
157.28	-0.0055
157.3	-0.0085
157.32	-0.0183
157.34	-0.0123
157.36	-0.018
157.38	-0.0385
157.4	-0.0272
157.42	-0.0081
157.44	0.0119
157.46	0.0216
157.48	0.0082
157.5	-0.0211
157.52	-0.0307
157.54	-0.0556
157.56	-0.0468
157.58	-0.0616
157.6	-0.0399
157.62	-0.0589
157.64	-0.0698
157.66	-0.0804
157.68	-0.1249
157.7	-0.1527
157.72	-0.1704
157.74	-0.1746
157.76	-0.1422
157.78	-0.1363
157.8	-0.1139
157.82	-0.1154
157.84	-0.1154
157.86	-0.116
157.88	-0.1054
157.9	-0.0986
157.92	-0.112
157.94	-0.115
157.96	-0.0997
157.98	-0.0798
158	-0.057
158.02	-0.0291
158.04	0.0023
158.06	0.0255
158.08	0.0492
158.1	0.0475
158.12	0.0567
158.14	0.0549
158.16	0.0404
158.18	0.0134
158.2	0.0388
158.22	0.0745
158.24	0.093
158.26	0.1056
158.28	0.0906
158.3	0.074
158.32	0.1072
158.34	0.1268
158.36	0.1222
158.38	0.126
158.4	0.0749
158.42	0.0636
158.44	0.0649
158.46	0.0914
158.48	0.0864
158.5	0.0539
158.52	0.0204
158.54	0.0416
158.56	0.0529
158.58	0.1011
158.6	0.1455
158.62	0.141
158.64	0.1369
158.66	0.1271
158.68	0.1005
158.7	0.0827
158.72	0.0089
158.74	-0.0063
158.76	0.0276
158.78	0.0599
158.8	0.0768
158.82	0.1567
158.84	0.0941
158.86	-0.0215
158.88	0.0033
158.9	-0.0118
158.92	-0.0011
158.94	-0.0098
158.96	-0.0029
158.98	-0.0091
159	-0.0039
159.02	-0.0088
159.04	-0.0046
159.06	-0.0087
159.08	-0.0052
159.1	-0.0087
159.12	-0.0056
159.14	-0.0088
159.16	-0.006
159.18	-0.0089
159.2	-0.0063
159.22	-0.009
159.24	-0.0066
159.26	-0.0091
159.28	-0.0069
159.3	-0.0092
159.32	-0.0071
159.34	-0.0093
159.36	-0.0074
159.38	-0.0094
159.4	-0.0076
159.42	-0.0095
159.44	-0.0077
159.46	-0.0095
159.48	-0.0079
159.5	-0.0096
159.52	-0.008
159.54	-0.0097
159.56	-0.0082
159.58	-0.0097
159.6	-0.0083
159.62	-0.0098
159.64	-0.0084
159.66	-0.0098
159.68	-0.0084
159.7	-0.0098
159.72	-0.0085
159.74	-0.0099
159.76	-0.0085
159.78	-0.0099
159.8	-0.0086
159.82	-0.0099
159.84	-0.0086
159.86	-0.0098
159.88	-0.0086
159.9	-0.0098
159.92	-0.0086
159.94	-0.0098
159.96	-0.0086
159.98	-0.0097
160	-0.0085
160.02	-0.0096
160.04	-0.0085
160.06	-0.0096
160.08	-0.0084
160.1	-0.0095
160.12	-0.0084
160.14	-0.0094
160.16	-0.0083
160.18	-0.0093
160.2	-0.0082
160.22	-0.0092
160.24	-0.0081
160.26	-0.0091
160.28	-0.008
160.3	-0.0089
160.32	-0.0079
160.34	-0.0088
160.36	-0.0077
160.38	-0.0086
160.4	-0.0076
160.42	-0.0085
160.44	-0.0074
160.46	-0.0083
160.48	-0.0073
160.5	-0.0082
160.52	-0.0071
160.54	-0.008
160.56	-0.007
160.58	-0.0078
160.6	-0.0068
160.62	-0.0076
160.64	-0.0066
160.66	-0.0074
160.68	-0.0064
160.7	-0.0072
160.72	-0.0062
160.74	-0.007
160.76	-0.006
160.78	-0.0068
160.8	-0.0058
160.82	-0.0066
160.84	-0.0056
160.86	-0.0064
160.88	-0.0054
160.9	-0.0062
160.92	-0.0052
160.94	-0.006
160.96	-0.005
160.98	-0.0057
161	-0.0047
161.02	-0.0055
161.04	-0.0045
161.06	-0.0053
161.08	-0.0043
161.1	-0.0051
161.12	-0.0041
161.14	-0.0048
161.16	-0.0039
161.18	-0.0046
161.2	-0.0036
161.22	-0.0044
161.24	-0.0034
161.26	-0.0042
161.28	-0.0032
161.3	-0.0039
161.32	-0.003
161.34	-0.0037
161.36	-0.0027
161.38	-0.0035
161.4	-0.0025
161.42	-0.0033
161.44	-0.0023
161.46	-0.0031
161.48	-0.0021
161.5	-0.0028
161.52	-0.0019
161.54	-0.0026
161.56	-0.0017
161.58	-0.0024
161.6	-0.0015
161.62	-0.0022
161.64	-0.0013
161.66	-0.002
161.68	-0.0011
161.7	-0.0018
161.72	-0.0009
161.74	-0.0016
161.76	-0.0007
161.78	-0.0014
161.8	-0.0005
161.82	-0.0012
161.84	-0.0003
161.86	-0.0011
161.88	-0.0001
161.9	-0.0009
161.92	0
161.94	-0.0007
161.96	0.0002
161.98	-0.0006
162	0.0003
162.02	-0.0004
162.04	0.0005
162.06	-0.0003
162.08	0.0006
162.1	-0.0001
162.12	0.0008
162.14	0
162.16	0.0009
162.18	0.0002
162.2	0.001
162.22	0.0003
162.24	0.0012
162.26	0.0004
162.28	0.0013
162.3	0.0005
162.32	0.0014
162.34	0.0006
162.36	0.0015
162.38	0.0007
162.4	0.0016
162.42	0.0008
162.44	0.0017
162.46	0.0009
162.48	0.0018
162.5	0.001
162.52	0.0018
162.54	0.0011
162.56	0.0019
162.58	0.0011
162.6	0.002
162.62	0.0012
162.64	0.002
162.66	0.0013
162.68	0.0021
162.7	0.0013
162.72	0.0021
162.74	0.0014
162.76	0.0022
162.78	0.0014
162.8	0.0022
162.82	0.0014
162.84	0.0022
162.86	0.0015
162.88	0.0022
162.9	0.0015
162.92	0.0023
162.94	0.0015
162.96	0.0023
162.98	0.0015
163	0.0023
163.02	0.0015
163.04	0.0023
163.06	0.0015
163.08	0.0023
163.1	0.0015
163.12	0.0023
163.14	0.0015
163.16	0.0022
163.18	0.0015
163.2	0.0022
163.22	0.0015
163.24	0.0022
163.26	0.0014
163.28	0.0022
163.3	0.0014
163.32	0.0022
163.34	0.0014
163.36	0.0021
163.38	0.0013
163.4	0.0021
163.42	0.0013
163.44	0.002
163.46	0.0013
163.48	0.002
163.5	0.0012
163.52	0.002
163.54	0.0012
163.56	0.0019
163.58	0.0011
163.6	0.0019
163.62	0.0011
163.64	0.0018
163.66	0.001
163.68	0.0018
163.7	0.001
163.72	0.0017
163.74	0.0009
163.76	0.0017
163.78	0.0009
163.8	0.0016
163.82	0.0008
