t (s)	ag (m/s^2)
0	0.0000051295
0.01	-0.0000044057
0.02	-0.0000405270
0.03	-0.0000391620
0.04	-0.0000522610
0.05	0.0000032302
0.06	0.0000751080
0.07	0.0001057100
0.08	-0.0000268170
0.09	-0.0000932160
0.1	0.0000931560
0.11	0.0000558330
0.12	-0.0001151600
0.13	-0.0002461800
0.14	-0.0000532710
0.15	0.0003225300
0.16	0.0002271600
0.17	0.0000130990
0.18	-0.0000842730
0.19	-0.0001148600
0.2	-0.0001864600
0.21	-0.0001829600
0.22	0.0001623400
0.23	0.0002773000
0.24	0.0000430670
0.25	-0.0001042200
0.26	-0.0000749130
0.27	0.0000037107
0.28	0.0000868330
0.29	0.0000626730
0.3	-0.0000630140
0.31	0.0000334410
0.32	0.0001254700
0.33	0.0000454360
0.34	-0.0001366100
0.35	-0.0003126800
0.36	-0.0001280300
0.37	0.0002581500
0.38	0.0003717800
0.39	0.0000878070
0.4	-0.0001874800
0.41	-0.0001531100
0.42	-0.0000465440
0.43	-0.0000439070
0.44	-0.0000159310
0.45	0.0001157300
0.46	0.0002042500
0.47	0.0001157000
0.48	-0.0000957720
0.49	-0.0001742400
0.5	-0.0000458270
0.51	-0.0000542220
0.52	-0.0001157300
0.53	0.0001155800
0.54	0.0002646300
0.55	0.0000650670
0.56	-0.0001447000
0.57	-0.0001557000
0.58	-0.0000138560
0.59	0.0000535170
0.6	0.0000267640
0.61	0.0000032065
0.62	-0.0000332890
0.63	0.0000736880
0.64	0.0001358500
0.65	-0.0000951700
0.66	-0.0002553600
0.67	-0.0000440560
0.68	0.0001538700
0.69	0.0000962100
0.7	0.0000342230
0.71	0.0000352490
0.72	-0.0000143020
0.73	-0.0002364700
0.74	-0.0001925300
0.75	0.0002620200
0.76	0.0003084900
0.77	-0.0001483300
0.78	-0.0003118500
0.79	0.0000326320
0.8	0.0002267400
0.81	0.0000243090
0.82	-0.0001149200
0.83	0.0000257770
0.84	0.0000539690
0.85	-0.0000234750
0.86	0.0000836030
0.87	-0.0000733660
0.88	-0.0002763600
0.89	-0.0000034466
0.9	0.0002237400
0.91	0.0001264800
0.92	-0.0000560930
0.93	-0.0000838400
0.94	0.0000745140
0.95	0.0000852460
0.96	-0.0001042600
0.97	-0.0002362000
0.98	-0.0000927260
0.99	0.0001124800
1	0.0001381900
1.01	0.0000921350
1.02	-0.0000021352
1.03	-0.0000168640
1.04	-0.0000336220
1.05	-0.0001451100
1.06	-0.0001453200
1.07	0.0000762930
1.08	0.0002438500
1.09	0.0000964460
1.1	-0.0000456360
1.11	-0.0000245380
1.12	-0.0000043788
1.13	-0.0000457360
1.14	-0.0000735290
1.15	-0.0000559740
1.16	0.0000260180
1.17	0.0001152100
1.18	-0.0000256920
1.19	-0.0001327600
1.2	-0.0000376730
1.21	0.0001688100
1.22	0.0002714800
1.23	-0.0000112770
1.24	-0.0001973500
1.25	-0.0001634200
1.26	-0.0000443730
1.27	0.0001531200
1.28	0.0000691440
1.29	-0.0000999680
1.3	0.0000314040
1.31	0.0000589920
1.32	-0.0000489690
1.33	0.0000708550
1.34	0.0001279100
1.35	0.0000548970
1.36	-0.0001065400
1.37	-0.0001008500
1.38	0.0000199990
1.39	0.0000113880
1.4	0.0001293800
1.41	0.0000603160
1.42	-0.0001880000
1.43	-0.0001734400
1.44	0.0001363600
1.45	0.0002122600
1.46	-0.0000299340
1.47	-0.0001003000
1.48	0.0000312000
1.49	0.0000801050
1.5	-0.0001405600
1.51	-0.0001070900
1.52	0.0000860770
1.53	0.0000363450
1.54	0.0000330630
1.55	0.0000585900
1.56	0.0000018560
1.57	-0.0001312000
1.58	-0.0001673900
1.59	0.0000373310
1.6	0.0002144800
1.61	0.0001454100
1.62	0.0000462280
1.63	-0.0000858870
1.64	-0.0002430800
1.65	-0.0000759460
1.66	0.0001864200
1.67	0.0001150900
1.68	-0.0001448900
1.69	-0.0001435500
1.7	0.0000839210
1.71	0.0001072900
1.72	-0.0000764070
1.73	-0.0000829390
1.74	0.0001144200
1.75	0.0000958300
1.76	-0.0000541130
1.77	-0.0000555940
1.78	-0.0000029580
1.79	-0.0000762490
1.8	-0.0001529200
1.81	0.0000543750
1.82	0.0001959600
1.83	-0.0000242040
1.84	-0.0002054100
1.85	-0.0000531710
1.86	0.0000842000
1.87	0.0001564700
1.88	0.0003653500
1.89	0.0001447300
1.9	-0.0003625800
1.91	-0.0004272600
1.92	-0.0001210600
1.93	0.0001120400
1.94	0.0001386800
1.95	0.0002232900
1.96	0.0002966400
1.97	0.0001458600
1.98	-0.0002759900
1.99	-0.0004818700
2	-0.0001775700
2.01	0.0001188700
2.02	0.0002326400
2.03	0.0002278900
2.04	0.0001241400
2.05	-0.0001237700
2.06	-0.0002443200
2.07	-0.0001149400
2.08	-0.0000535870
2.09	0.0000948060
2.1	0.0001963400
2.11	0.0001350200
2.12	0.0000861860
2.13	-0.0001349500
2.14	-0.0002536100
2.15	-0.0001152400
2.16	-0.0000233880
2.17	0.0000948650
2.18	0.0002459700
2.19	0.0001861900
2.2	-0.0000759990
2.21	-0.0001713100
2.22	-0.0001487200
2.23	-0.0001787200
2.24	-0.0000606830
2.25	0.0002022800
2.26	0.0002495800
2.27	0.0000706830
2.28	0.0000424120
2.29	-0.0001230200
2.3	-0.0002934500
2.31	-0.0001270000
2.32	0.0001398300
2.33	0.0002109300
2.34	0.0000104440
2.35	-0.0000180630
2.36	0.0000779910
2.37	0.0000254970
2.38	-0.0001661200
2.39	-0.0001504200
2.4	0.0001104800
2.41	0.0000918270
2.42	-0.0001202600
2.43	-0.0001090200
2.44	0.0000820580
2.45	0.0001076000
2.46	0.0000859800
2.47	0.0000337650
2.48	-0.0000408130
2.49	-0.0001583200
2.5	-0.0003100600
2.51	-0.0000076773
2.52	0.0003681200
2.53	0.0003550100
2.54	0.0000851330
2.55	-0.0001921700
2.56	-0.0003170700
2.57	-0.0002308800
2.58	0.0000327330
2.59	0.0000882940
2.6	0.0000744220
2.61	0.0001561000
2.62	0.0002368200
2.63	0.0002138600
2.64	-0.0000713370
2.65	-0.0003373800
2.66	-0.0003607700
2.67	-0.0001572500
2.68	-0.0000214730
2.69	-0.0000260480
2.7	0.0003270400
2.71	0.0006656100
2.72	0.0003353900
2.73	-0.0002228600
2.74	-0.0006559100
2.75	-0.0006817900
2.76	-0.0001766700
2.77	0.0002786600
2.78	0.0004731600
2.79	0.0005186400
2.8	0.0005033900
2.81	0.0001082500
2.82	-0.0008060400
2.83	-0.0010625000
2.84	-0.0001650700
2.85	0.0006263200
2.86	0.0005964100
2.87	0.0002646600
2.88	0.0000882060
2.89	-0.0001270900
2.9	-0.0003803000
2.91	-0.0002781200
2.92	0.0000501000
2.93	0.0001523000
2.94	0.0000489300
2.95	-0.0000058631
2.96	-0.0000133010
2.97	0.0001164800
2.98	0.0001046400
2.99	-0.0000520320
3	-0.0000260400
3.01	-0.0001121600
3.02	-0.0002051600
3.03	-0.0000835690
3.04	0.0001064800
3.05	0.0001349400
3.06	0.0001875700
3.07	0.0003045200
3.08	-0.0000426890
3.09	-0.0002946200
3.1	-0.0001539200
3.11	-0.0001832600
3.12	-0.0001850800
3.13	0.0000075089
3.14	0.0002247400
3.15	0.0003371200
3.16	0.0003856200
3.17	0.0002959500
3.18	-0.0002731400
3.19	-0.0008250700
3.2	-0.0005524600
3.21	0.0000647260
3.22	0.0002872700
3.23	0.0003654400
3.24	0.0005363200
3.25	0.0003764600
3.26	-0.0002445600
3.27	-0.0005829000
3.28	-0.0004348300
3.29	-0.0002429700
3.3	0.0000155130
3.31	0.0002865700
3.32	0.0005260500
3.33	0.0005861400
3.34	0.0001663100
3.35	-0.0004039100
3.36	-0.0006837600
3.37	-0.0005537500
3.38	-0.0001539200
3.39	0.0003063100
3.4	0.0006462400
3.41	0.0005859600
3.42	0.0001667800
3.43	-0.0002746500
3.44	-0.0004626600
3.45	-0.0003950000
3.46	-0.0002025600
3.47	0.0000152410
3.48	0.0001769100
3.49	0.0003759800
3.5	0.0004461500
3.51	0.0001966300
3.52	-0.0002541500
3.53	-0.0005035000
3.54	-0.0002935100
3.55	-0.0001445600
3.56	0.0000278300
3.57	0.0004241100
3.58	0.0004389200
3.59	0.0001535800
3.6	-0.0000812970
3.61	-0.0002353200
3.62	-0.0002731800
3.63	-0.0001828300
3.64	-0.0000059510
3.65	0.0000698510
3.66	0.0001318900
3.67	0.0003811800
3.68	0.0002316600
3.69	-0.0002196800
3.7	-0.0002064900
3.71	-0.0000821990
3.72	0.0000163120
3.73	-0.0000547620
3.74	-0.0001017500
3.75	0.0003142300
3.76	0.0003982100
3.77	-0.0000246720
3.78	-0.0003836400
3.79	-0.0002324400
3.8	0.0000842210
3.81	0.0000692510
3.82	0.0001133200
3.83	0.0000892590
3.84	0.0000242020
3.85	0.0000477470
3.86	-0.0001139800
3.87	-0.0000839400
3.88	0.0000372230
3.89	-0.0001743900
3.9	-0.0000831510
3.91	0.0003167500
3.92	0.0002052400
3.93	-0.0000115270
3.94	0.0000838810
3.95	0.0000591810
3.96	-0.0002159000
3.97	-0.0003219800
3.98	-0.0000239110
3.99	0.0000755720
4	0.0000386100
4.01	0.0002634500
4.02	0.0002499500
4.03	-0.0001768400
4.04	-0.0003008600
4.05	0.0000750190
4.06	0.0000266130
4.07	-0.0002421800
4.08	-0.0000760280
4.09	0.0001999300
4.1	0.0002127100
4.11	-0.0000296950
4.12	-0.0000568030
4.13	0.0000092007
4.14	0.0000046969
4.15	0.0000176600
4.16	-0.0001439500
4.17	-0.0001933400
4.18	-0.0000133100
4.19	0.0001463500
4.2	0.0002068500
4.21	0.0001262000
4.22	-0.0000329010
4.23	-0.0001541500
4.24	-0.0001024600
4.25	-0.0001045300
4.26	-0.0002022900
4.27	0.0001157000
4.28	0.0004770900
4.29	0.0001967200
4.3	-0.0003741300
4.31	-0.0004420500
4.32	0.0000849620
4.33	0.0004582800
4.34	0.0002953700
4.35	-0.0000528640
4.36	-0.0004628300
4.37	-0.0006049900
4.38	0.0000992800
4.39	0.0005733200
4.4	0.0002502400
4.41	0.0001732800
4.42	0.0000393800
4.43	-0.0005750900
4.44	-0.0007426400
4.45	0.0001569700
4.46	0.0009257000
4.47	0.0005479500
4.48	-0.0001244000
4.49	-0.0004927900
4.5	-0.0004429600
4.51	-0.0000845640
4.52	0.0001788100
4.53	0.0002540200
4.54	0.0001996200
4.55	0.0000240070
4.56	-0.0002310900
4.57	-0.0002746700
4.58	-0.0000427480
4.59	0.0003170100
4.6	0.0002558600
4.61	-0.0002220600
4.62	-0.0001544300
4.63	-0.0000023688
4.64	-0.0001536000
4.65	-0.0000335230
4.66	0.0000577010
4.67	0.0002052600
4.68	0.0003687100
4.69	-0.0000554120
4.7	-0.0004109400
4.71	-0.0002354200
4.72	0.0001388300
4.73	0.0003850000
4.74	0.0001082900
4.75	-0.0001943800
4.76	-0.0001723200
4.77	-0.0000637920
4.78	0.0000872240
4.79	0.0000365430
4.8	-0.0000429350
4.81	0.0000665000
4.82	0.0001473700
4.83	0.0000060472
4.84	-0.0002720500
4.85	-0.0001645300
4.86	0.0001384000
4.87	0.0001953200
4.88	0.0001981300
4.89	0.0000161010
4.9	-0.0001830900
4.91	-0.0001922900
4.92	-0.0001748800
4.93	0.0001394600
4.94	0.0003036500
4.95	0.0000704730
4.96	-0.0000567150
4.97	-0.0000698240
4.98	-0.0000157520
4.99	-0.0000513030
5	0.0000061159
5.01	0.0000767240
5.02	0.0000080036
5.03	0.0000951730
5.04	0.0000990210
5.05	0.0000648290
5.06	-0.0001213700
5.07	-0.0003640100
5.08	-0.0000931690
5.09	0.0000982920
5.1	0.0000643220
5.11	0.0002406900
5.12	0.0002024100
5.13	-0.0000981890
5.14	-0.0003976600
5.15	-0.0001792400
5.16	0.0003545300
5.17	0.0001177600
5.18	-0.0002019900
5.19	-0.0000257350
5.2	0.0002010400
5.21	0.0000921460
5.22	-0.0002179900
5.23	-0.0000475850
5.24	0.0001006600
5.25	0.0000245700
5.26	-0.0000718800
5.27	-0.0001229000
5.28	-0.0000340240
5.29	-0.0000913450
5.3	0.0001851700
5.31	0.0004188200
5.32	-0.0000644890
5.33	-0.0003618300
5.34	-0.0001536400
5.35	0.0000472620
5.36	0.0000073339
5.37	-0.0000037709
5.38	0.0001784800
5.39	0.0001149400
5.4	-0.0000200530
5.41	-0.0000465380
5.42	-0.0001087400
5.43	-0.0001074600
5.44	-0.0000884250
5.45	0.0000630360
5.46	0.0001902600
5.47	0.0000051373
5.48	-0.0001823600
5.49	0.0000079689
5.5	0.0000750140
5.51	-0.0001099400
5.52	-0.0000462200
5.53	0.0000302580
5.54	0.0001946500
5.55	0.0001885100
5.56	-0.0003129600
5.57	-0.0003141500
5.58	0.0000695410
5.59	0.0000339260
5.6	0.0001506300
5.61	0.0001839300
5.62	-0.0001204100
5.63	0.0000158980
5.64	0.0001569600
5.65	0.0000088431
5.66	-0.0001958600
5.67	-0.0002088000
5.68	0.0001425600
5.69	0.0002318700
5.7	-0.0000071818
5.71	-0.0001391900
5.72	0.0000144790
5.73	0.0000988870
5.74	-0.0000836030
5.75	-0.0001027800
5.76	-0.0000423040
5.77	-0.0000436630
5.78	0.0000882670
5.79	0.0001560000
5.8	-0.0000214550
5.81	-0.0000842740
5.82	0.0000488660
5.83	-0.0000145610
5.84	-0.0001009800
5.85	-0.0000344480
5.86	-0.0000514620
5.87	-0.0000235020
5.88	0.0000372280
5.89	0.0000680340
5.9	0.0000956710
5.91	-0.0000105830
5.92	-0.0001453000
5.93	-0.0000501030
5.94	0.0000747660
5.95	-0.0001105800
5.96	-0.0001445000
5.97	0.0001386100
5.98	0.0001962300
5.99	-0.0000519070
6	-0.0001934200
6.01	-0.0000521220
6.02	0.0000368060
6.03	0.0000275190
6.04	0.0000873860
6.05	0.0001167900
6.06	0.0000182020
6.07	-0.0001838800
6.08	-0.0001415000
6.09	-0.0000035820
6.1	0.0000374890
6.11	0.0001781100
6.12	-0.0000246780
6.13	-0.0001995200
6.14	0.0000131830
6.15	0.0001119900
6.16	0.0000826440
6.17	-0.0000785850
6.18	-0.0001156300
6.19	-0.0000112110
6.2	0.0000075526
6.21	0.0000055658
6.22	0.0000103950
6.23	0.0000635080
6.24	0.0000514290
6.25	-0.0001264400
6.26	-0.0001895400
6.27	0.0000651750
6.28	0.0001085500
6.29	-0.0000229610
6.3	0.0000770760
6.31	0.0000980090
6.32	-0.0000233430
6.33	-0.0001020200
6.34	-0.0000630290
6.35	-0.0000023805
6.36	-0.0000527790
6.37	-0.0000724010
6.38	0.0000070316
6.39	0.0001179500
6.4	0.0001567300
6.41	0.0000680170
6.42	-0.0001129600
6.43	-0.0002327100
6.44	-0.0001217900
6.45	0.0000358310
6.46	0.0001197300
6.47	0.0001145700
6.48	0.0000705470
6.49	0.0000243600
6.5	-0.0000899220
6.51	-0.0001045500
6.52	-0.0000814080
6.53	0.0000070598
6.54	0.0001172400
6.55	0.0000879000
6.56	0.0000771330
6.57	-0.0000227730
6.58	-0.0001814700
6.59	-0.0001846800
6.6	0.0000206450
6.61	0.0001533600
6.62	0.0000621510
6.63	0.0000125620
6.64	-0.0000378450
6.65	-0.0000666410
6.66	-0.0000392640
6.67	-0.0000248160
6.68	0.0000488100
6.69	0.0000769680
6.7	-0.0000425810
6.71	-0.0000521720
6.72	0.0000671340
6.73	0.0000675900
6.74	0.0000277730
6.75	-0.0000832560
6.76	-0.0001613000
6.77	-0.0000340510
6.78	0.0000692450
6.79	0.0000057062
6.8	-0.0000407870
6.81	0.0001160100
6.82	0.0001387200
6.83	-0.0001034200
6.84	-0.0001918400
6.85	-0.0001029100
6.86	-0.0000022222
6.87	0.0000673390
6.88	0.0001076600
6.89	0.0001173900
6.9	-0.0000423350
6.91	-0.0001625700
6.92	-0.0000623980
6.93	0.0000075627
6.94	0.0000674420
6.95	0.0000876660
6.96	-0.0000125240
6.97	-0.0000225560
6.98	-0.0000020357
6.99	-0.0000133130
7	-0.0000010597
7.01	-0.0000243780
7.02	-0.0000000322
7.03	-0.0000251700
7.04	-0.0000296170
7.05	0.0001049000
7.06	0.0000697870
7.07	-0.0000840170
7.08	-0.0001916100
7.09	-0.0001324600
7.1	0.0001269400
7.11	0.0002287200
7.12	-0.0000038539
7.13	-0.0001309400
7.14	0.0000762770
7.15	0.0000685910
7.16	-0.0001930500
7.17	-0.0002321500
7.18	0.0000576870
7.19	0.0002572200
7.2	0.0000381830
7.21	-0.0000731680
7.22	0.0000384840
7.23	-0.0000233810
7.24	-0.0000913480
7.25	0.0000065939
7.26	0.0001685000
7.27	0.0000769800
7.28	-0.0001421400
7.29	-0.0000521270
7.3	0.0000368090
7.31	-0.0000010845
7.32	-0.0000640330
7.33	-0.0000605700
7.34	0.0001359600
7.35	0.0001088600
7.36	-0.0000529910
7.37	0.0000275270
7.38	0.0000384070
7.39	-0.0002236400
7.4	-0.0001308900
7.41	0.0002763500
7.42	0.0000783760
7.43	-0.0001922400
7.44	0.0000165350
7.45	0.0000897370
7.46	-0.0000452250
7.47	-0.0000390470
7.48	0.0000443520
7.49	0.0000105060
7.5	-0.0000143300
7.51	-0.0000315020
7.52	-0.0000719570
7.53	-0.0000338920
7.54	0.0001300900
7.55	0.0001947500
7.56	-0.0000594200
7.57	-0.0002147400
7.58	-0.0000208470
7.59	0.0000774240
7.6	-0.0000734280
7.61	0.0000900420
7.62	0.0002943000
7.63	0.0000216480
7.64	-0.0002163800
7.65	-0.0001287000
7.66	-0.0000050216
7.67	-0.0000508690
7.68	0.0000376420
7.69	0.0001563600
7.7	0.0001001300
7.71	0.0000245250
7.72	-0.0001489200
7.73	-0.0001554200
7.74	0.0000201120
7.75	0.0000462600
7.76	0.0000080759
7.77	-0.0000017057
7.78	-0.0000536150
7.79	0.0000193770
7.8	0.0001560500
7.81	0.0001490100
7.82	0.0000469720
7.83	-0.0002021700
7.84	-0.0002419400
7.85	-0.0000829050
7.86	-0.0000217190
7.87	0.0001875000
7.88	0.0002973700
7.89	0.0002187200
7.9	0.0000161150
7.91	-0.0003202600
7.92	-0.0003144900
7.93	-0.0000501840
7.94	0.0001159500
7.95	0.0002490700
7.96	0.0002367600
7.97	-0.0000915560
7.98	-0.0002629600
7.99	-0.0000813760
8	-0.0000235400
8.01	0.0000294290
8.02	0.0002056800
8.03	0.0002098800
8.04	-0.0000742460
8.05	-0.0002907800
8.06	-0.0000530340
8.07	0.0001477300
8.08	0.0000684310
8.09	-0.0000733730
8.1	-0.0001011500
8.11	0.0000670290
8.12	0.0001376800
8.13	0.0001587400
8.14	-0.0000041829
8.15	-0.0002096700
8.16	-0.0000550840
8.17	0.0000503230
8.18	-0.0000640810
8.19	-0.0001214800
8.2	0.0001781500
8.21	0.0003862800
8.22	-0.0000100950
8.23	-0.0004646100
8.24	-0.0003601800
8.25	0.0001464100
8.26	0.0002981600
8.27	0.0001583000
8.28	0.0001064600
8.29	0.0000094264
8.3	-0.0002138500
8.31	-0.0003010700
8.32	0.0000072710
8.33	0.0000875560
8.34	0.0000384970
8.35	0.0001868100
8.36	0.0000585640
8.37	-0.0000225330
8.38	-0.0000126350
8.39	-0.0000711370
8.4	-0.0001238300
8.41	-0.0001305200
8.42	0.0001764200
8.43	0.0002982700
8.44	0.0000584460
8.45	-0.0001142400
8.46	-0.0001190000
8.47	-0.0000663350
8.48	-0.0000677800
8.49	-0.0000063840
8.5	0.0000609700
8.51	0.0000560660
8.52	0.0000176390
8.53	0.0001498600
8.54	0.0002439000
8.55	-0.0000169870
8.56	-0.0003282400
8.57	-0.0002861200
8.58	0.0000722820
8.59	0.0001320700
8.6	-0.0000148740
8.61	0.0000486020
8.62	0.0001287200
8.63	0.0000853890
8.64	0.0000110970
8.65	-0.0001357900
8.66	-0.0001790600
8.67	0.0000356290
8.68	0.0002184900
8.69	0.0003287000
8.7	0.0000753320
8.71	-0.0003285700
8.72	-0.0003865300
8.73	-0.0002178800
8.74	0.0001240200
8.75	0.0003504900
8.76	0.0004463800
8.77	0.0001778500
8.78	-0.0003011900
8.79	-0.0002739400
8.8	-0.0001203200
8.81	-0.0000638160
8.82	0.0000287260
8.83	0.0000476980
8.84	0.0000270440
8.85	0.0000491370
8.86	0.0001561900
8.87	0.0001791800
8.88	-0.0001330300
8.89	-0.0004522700
8.9	-0.0001311400
8.91	0.0003557700
8.92	0.0004205500
8.93	0.0001645900
8.94	-0.0002790200
8.95	-0.0004150400
8.96	-0.0002701200
8.97	-0.0001034200
8.98	0.0002380300
8.99	0.0004183800
9	0.0001565800
9.01	-0.0000807750
9.02	-0.0000834820
9.03	-0.0000815250
9.04	-0.0000519820
9.05	-0.0000335940
9.06	-0.0000396340
9.07	-0.0000959050
9.08	-0.0000776720
9.09	0.0002027700
9.1	0.0003627900
9.11	0.0001332600
9.12	-0.0001186000
9.13	-0.0001246300
9.14	-0.0002411600
9.15	-0.0003419500
9.16	-0.0000236800
9.17	0.0004302100
9.18	0.0004047100
9.19	-0.0000587720
9.2	-0.0002557600
9.21	-0.0001887800
9.22	-0.0001353800
9.23	-0.0000394500
9.24	0.0001755300
9.25	0.0002693500
9.26	0.0000070350
9.27	-0.0001524300
9.28	-0.0001009700
9.29	-0.0001345300
9.3	-0.0000589570
9.31	0.0000938530
9.32	0.0002319600
9.33	0.0001738100
9.34	-0.0000089855
9.35	-0.0000243050
9.36	-0.0002515700
9.37	-0.0002313600
9.38	0.0001255600
9.39	0.0002509900
9.4	0.0001640000
9.41	-0.0001784300
9.42	-0.0002155600
9.43	0.0000802870
9.44	0.0001662700
9.45	0.0000282430
9.46	-0.0000318470
9.47	0.0000767830
9.48	-0.0001409500
9.49	-0.0003135000
9.5	-0.0000012512
9.51	0.0002072200
9.52	0.0001577600
9.53	0.0000483310
9.54	-0.0000233170
9.55	-0.0001007100
9.56	-0.0001541200
9.57	0.0001098500
9.58	0.0001656100
9.59	-0.0002002300
9.6	-0.0001839300
9.61	0.0001789100
9.62	0.0002972800
9.63	-0.0000025571
9.64	-0.0002211700
9.65	-0.0000539680
9.66	0.0000498960
9.67	-0.0000144760
9.68	0.0000097309
9.69	0.0000763750
9.7	-0.0000516980
9.71	-0.0001518400
9.72	0.0000664040
9.73	0.0003098500
9.74	0.0000851580
9.75	-0.0002495100
9.76	-0.0001048200
9.77	0.0000198280
9.78	-0.0000536650
9.79	0.0000083992
9.8	0.0001578300
9.81	0.0001970100
9.82	-0.0000510600
9.83	-0.0002337400
9.84	-0.0000506570
9.85	0.0000261500
9.86	-0.0001008100
9.87	0.0000364280
9.88	0.0002288400
9.89	0.0001067800
9.9	-0.0000514850
9.91	-0.0000829050
9.92	-0.0001218100
9.93	-0.0000725490
9.94	0.0000577270
9.95	0.0000580580
9.96	-0.0000030400
9.97	0.0000489590
9.98	0.0000759940
9.99	0.0000099160
10	0.0000251710
10.01	0.0000404210
10.02	-0.0000649390
10.03	-0.0000999510
10.04	-0.0000440900
10.05	-0.0000212240
10.06	0.0000474740
10.07	0.0000871510
10.08	0.0001089000
10.09	0.0000560980
10.1	-0.0001206000
10.11	-0.0001537900
10.12	-0.0000112790
10.13	0.0001473000
10.14	0.0000774540
10.15	-0.0000515000
10.16	-0.0000934670
10.17	-0.0001210300
10.18	0.0000865230
10.19	0.0002385700
10.2	0.0001071600
10.21	-0.0000921100
10.22	-0.0001923500
10.23	-0.0001022600
10.24	0.0000173410
10.25	0.0000884970
10.26	0.0000562490
10.27	0.0000197470
10.28	0.0000650160
10.29	0.0000107640
10.3	-0.0000756600
10.31	-0.0000389840
10.32	0.0000644690
10.33	-0.0000294560
10.34	-0.0002248400
10.35	-0.0001802500
10.36	0.0000559560
10.37	0.0003390200
10.38	0.0003465500
10.39	-0.0000514550
10.4	-0.0002531000
10.41	-0.0000916890
10.42	-0.0000529550
10.43	-0.0001817800
10.44	-0.0000829230
10.45	0.0002481800
10.46	0.0002871200
10.47	0.0000081116
10.48	-0.0001927400
10.49	-0.0001521200
10.5	0.0001075200
10.51	0.0001575700
10.52	-0.0000421990
10.53	-0.0000126160
10.54	0.0000278430
10.55	-0.0001324900
10.56	-0.0001224500
10.57	-0.0000120880
10.58	-0.0000629090
10.59	0.0000283360
10.6	0.0002767500
10.61	0.0001984700
10.62	-0.0001331700
10.63	-0.0001917700
10.64	0.0000271540
10.65	0.0000378710
10.66	-0.0001225900
10.67	-0.0000622090
10.68	0.0001173000
10.69	0.0000680990
10.7	-0.0000832070
10.71	0.0000486880
10.72	0.0001761900
10.73	0.0000691700
10.74	-0.0000341520
10.75	-0.0001106800
10.76	-0.0000940950
10.77	-0.0001009300
10.78	-0.0000737130
10.79	0.0001785400
10.8	0.0001969000
10.81	-0.0000121150
10.82	-0.0000424340
10.83	-0.0000327650
10.84	-0.0000518830
10.85	-0.0001231700
10.86	-0.0001216800
10.87	0.0001268300
10.88	0.0002280900
10.89	0.0000472560
10.9	-0.0001024800
10.91	-0.0001221800
10.92	-0.0000529570
10.93	0.0000981130
10.94	0.0001669900
10.95	0.0000378620
10.96	-0.0001225200
10.97	-0.0002128100
10.98	-0.0001417800
10.99	0.0000464950
11	0.0002387700
11.01	0.0002761300
11.02	0.0000188920
11.03	-0.0000938090
11.04	-0.0000412850
11.05	-0.0002336100
11.06	-0.0002914400
11.07	0.0000664240
11.08	0.0003185800
11.09	0.0001663200
11.1	0.0000087096
11.11	-0.0000237280
11.12	-0.0001313800
11.13	-0.0001435000
11.14	0.0000182190
11.15	0.0002369900
11.16	0.0002676900
11.17	-0.0000325590
11.18	-0.0002726600
11.19	-0.0002324100
11.2	-0.0000526000
11.21	0.0001273800
11.22	0.0001776500
11.23	0.0001071100
11.24	0.0000077953
11.25	-0.0000528160
11.26	-0.0000624940
11.27	-0.0000823420
11.28	-0.0000831230
11.29	0.0000182970
11.3	0.0000763270
11.31	0.0000186420
11.32	0.0000662280
11.33	0.0001784100
11.34	0.0000067019
11.35	-0.0002922200
11.36	-0.0001826500
11.37	0.0001172200
11.38	0.0001577100
11.39	0.0000771290
11.4	0.0000775060
11.41	0.0000775430
11.42	-0.0000930260
11.43	-0.0002520000
11.44	-0.0001433200
11.45	0.0001579700
11.46	0.0002670500
11.47	0.0000572590
11.48	-0.0000320300
11.49	-0.0000737440
11.5	-0.0002011700
11.51	-0.0001243200
11.52	0.0000990010
11.53	0.0002359400
11.54	0.0001383400
11.55	0.0000168210
11.56	-0.0000625760
11.57	-0.0002024500
11.58	-0.0001829900
11.59	-0.0000525000
11.6	-0.0000224660
11.61	-0.0000134030
11.62	0.0001886000
11.63	0.0003355800
11.64	0.0001692900
11.65	-0.0000546410
11.66	-0.0002210800
11.67	-0.0002237300
11.68	-0.0000824280
11.69	0.0000177820
11.7	0.0001161800
11.71	0.0001487900
11.72	0.0000557400
11.73	0.0000385020
11.74	-0.0000033738
11.75	-0.0001828500
11.76	-0.0001318300
11.77	0.0000557330
11.78	0.0000891400
11.79	-0.0000446280
11.8	-0.0000312350
11.81	0.0001963600
11.82	-0.0000426730
11.83	-0.0002620600
11.84	0.0000659150
11.85	0.0002688600
11.86	0.0001056200
11.87	-0.0001915700
11.88	-0.0001733600
11.89	-0.0000129700
11.9	-0.0000519000
11.91	-0.0000041661
11.92	0.0001387100
11.93	0.0001659300
11.94	-0.0000421410
11.95	-0.0001826100
11.96	0.0000060232
11.97	0.0001492600
11.98	-0.0000055463
11.99	-0.0000998410
12	-0.0000156600
12.01	-0.0000605810
12.02	-0.0000841600
12.03	0.0000473810
12.04	0.0001880600
12.05	0.0001253100
12.06	-0.0000503820
12.07	-0.0000455600
12.08	0.0000196550
12.09	-0.0000148410
12.1	-0.0001516800
12.11	-0.0001232000
12.12	0.0000866450
12.13	0.0001481900
12.14	0.0000257500
12.15	-0.0000515690
12.16	0.0000161190
12.17	0.0000175530
12.18	-0.0000127500
12.19	-0.0000136030
12.2	0.0000281260
12.21	0.0001159700
12.22	0.0000179830
12.23	-0.0001433600
12.24	-0.0001431400
12.25	-0.0000120490
12.26	0.0000755970
12.27	0.0000688890
12.28	0.0000351220
12.29	0.0000087435
12.3	0.0000858620
12.31	0.0000475270
12.32	-0.0001626700
12.33	-0.0002639700
12.34	-0.0001214300
12.35	0.0001551700
12.36	0.0003188800
12.37	0.0002153800
12.38	-0.0001018000
12.39	-0.0002136600
12.4	-0.0001029400
12.41	-0.0000825540
12.42	-0.0000739000
12.43	0.0000481610
12.44	0.0002156500
12.45	0.0001883600
12.46	-0.0000243630
12.47	-0.0002018100
12.48	-0.0002141400
12.49	-0.0000021349
12.5	0.0001162600
12.51	0.0000873890
12.52	0.0001868100
12.53	0.0001067100
12.54	-0.0001524900
12.55	-0.0002540000
12.56	-0.0001918800
12.57	0.0000155460
12.58	0.0001283000
12.59	0.0001356400
12.6	0.0001678700
12.61	0.0000363020
12.62	-0.0000829540
12.63	-0.0000628600
12.64	-0.0001336600
12.65	-0.0000724360
12.66	0.0001362000
12.67	0.0001372900
12.68	-0.0000532010
12.69	-0.0002135500
12.7	-0.0000322440
12.71	0.0002254600
12.72	0.0001686000
12.73	0.0000348140
12.74	-0.0000710630
12.75	-0.0001552400
12.76	-0.0000912750
12.77	0.0000651670
12.78	-0.0000018621
12.79	-0.0001142100
12.8	0.0001175100
12.81	0.0002163600
12.82	-0.0000329830
12.83	-0.0001333000
12.84	-0.0000431900
12.85	0.0000067426
12.86	-0.0000531190
12.87	-0.0000534660
12.88	0.0000871540
12.89	0.0000961750
12.9	-0.0000124990
12.91	-0.0001341600
12.92	-0.0001422300
12.93	0.0000156390
12.94	0.0000178260
12.95	0.0000256820
12.96	0.0001276300
12.97	0.0000159730
12.98	-0.0000527710
12.99	0.0000164290
13	-0.0000333050
13.01	-0.0001130600
13.02	-0.0000738030
13.03	0.0001473400
13.04	0.0002159300
13.05	-0.0001026100
13.06	-0.0002839400
13.07	-0.0001530200
13.08	0.0001067000
13.09	0.0003161100
13.1	0.0001076300
13.11	-0.0002048100
13.12	-0.0001416400
13.13	0.0000147990
13.14	0.0000582880
13.15	-0.0001346400
13.16	-0.0002827900
13.17	0.0001668100
13.18	0.0004654900
13.19	0.0001585400
13.2	-0.0002060600
13.21	-0.0003303900
13.22	-0.0001265300
13.23	0.0000993560
13.24	0.0001944200
13.25	0.0001577700
13.26	-0.0000235900
13.27	-0.0001744200
13.28	-0.0002015600
13.29	-0.0000560860
13.3	0.0001394800
13.31	0.0001436300
13.32	0.0000689390
13.33	-0.0000251060
13.34	-0.0002329100
13.35	-0.0001229700
13.36	0.0001849500
13.37	0.0001787800
13.38	0.0000238000
13.39	-0.0000309480
13.4	-0.0000255570
13.41	-0.0001224700
13.42	-0.0001233800
13.43	0.0001449600
13.44	0.0003391800
13.45	0.0000127420
13.46	-0.0003493300
13.47	-0.0002278600
13.48	-0.0000097526
13.49	0.0001934700
13.5	0.0001781600
13.51	0.0000259500
13.52	0.0000155750
13.53	-0.0000417140
13.54	-0.0000862870
13.55	-0.0000805420
13.56	-0.0000767650
13.57	-0.0000607580
13.58	0.0000039920
13.59	0.0001280900
13.6	0.0001352800
13.61	-0.0000132680
13.62	-0.0000434640
13.63	0.0000756310
13.64	0.0001174300
13.65	-0.0000650500
13.66	-0.0002621500
13.67	-0.0001252800
13.68	0.0001077800
13.69	0.0001650000
13.7	0.0001472500
13.71	0.0000957380
13.72	0.0000163340
13.73	-0.0000833200
13.74	-0.0001845600
13.75	-0.0001526500
13.76	-0.0000249580
13.77	0.0001173800
13.78	0.0002253700
13.79	0.0001666800
13.8	0.0000862560
13.81	-0.0000242940
13.82	-0.0002428800
13.83	-0.0002949800
13.84	-0.0000625320
13.85	0.0001750200
13.86	0.0002470600
13.87	0.0002556900
13.88	-0.0000038191
13.89	-0.0003633700
13.9	-0.0002847500
13.91	0.0000774260
13.92	0.0002946300
13.93	0.0001877800
13.94	-0.0000055049
13.95	-0.0000423750
13.96	-0.0001251500
13.97	-0.0002029600
13.98	-0.0000344590
13.99	0.0001662400
14	0.0001963400
14.01	0.0000654990
14.02	-0.0001231100
14.03	-0.0001548300
14.04	-0.0000031061
14.05	0.0000854400
14.06	0.0000663420
14.07	0.0000761400
14.08	-0.0000444150
14.09	-0.0001532400
14.1	-0.0000548230
14.11	0.0000068257
14.12	0.0000154440
14.13	0.0000862280
14.14	0.0001561700
14.15	0.0000254730
14.16	-0.0001233100
14.17	-0.0000646760
14.18	-0.0000436640
14.19	-0.0000538620
14.2	-0.0000449130
14.21	0.0000875780
14.22	0.0003336400
14.23	0.0002287200
14.24	-0.0001670200
14.25	-0.0003212700
14.26	-0.0001764300
14.27	0.0000075217
14.28	0.0001551800
14.29	0.0001757300
14.3	0.0000968300
14.31	-0.0000956340
14.32	-0.0002522700
14.33	-0.0000460590
14.34	0.0001776400
14.35	0.0001043500
14.36	-0.0000430270
14.37	-0.0000248990
14.38	0.0000062409
14.39	-0.0000742670
14.4	-0.0000443620
14.41	0.0000362440
14.42	0.0000651060
14.43	0.0000567570
14.44	0.0000345920
14.45	0.0001371400
14.46	0.0001144000
14.47	-0.0001130000
14.48	-0.0002150500
14.49	-0.0001340600
14.5	0.0001064100
14.51	0.0002741300
14.52	0.0002082600
14.53	-0.0000275460
14.54	-0.0001705400
14.55	-0.0000381160
14.56	0.0000392040
14.57	-0.0000571110
14.58	-0.0001724400
14.59	-0.0000751530
14.6	0.0001255500
14.61	0.0001965600
14.62	0.0001843800
14.63	0.0000869810
14.64	-0.0000553280
14.65	-0.0002839700
14.66	-0.0003340000
14.67	-0.0000454480
14.68	0.0001672600
14.69	0.0001636800
14.7	0.0001575400
14.71	0.0001639700
14.72	0.0000067020
14.73	-0.0002448600
14.74	-0.0003446500
14.75	-0.0001036500
14.76	0.0002243900
14.77	0.0002869100
14.78	0.0001742700
14.79	-0.0000034484
14.8	-0.0001450700
14.81	-0.0002543500
14.82	-0.0002440900
14.83	0.0000046468
14.84	0.0002568100
14.85	0.0002938500
14.86	0.0000873920
14.87	-0.0001265500
14.88	-0.0001324400
14.89	-0.0000465160
14.9	-0.0000227410
14.91	-0.0000860190
14.92	0.0000065404
14.93	0.0002248200
14.94	0.0001055900
14.95	-0.0001143100
14.96	-0.0000851660
14.97	0.0000462070
14.98	0.0000745820
14.99	-0.0000938610
15	-0.0000851230
15.01	0.0001056100
15.02	0.0000654320
15.03	-0.0001049400
15.04	-0.0000541800
15.05	0.0001348600
15.06	0.0000657530
15.07	-0.0000449050
15.08	0.0000053749
15.09	-0.0000544900
15.1	-0.0001250300
15.11	-0.0001642200
15.12	-0.0001251800
15.13	0.0001557600
15.14	0.0002748700
15.15	0.0001356400
15.16	0.0000548950
15.17	-0.0000442690
15.18	-0.0001253800
15.19	-0.0001138600
15.2	-0.0000859360
15.21	0.0000067286
15.22	0.0001334800
15.23	0.0002271400
15.24	0.0001332400
15.25	-0.0000529070
15.26	-0.0001264500
15.27	-0.0001835000
15.28	0.0000043275
15.29	0.0001755600
15.3	-0.0000247460
15.31	-0.0000653010
15.32	0.0000159090
15.33	-0.0000157220
15.34	0.0000359480
15.35	0.0000545460
15.36	0.0000653380
15.37	0.0000453690
15.38	-0.0001556200
15.39	-0.0001437500
15.4	0.0001036400
15.41	0.0001866400
15.42	0.0000336460
15.43	-0.0001738300
15.44	-0.0001555800
15.45	-0.0000248020
15.46	0.0000053809
15.47	0.0000344340
15.48	0.0002256500
15.49	0.0002147200
15.5	-0.0001952500
15.51	-0.0002439100
15.52	0.0000030428
15.53	0.0000377600
15.54	-0.0000483100
15.55	-0.0001516100
15.56	0.0000219500
15.57	0.0002671100
15.58	0.0001641100
15.59	-0.0000057074
15.6	-0.0000128990
15.61	-0.0001384500
15.62	-0.0002209100
15.63	-0.0000693780
15.64	0.0000787320
15.65	0.0001721600
15.66	0.0001261700
15.67	0.0001152400
15.68	0.0000430990
15.69	-0.0001222600
15.7	-0.0001884800
15.71	-0.0001719300
15.72	0.0000523580
15.73	0.0001362000
15.74	0.0001047800
15.75	0.0001136600
15.76	0.0000269100
15.77	-0.0000876870
15.78	-0.0002128200
15.79	-0.0001369200
15.8	0.0000055412
15.81	0.0000952020
15.82	0.0001232800
15.83	0.0000370780
15.84	0.0000120510
15.85	-0.0000025857
15.86	-0.0000374400
15.87	-0.0000938590
15.88	-0.0000257060
15.89	0.0001342300
15.9	0.0000959710
15.91	-0.0000170520
15.92	-0.0000433170
15.93	-0.0000272150
15.94	-0.0000136590
15.95	-0.0000365960
15.96	-0.0000544420
15.97	0.0000741200
15.98	0.0001350000
15.99	-0.0000156230
16	-0.0000550420
16.01	-0.0000057637
16.02	0.0000051142
16.03	0.0000141410
16.04	0.0000149970
16.05	0.0000644640
16.06	0.0000143820
16.07	-0.0000647460
16.08	0.0000535010
16.09	0.0000260000
16.1	-0.0002770300
16.11	-0.0002039400
16.12	0.0002033900
16.13	0.0001251000
16.14	-0.0000652080
16.15	0.0001434400
16.16	0.0001563900
16.17	-0.0001378700
16.18	-0.0001929100
16.19	0.0000021894
16.2	0.0000861490
16.21	-0.0000261600
16.22	-0.0000860210
16.23	0.0000760910
16.24	0.0000820130
16.25	-0.0000326840
16.26	-0.0000482890
16.27	-0.0000234740
16.28	0.0000834570
16.29	0.0000440750
16.3	0.0000561430
16.31	-0.0000384720
16.32	-0.0002719500
16.33	-0.0001195600
16.34	0.0000881830
16.35	0.0001111500
16.36	-0.0000531360
16.37	-0.0000373110
16.38	0.0001453400
16.39	0.0000338820
16.4	0.0000545310
16.41	0.0000542640
16.42	-0.0001856100
16.43	-0.0001856800
16.44	-0.0000258060
16.45	0.0000547040
16.46	0.0000635590
16.47	0.0000853790
16.48	0.0000430070
16.49	0.0000155370
16.5	-0.0000266170
16.51	-0.0002455200
16.52	-0.0001450400
16.53	0.0000825420
16.54	0.0000968860
16.55	0.0001109500
16.56	0.0000277550
16.57	-0.0000490280
16.58	-0.0000932940
16.59	-0.0000771200
16.6	0.0000141520
16.61	0.0000656360
16.62	0.0000815450
16.63	0.0000776740
16.64	-0.0000196870
16.65	-0.0001820800
16.66	-0.0001490400
16.67	0.0000064950
16.68	0.0002028400
16.69	0.0002344000
16.7	-0.0000152340
16.71	-0.0001471400
16.72	-0.0001243100
16.73	-0.0000274230
16.74	0.0000753220
16.75	-0.0001165800
16.76	-0.0001958800
16.77	0.0002146800
16.78	0.0003029800
16.79	-0.0000945380
16.8	-0.0002773900
16.81	-0.0000947020
16.82	0.0001632000
16.83	0.0000843750
16.84	-0.0001257700
16.85	-0.0001166100
16.86	-0.0000150630
16.87	0.0000430270
16.88	0.0000348490
16.89	0.0000334420
16.9	0.0000141380
16.91	0.0000642470
16.92	0.0000533640
16.93	-0.0001452000
16.94	-0.0001669100
16.95	-0.0000252380
16.96	0.0000833460
16.97	0.0000942960
16.98	0.0000038426
16.99	-0.0000261860
17	-0.0000157810
17.01	-0.0000565100
17.02	-0.0001155500
17.03	-0.0000767530
17.04	0.0000546560
17.05	0.0000930200
17.06	-0.0000151930
17.07	-0.0000570180
17.08	0.0001546000
17.09	0.0001534400
17.1	-0.0002161700
17.11	-0.0002456100
17.12	0.0000127760
17.13	0.0001952800
17.14	0.0002122700
17.15	-0.0000048347
17.16	-0.0001269500
17.17	-0.0000763300
17.18	-0.0000049588
17.19	-0.0000585990
17.2	-0.0000728140
17.21	0.0000996930
17.22	0.0000980700
17.23	-0.0000602240
17.24	-0.0000830300
17.25	0.0000217190
17.26	0.0000343940
17.27	-0.0000255080
17.28	-0.0001182200
17.29	-0.0000534340
17.3	0.0001704400
17.31	0.0001369600
17.32	-0.0000290920
17.33	-0.0001342400
17.34	-0.0000973650
17.35	-0.0000562740
17.36	-0.0000753630
17.37	0.0000618880
17.38	0.0001060500
17.39	-0.0000090666
17.4	-0.0000135530
17.41	0.0000710960
17.42	0.0000857550
17.43	-0.0000677890
17.44	-0.0002257200
17.45	-0.0001261500
17.46	0.0000825840
17.47	0.0001353500
17.48	-0.0000286000
17.49	-0.0000639750
17.5	0.0000913120
17.51	0.0000754560
17.52	0.0000124110
17.53	-0.0001160500
17.54	-0.0001659600
17.55	0.0000524400
17.56	0.0001551200
17.57	0.0000419300
17.58	-0.0000850930
17.59	-0.0001072200
17.6	-0.0000765330
17.61	0.0000145090
17.62	0.0001117300
17.63	0.0001059500
17.64	-0.0000192580
17.65	-0.0001237000
17.66	-0.0000289860
17.67	-0.0000145020
17.68	-0.0000579090
17.69	0.0000243400
17.7	0.0000730460
17.71	0.0000937160
17.72	0.0000332070
17.73	-0.0000960900
17.74	-0.0001072500
17.75	-0.0000156010
17.76	0.0000623820
17.77	0.0000644310
17.78	-0.0000172810
17.79	-0.0000462890
17.8	-0.0000163290
17.81	-0.0000573160
17.82	0.0000145230
17.83	0.0000821710
17.84	-0.0000454830
17.85	-0.0001473300
17.86	-0.0001264600
17.87	0.0001239300
17.88	0.0002822000
17.89	0.0000951030
17.9	-0.0001486700
17.91	-0.0002245300
17.92	-0.0000285450
17.93	0.0000848990
17.94	0.0000023065
17.95	-0.0000260810
17.96	-0.0000068201
17.97	0.0000332380
17.98	0.0000334700
17.99	-0.0000166660
18	-0.0001170100
18.01	-0.0001658800
18.02	-0.0000080191
18.03	0.0001951700
18.04	0.0001509800
18.05	-0.0000340360
18.06	-0.0000195630
18.07	-0.0000038627
18.08	-0.0001993700
18.09	-0.0001944500
18.1	0.0000615230
18.11	0.0000844070
18.12	-0.0000672370
18.13	0.0000432240
18.14	0.0002637000
18.15	0.0000826020
18.16	-0.0001261300
18.17	-0.0000771440
18.18	-0.0002067900
18.19	-0.0002162700
18.2	0.0000223020
18.21	0.0002344300
18.22	0.0002219600
18.23	-0.0000757380
18.24	-0.0000573840
18.25	0.0000231790
18.26	-0.0002761100
18.27	-0.0002580900
18.28	0.0001948500
18.29	0.0003414700
18.3	0.0000146050
18.31	-0.0002176300
18.32	-0.0001268500
18.33	-0.0000058765
18.34	-0.0000986550
18.35	-0.0000343280
18.36	0.0003002400
18.37	0.0002461500
18.38	-0.0000796620
18.39	-0.0001144500
18.4	0.0000112650
18.41	-0.0000554900
18.42	-0.0001677900
18.43	-0.0000362480
18.44	0.0001726800
18.45	0.0001934600
18.46	0.0000328800
18.47	-0.0001468100
18.48	-0.0001467100
18.49	0.0000725880
18.5	0.0001840600
18.51	0.0000617730
18.52	-0.0000353260
18.53	-0.0001085300
18.54	-0.0001555400
18.55	-0.0001677200
18.56	-0.0001069100
18.57	0.0001540100
18.58	0.0002212200
18.59	0.0001557100
18.6	0.0001399800
18.61	0.0000062351
18.62	-0.0001997200
18.63	-0.0004049100
18.64	-0.0001679000
18.65	0.0001428600
18.66	0.0001543600
18.67	0.0002108900
18.68	0.0000957080
18.69	-0.0000196640
18.7	-0.0000046602
18.71	-0.0000484860
18.72	-0.0000164740
18.73	-0.0000563410
18.74	-0.0001786300
18.75	-0.0000745540
18.76	0.0000901640
18.77	0.0001059100
18.78	0.0000104420
18.79	-0.0000350040
18.8	0.0000817560
18.81	0.0000435620
18.82	-0.0000369880
18.83	0.0000226850
18.84	0.0000633300
18.85	0.0000029171
18.86	-0.0002573100
18.87	-0.0002862800
18.88	0.0000219810
18.89	0.0001840200
18.9	0.0001123200
18.91	0.0000329530
18.92	0.0000739880
18.93	-0.0000091109
18.94	-0.0000939180
18.95	-0.0000808510
18.96	-0.0001029400
18.97	-0.0000608610
18.98	0.0000260220
18.99	0.0001611100
19	0.0000834310
19.01	-0.0000361400
19.02	-0.0000290200
19.03	-0.0000344310
19.04	0.0000802730
19.05	0.0000051995
19.06	-0.0001484200
19.07	-0.0000867050
19.08	0.0000335840
19.09	0.0000916130
19.1	0.0000545380
19.11	0.0000416050
19.12	0.0000936200
19.13	0.0000932100
19.14	-0.0001083300
19.15	-0.0001649600
19.16	-0.0000196040
19.17	-0.0000645060
19.18	-0.0001291600
19.19	-0.0000457450
19.2	0.0001725100
19.21	0.0002525400
19.22	0.0001138400
19.23	-0.0000679960
19.24	-0.0002065800
19.25	-0.0001067300
19.26	-0.0000085099
19.27	0.0000354310
19.28	0.0000195880
19.29	-0.0000333650
19.3	0.0000693990
19.31	0.0000257270
19.32	-0.0000687100
19.33	-0.0000568070
19.34	0.0000539940
19.35	0.0001208100
19.36	0.0000155940
19.37	-0.0000297120
19.38	-0.0000450350
19.39	0.0000119060
19.4	-0.0000173130
19.41	-0.0001356100
19.42	-0.0000594830
19.43	0.0001258200
19.44	0.0001600900
19.45	-0.0000748640
19.46	-0.0001482500
19.47	0.0000028009
19.48	0.0000943690
19.49	0.0000703430
19.5	-0.0000137440
19.51	-0.0000706720
19.52	-0.0001737400
19.53	-0.0001897400
19.54	-0.0000254140
19.55	0.0002324000
19.56	0.0003223600
19.57	0.0001143700
19.58	-0.0001490600
19.59	-0.0002449200
19.6	-0.0001490700
19.61	0.0000444970
19.62	0.0002119300
19.63	0.0000633660
19.64	-0.0000570890
19.65	0.0001427400
19.66	0.0000730940
19.67	-0.0001969700
19.68	-0.0002176100
19.69	0.0000139560
19.7	0.0002614500
19.71	0.0001447500
19.72	-0.0001590400
19.73	-0.0001551200
19.74	0.0000211380
19.75	0.0001145100
19.76	0.0001116000
19.77	-0.0000358830
19.78	-0.0000681770
19.79	-0.0000359290
19.8	-0.0001282400
19.81	-0.0000258690
19.82	0.0001318700
19.83	0.0001637200
19.84	0.0000826410
19.85	-0.0001073600
19.86	-0.0000661000
19.87	0.0000314270
19.88	0.0000548500
19.89	0.0000409670
19.9	-0.0000852770
19.91	-0.0000582760
19.92	-0.0000365480
19.93	0.0000132870
19.94	0.0001318800
19.95	0.0000846000
19.96	-0.0000289270
19.97	-0.0000951600
19.98	0.0000614170
19.99	0.0001040200
20	-0.0001275000
20.01	-0.0001670700
20.02	0.0000234610
20.03	0.0001922300
20.04	0.0001238700
20.05	-0.0000879280
20.06	-0.0001961000
20.07	-0.0000879050
20.08	0.0001239100
20.09	0.0000820780
20.1	-0.0000660980
20.11	-0.0000177350
20.12	0.0000634290
20.13	0.0000330850
20.14	-0.0000377450
20.15	0.0000245260
20.16	0.0000107870
20.17	-0.0001241800
20.18	-0.0000200270
20.19	0.0001559700
20.2	0.0000206010
20.21	-0.0001953800
20.22	-0.0000474910
20.23	0.0001324700
20.24	0.0001245600
20.25	0.0000208930
20.26	-0.0000645670
20.27	0.0000309290
20.28	-0.0000355000
20.29	-0.0000673870
20.3	0.0000724040
20.31	0.0000148420
20.32	-0.0000695550
20.33	-0.0000237580
20.34	0.0000698630
20.35	0.0001359300
20.36	0.0000610080
20.37	-0.0001258600
20.38	-0.0001667800
20.39	-0.0000680660
20.4	0.0000751240
20.41	0.0001806700
20.42	0.0001555800
20.43	0.0000411130
20.44	-0.0001756900
20.45	-0.0002170200
20.46	-0.0000078170
20.47	0.0001650300
20.48	0.0000906370
20.49	-0.0000741890
20.5	-0.0000691660
20.51	-0.0000552960
20.52	-0.0000072736
20.53	0.0001123800
20.54	0.0001551100
20.55	0.0000004336
20.56	-0.0001137000
20.57	-0.0000697370
20.58	-0.0001045600
20.59	0.0000219960
20.6	0.0001331700
20.61	0.0000244020
20.62	-0.0000688540
20.63	-0.0000342720
20.64	0.0000208090
20.65	-0.0000949570
20.66	0.0000124480
20.67	0.0002028000
20.68	0.0000349120
20.69	-0.0001794500
20.7	-0.0000933680
20.71	0.0000696940
20.72	-0.0000333900
20.73	-0.0000594510
20.74	0.0000651600
20.75	0.0001123500
20.76	0.0000933800
20.77	0.0000238790
20.78	-0.0000276580
20.79	-0.0001156000
20.8	-0.0000976230
20.81	0.0000339590
20.82	-0.0000069011
20.83	0.0000031549
20.84	0.0001539300
20.85	0.0000524390
20.86	-0.0001754600
20.87	-0.0001780600
20.88	0.0000750240
20.89	0.0002115200
20.9	-0.0000445200
20.91	-0.0001388900
20.92	0.0000358240
20.93	0.0000209630
20.94	0.0000157160
20.95	0.0000314490
20.96	-0.0000550970
20.97	-0.0000374270
20.98	0.0000036719
20.99	0.0001438100
21	0.0001927400
21.01	-0.0000656780
21.02	-0.0001671900
21.03	-0.0000762900
21.04	-0.0000061141
21.05	0.0000823960
21.06	0.0001552400
21.07	0.0000613430
21.08	-0.0000841830
21.09	-0.0001185600
21.1	-0.0000848780
21.11	0.0000326600
21.12	0.0000036690
21.13	-0.0000258630
21.14	0.0000625420
21.15	0.0000347380
21.16	0.0000525880
21.17	0.0000141660
21.18	-0.0001264000
21.19	-0.0001769700
21.2	-0.0000453740
21.21	0.0001524100
21.22	0.0001548200
21.23	0.0001127000
21.24	0.0000142840
21.25	-0.0001866900
21.26	-0.0001960800
21.27	0.0000532690
21.28	0.0002645400
21.29	0.0001522100
21.3	-0.0000240790
21.31	-0.0000791160
21.32	-0.0000930800
21.33	-0.0000794530
21.34	-0.0000434750
21.35	0.0000116960
21.36	-0.0000250660
21.37	0.0000334630
21.38	0.0000934470
21.39	0.0000143750
21.4	-0.0000165850
21.41	-0.0000263920
21.42	0.0000248770
21.43	-0.0000281240
21.44	-0.0000434780
21.45	0.0000008023
21.46	-0.0000631580
21.47	0.0000714250
21.48	0.0001254900
21.49	-0.0000567380
21.5	-0.0002263600
21.51	-0.0001252400
21.52	0.0001128800
21.53	0.0000747490
21.54	0.0000637160
21.55	0.0000833790
21.56	0.0000353370
21.57	-0.0001180700
21.58	-0.0002936000
21.59	-0.0000384900
21.6	0.0002462500
21.61	0.0001921500
21.62	-0.0000345700
21.63	-0.0001269800
21.64	-0.0000452210
21.65	-0.0000565190
21.66	0.0000845740
21.67	0.0001236600
21.68	-0.0001156500
21.69	-0.0000758540
21.7	0.0000836180
21.71	-0.0000048427
21.72	-0.0001374300
21.73	0.0000761610
21.74	0.0002019200
21.75	-0.0000436400
21.76	-0.0000777200
21.77	-0.0000544140
21.78	-0.0000565580
21.79	-0.0000556590
21.8	-0.0000653020
21.81	0.0001332900
21.82	0.0002455500
21.83	0.0002226600
21.84	-0.0000438630
21.85	-0.0003578400
21.86	-0.0002433100
21.87	-0.0001283300
21.88	0.0000670940
21.89	0.0003616200
21.9	0.0002767300
21.91	0.0000525790
21.92	-0.0001947100
21.93	-0.0003555300
21.94	-0.0002066900
21.95	0.0001563000
21.96	0.0001920400
21.97	0.0000168800
21.98	0.0001623700
21.99	0.0000758210
22	-0.0001259400
22.01	-0.0001760900
22.02	-0.0001041000
22.03	0.0001725100
22.04	0.0000167800
22.05	-0.0001376500
22.06	0.0001564400
22.07	0.0002031200
22.08	-0.0000844960
22.09	-0.0002758600
22.1	0.0000246180
22.11	0.0003049800
22.12	-0.0000260750
22.13	-0.0002642800
22.14	-0.0001468100
22.15	0.0000465260
22.16	0.0002125200
22.17	0.0000770690
22.18	-0.0001376100
22.19	-0.0000832240
22.2	0.0000832270
22.21	0.0001255600
22.22	0.0000147240
22.23	-0.0000958190
22.24	-0.0000141970
22.25	0.0000537600
22.26	-0.0000144740
22.27	-0.0000551710
22.28	-0.0000860350
22.29	0.0000166990
22.3	0.0000322470
22.31	-0.0000319910
22.32	0.0001016700
22.33	0.0001378500
22.34	-0.0000673680
22.35	-0.0002935500
22.36	-0.0000556810
22.37	0.0002149200
22.38	0.0000355540
22.39	-0.0000457530
22.4	-0.0000142960
22.41	0.0000846750
22.42	0.0000850000
22.43	-0.0001344200
22.44	-0.0001657600
22.45	-0.0000438500
22.46	0.0001640500
22.47	0.0002160400
22.48	0.0000145780
22.49	-0.0000446970
22.5	-0.0000344850
22.51	-0.0000356580
22.52	-0.0000434790
22.53	-0.0000564990
22.54	0.0000672900
22.55	0.0000829750
22.56	-0.0000123330
22.57	0.0000029041
22.58	0.0000575730
22.59	0.0000132660
22.6	-0.0001229000
22.61	-0.0000361040
22.62	0.0001264900
22.63	0.0001445400
22.64	-0.0000039629
22.65	-0.0002151000
22.66	0.0000358940
22.67	0.0002149500
22.68	-0.0001139400
22.69	-0.0001452600
22.7	0.0001164200
22.71	0.0001543900
22.72	-0.0000431350
22.73	-0.0001460200
22.74	-0.0000327020
22.75	0.0000037187
22.76	0.0000874690
22.77	0.0001538800
22.78	-0.0000429720
22.79	-0.0001652500
22.8	-0.0000640660
22.81	0.0000461130
22.82	-0.0000553850
22.83	-0.0000127310
22.84	0.0002439600
22.85	0.0001573400
22.86	-0.0000652870
22.87	-0.0001640300
22.88	-0.0001133000
22.89	0.0000137700
22.9	0.0000388730
22.91	0.0000120930
22.92	-0.0000001230
22.93	0.0000820970
22.94	0.0001289700
22.95	0.0000239210
22.96	-0.0001233700
22.97	-0.0001434400
22.98	-0.0000757870
22.99	0.0000085406
23	0.0000630800
23.01	0.0001188700
23.02	0.0001936800
23.03	-0.0000223370
23.04	-0.0002746500
23.05	-0.0001740800
23.06	0.0001369800
23.07	0.0001947600
23.08	-0.0001122900
23.09	-0.0001153400
23.1	0.0001474400
23.11	0.0001253000
23.12	-0.0000332430
23.13	-0.0000140430
23.14	0.0000263950
23.15	-0.0000938880
23.16	-0.0001034100
23.17	0.0000557800
23.18	0.0001570600
23.19	0.0000854670
23.2	-0.0001227400
23.21	-0.0002044000
23.22	-0.0001230900
23.23	0.0000062297
23.24	0.0001363100
23.25	0.0001367600
23.26	0.0000661150
23.27	0.0000166590
23.28	-0.0001032600
23.29	-0.0001442900
23.3	-0.0000019867
23.31	-0.0000155280
23.32	-0.0000708570
23.33	0.0000838280
23.34	0.0001593000
23.35	0.0000143900
23.36	-0.0001217800
23.37	-0.0000540180
23.38	0.0000065159
23.39	0.0000176900
23.4	-0.0000047812
23.41	-0.0000215090
23.42	0.0001551800
23.43	0.0001379200
23.44	-0.0001836300
23.45	-0.0003135300
23.46	0.0000679570
23.47	0.0003851700
23.48	0.0000188690
23.49	-0.0002950000
23.5	-0.0000715950
23.51	0.0001562100
23.52	0.0001667400
23.53	0.0000882910
23.54	-0.0000953230
23.55	-0.0001697800
23.56	-0.0000867610
23.57	-0.0000788590
23.58	-0.0000369060
23.59	0.0000806660
23.6	0.0001242800
23.61	0.0000290800
23.62	-0.0000237740
23.63	-0.0000028609
23.64	-0.0000318900
23.65	-0.0000843860
23.66	-0.0000506730
23.67	0.0001349400
23.68	0.0002196100
23.69	-0.0000048552
23.7	-0.0002608100
23.71	-0.0001841800
23.72	0.0000385550
23.73	0.0001364200
23.74	0.0000982150
23.75	-0.0000033902
23.76	-0.0000216290
23.77	-0.0000436640
23.78	-0.0000611420
23.79	0.0000059287
23.8	0.0000092480
23.81	0.0000158400
23.82	0.0000490920
23.83	0.0000264360
23.84	0.0000082145
23.85	-0.0000723090
23.86	-0.0001431500
23.87	-0.0000208340
23.88	0.0001156200
23.89	0.0001601700
23.9	0.0000051398
23.91	-0.0002097900
23.92	-0.0000542970
23.93	0.0000992590
23.94	0.0000370470
23.95	-0.0000021615
23.96	-0.0000614970
23.97	-0.0000632410
23.98	0.0000692390
23.99	0.0001266100
24	0.0000089296
24.01	-0.0000725070
24.02	-0.0001222300
24.03	-0.0000911220
24.04	0.0001165800
24.05	0.0001798200
24.06	0.0000162070
24.07	-0.0000803440
24.08	-0.0001028900
24.09	-0.0001017500
24.1	0.0000689710
24.11	0.0001363600
24.12	-0.0000192260
24.13	-0.0001048800
24.14	-0.0000186180
24.15	0.0000854460
24.16	0.0000503320
24.17	-0.0000027541
24.18	-0.0001218000
24.19	-0.0001304700
24.2	0.0000363170
24.21	0.0000708560
24.22	0.0000758820
24.23	0.0001005400
24.24	-0.0000029880
24.25	-0.0002010200
24.26	-0.0001412000
24.27	0.0000574840
24.28	0.0000099257
24.29	-0.0000728950
24.3	0.0000496990
24.31	0.0002479800
24.32	0.0001585600
24.33	-0.0000907260
24.34	-0.0001624300
24.35	-0.0000500480
24.36	0.0000174680
24.37	-0.0001603400
24.38	-0.0001317700
24.39	0.0002387600
24.4	0.0004492400
24.41	0.0001579300
24.42	-0.0003400300
24.43	-0.0003525300
24.44	-0.0000596580
24.45	0.0000973740
24.46	0.0001403300
24.47	0.0001576300
24.48	0.0001999500
24.49	-0.0000416460
24.5	-0.0004009200
24.51	-0.0002705100
24.52	0.0000879860
24.53	0.0002304900
24.54	0.0002074900
24.55	0.0001104100
24.56	-0.0001315800
24.57	-0.0001911400
24.58	0.0000505980
24.59	0.0000065889
24.6	-0.0001072900
24.61	-0.0001747500
24.62	-0.0000269610
24.63	0.0003862500
24.64	0.0001509200
24.65	-0.0002205900
24.66	-0.0003426300
24.67	-0.0001671100
24.68	0.0003846800
24.69	0.0003245000
24.7	-0.0001253900
24.71	-0.0003467800
24.72	-0.0001928100
24.73	0.0002299700
24.74	0.0003607300
24.75	0.0001069000
24.76	-0.0001970500
24.77	-0.0002440100
24.78	-0.0001174200
24.79	-0.0000522410
24.8	0.0000699020
24.81	0.0003110900
24.82	0.0001965800
24.83	-0.0001159200
24.84	-0.0001855000
24.85	-0.0001448600
24.86	-0.0000052600
24.87	0.0001738300
24.88	0.0002970700
24.89	0.0000910330
24.9	-0.0003399300
24.91	-0.0004015800
24.92	-0.0000678920
24.93	0.0002473500
24.94	0.0004222500
24.95	0.0002881900
24.96	-0.0001991300
24.97	-0.0003500500
24.98	-0.0002407400
24.99	-0.0001087400
25	0.0001786300
25.01	0.0002613000
25.02	0.0001292600
25.03	-0.0001196200
25.04	-0.0001096200
25.05	0.0001395000
25.06	0.0000609520
25.07	-0.0000704750
25.08	-0.0001194900
25.09	-0.0000895350
25.1	0.0000194450
25.11	0.0000816260
25.12	0.0001385400
25.13	-0.0000177440
25.14	-0.0000615630
25.15	0.0002220300
25.16	0.0002191400
25.17	-0.0001889000
25.18	-0.0004296600
25.19	-0.0001401000
25.2	0.0003015500
25.21	0.0003889400
25.22	0.0001122700
25.23	-0.0002612900
25.24	-0.0003078700
25.25	-0.0001206200
25.26	0.0000211890
25.27	0.0002606300
25.28	0.0002800300
25.29	0.0000216000
25.3	-0.0001003700
25.31	-0.0001085400
25.32	-0.0001695500
25.33	-0.0001197500
25.34	0.0001719400
25.35	0.0001990300
25.36	0.0000527240
25.37	0.0000291150
25.38	-0.0000081524
25.39	0.0000407930
25.4	-0.0000601440
25.41	-0.0000672080
25.42	-0.0000114650
25.43	-0.0000568390
25.44	0.0001595300
25.45	0.0001109800
25.46	-0.0001172800
25.47	-0.0001325000
25.48	0.0000960240
25.49	0.0002451700
25.5	-0.0000930180
25.51	-0.0001840700
25.52	0.0000347690
25.53	0.0000593980
25.54	-0.0001491800
25.55	-0.0001367000
25.56	0.0002277600
25.57	0.0003452100
25.58	0.0001873700
25.59	-0.0001156700
25.6	-0.0002806400
25.61	-0.0001681900
25.62	0.0000020185
25.63	0.0000996100
25.64	0.0000536400
25.65	0.0000588800
25.66	0.0001636900
25.67	0.0001994800
25.68	-0.0000371840
25.69	-0.0002994400
25.7	-0.0001381300
25.71	0.0001214600
25.72	0.0001512000
25.73	0.0001121000
25.74	0.0000906590
25.75	0.0000226810
25.76	-0.0001897800
25.77	-0.0002469400
25.78	0.0000101320
25.79	0.0001829300
25.8	0.0002306500
25.81	0.0002322100
25.82	0.0000416110
25.83	-0.0002786900
25.84	-0.0003375900
25.85	0.0000209060
25.86	0.0003325000
25.87	0.0002112600
25.88	-0.0000280710
25.89	-0.0000579920
25.9	-0.0001386200
25.91	-0.0001076200
25.92	0.0001214100
25.93	0.0000921190
25.94	-0.0000480700
25.95	-0.0000883450
25.96	0.0000522890
25.97	0.0001616900
25.98	-0.0000080830
25.99	0.0000324700
26	0.0001610300
26.01	0.0000233860
26.02	-0.0001895300
26.03	-0.0001964800
26.04	0.0001309600
26.05	0.0002326200
26.06	-0.0000077611
26.07	-0.0000686040
26.08	0.0001131700
26.09	0.0001011500
26.1	-0.0001873300
26.11	-0.0001674200
26.12	0.0000906180
26.13	0.0001450800
26.14	0.0000182170
26.15	0.0000770680
26.16	0.0001871900
26.17	-0.0000729510
26.18	-0.0002215400
26.19	-0.0000452090
26.2	0.0001614900
26.21	0.0001415700
26.22	-0.0000255340
26.23	-0.0001105600
26.24	-0.0001244700
26.25	-0.0000202000
26.26	0.0000539450
26.27	0.0001824700
26.28	0.0002307200
26.29	0.0000158220
26.3	-0.0001520300
26.31	-0.0001723900
26.32	-0.0000224280
26.33	0.0001666300
26.34	0.0000299170
26.35	-0.0001966200
26.36	-0.0000363480
26.37	0.0000798680
26.38	0.0001365600
26.39	0.0001380900
26.4	-0.0000829020
26.41	-0.0000211250
26.42	0.0000154070
26.43	-0.0000387970
26.44	-0.0000370050
26.45	-0.0000466250
26.46	0.0000514740
26.47	-0.0000257440
26.48	-0.0000287400
26.49	0.0001340800
26.5	0.0000817160
26.51	-0.0001463000
26.52	-0.0002379900
26.53	0.0000035273
26.54	0.0002523100
26.55	0.0002730000
26.56	0.0000333750
26.57	-0.0001085600
26.58	0.0001054400
26.59	-0.0000207180
26.6	-0.0002626400
26.61	-0.0001518100
26.62	0.0001373100
26.63	0.0003196700
26.64	-0.0000353880
26.65	-0.0001867500
26.66	0.0000309550
26.67	0.0001662900
26.68	0.0000993640
26.69	-0.0002039400
26.7	-0.0000984320
26.71	0.0001023500
26.72	0.0000561240
26.73	-0.0000619040
26.74	-0.0000008107
26.75	0.0001970800
26.76	-0.0000321300
26.77	-0.0002093700
26.78	-0.0000171020
26.79	0.0003160800
26.8	0.0002182600
26.81	-0.0001510100
26.82	-0.0002221900
26.83	-0.0001930500
26.84	0.0001618800
26.85	0.0002019000
26.86	-0.0000031935
26.87	-0.0000116480
26.88	0.0000082107
26.89	0.0001694900
26.9	-0.0001051200
26.91	-0.0002157000
26.92	-0.0001501800
26.93	-0.0000415280
26.94	0.0003676300
26.95	0.0002181900
26.96	-0.0000195650
26.97	-0.0002864800
26.98	-0.0003039200
26.99	0.0001481600
27	0.0002101200
27.01	0.0000063552
27.02	-0.0002605800
27.03	-0.0000505780
27.04	0.0002646900
27.05	0.0002349300
27.06	0.0001495200
27.07	-0.0001710600
27.08	-0.0003326300
27.09	-0.0002209200
27.1	0.0001091200
27.11	0.0003959900
27.12	0.0002228800
27.13	-0.0000875910
27.14	-0.0001742600
27.15	0.0000207340
27.16	0.0001261300
27.17	-0.0000884090
27.18	-0.0001855800
27.19	0.0000237310
27.2	0.0002123800
27.21	0.0002052800
27.22	-0.0000882980
27.23	-0.0003049800
27.24	-0.0001071000
27.25	0.0001631400
27.26	0.0003251700
27.27	0.0000909360
27.28	-0.0002430700
27.29	-0.0001999600
27.3	-0.0000932360
27.31	0.0001113400
27.32	0.0001845200
27.33	-0.0000557460
27.34	-0.0001085000
27.35	0.0001769100
27.36	0.0002397300
27.37	-0.0000125130
27.38	-0.0001394600
27.39	-0.0002245400
27.4	-0.0001465400
27.41	0.0000322120
27.42	0.0001064200
27.43	0.0000401230
27.44	-0.0000127340
27.45	0.0001907400
27.46	0.0001853700
27.47	-0.0000064649
27.48	-0.0001877500
27.49	-0.0002136000
27.5	0.0000202430
27.51	0.0000972020
27.52	0.0000308220
27.53	-0.0000746320
27.54	-0.0000163980
27.55	0.0001521600
27.56	0.0001367600
27.57	-0.0000304630
27.58	-0.0001015200
27.59	0.0000789110
27.6	0.0000880440
27.61	-0.0000696750
27.62	-0.0001141300
27.63	-0.0000370180
27.64	0.0000630270
27.65	0.0000557600
27.66	0.0001205900
27.67	0.0001977000
27.68	-0.0000606470
27.69	-0.0003019100
27.7	-0.0000801830
27.71	0.0001367600
27.72	0.0000619310
27.73	0.0000740810
27.74	0.0001448500
27.75	-0.0000287520
27.76	-0.0000727710
27.77	-0.0000703320
27.78	-0.0001221800
27.79	0.0000501590
27.8	0.0001263600
27.81	0.0002123600
27.82	0.0000336880
27.83	-0.0001949100
27.84	0.0000312120
27.85	0.0000370420
27.86	0.0001099600
27.87	0.0002075200
27.88	-0.0002397900
27.89	-0.0003233700
27.9	0.0001616200
27.91	0.0003048400
27.92	0.0000736190
27.93	-0.0001072800
27.94	-0.0000643040
27.95	0.0001107900
27.96	0.0001273200
27.97	-0.0001203800
27.98	-0.0001820400
27.99	0.0000595190
28	0.0001874800
28.01	0.0001804200
28.02	-0.0000137540
28.03	-0.0001281600
28.04	0.0000047990
28.05	0.0000831790
28.06	0.0000435520
28.07	-0.0001157000
28.08	-0.0000575490
28.09	0.0002454100
28.1	0.0002313000
28.11	-0.0000835390
28.12	-0.0001595100
28.13	0.0000868020
28.14	-0.0000092039
28.15	-0.0002843500
28.16	-0.0000372790
28.17	0.0003030700
28.18	0.0002855300
28.19	-0.0001695600
28.2	-0.0002526000
28.21	0.0003097100
28.22	0.0002467200
28.23	-0.0002682700
28.24	-0.0003564000
28.25	-0.0000246540
28.26	0.0002100800
28.27	0.0002080400
28.28	0.0000886810
28.29	-0.0000421240
28.3	0.0000002826
28.31	-0.0001748900
28.32	-0.0000764330
28.33	0.0001619000
28.34	-0.0000339620
28.35	0.0000805110
28.36	0.0001261400
28.37	-0.0001384600
28.38	-0.0001257700
28.39	0.0000637890
28.4	0.0001220200
28.41	0.0000255030
28.42	0.0000109200
28.43	0.0001158900
28.44	0.0001409600
28.45	-0.0001744500
28.46	-0.0002687300
28.47	0.0002754000
28.48	0.0003810900
28.49	-0.0001541900
28.5	-0.0003694800
28.51	0.0000262670
28.52	0.0003402400
28.53	-0.0000038570
28.54	-0.0001993200
28.55	0.0000453040
28.56	0.0000816940
28.57	-0.0000358290
28.58	-0.0000272440
28.59	0.0001231100
28.6	0.0001237400
28.61	-0.0000979320
28.62	-0.0001452500
28.63	-0.0000190690
28.64	-0.0000141090
28.65	-0.0001401900
28.66	-0.0000032838
28.67	0.0003293200
28.68	0.0002565800
28.69	-0.0000900080
28.7	-0.0002746800
28.71	-0.0001384200
28.72	0.0000735160
28.73	0.0000131880
28.74	-0.0001277400
28.75	0.0000738280
28.76	0.0003421100
28.77	0.0000934310
28.78	-0.0002672900
28.79	-0.0002172400
28.8	0.0001630700
28.81	0.0003527400
28.82	0.0000225530
28.83	-0.0002064300
28.84	-0.0001085000
28.85	-0.0000455710
28.86	-0.0001090400
28.87	-0.0000356910
28.88	0.0003016500
28.89	0.0003429800
28.9	0.0000232640
28.91	-0.0003087600
28.92	-0.0003653600
28.93	-0.0000596090
28.94	0.0001546600
28.95	0.0002211100
28.96	0.0001431200
28.97	-0.0001269400
28.98	-0.0002091400
28.99	0.0000351810
29	0.0000989450
29.01	-0.0000334860
29.02	0.0001581200
29.03	0.0002866400
29.04	-0.0000715390
29.05	-0.0005042500
29.06	-0.0003703200
29.07	0.0001941800
29.08	0.0003813300
29.09	0.0002823100
29.1	0.0002030800
29.11	-0.0001993800
29.12	-0.0005055900
29.13	-0.0002503700
29.14	0.0002147600
29.15	0.0004197600
29.16	0.0001439200
29.17	-0.0000889690
29.18	-0.0000577700
29.19	-0.0001072300
29.2	-0.0001995100
29.21	0.0000440170
29.22	0.0003997000
29.23	0.0002340500
29.24	-0.0001297300
29.25	-0.0003072300
29.26	-0.0002281100
29.27	0.0001208300
29.28	0.0002637500
29.29	0.0000790680
29.3	-0.0000449940
29.31	-0.0000217620
29.32	0.0000251070
29.33	-0.0000413370
29.34	-0.0001560400
29.35	-0.0000197530
29.36	0.0001118500
29.37	0.0000024502
29.38	-0.0000405090
29.39	0.0000645320
29.4	-0.0000123140
29.41	-0.0001443400
29.42	0.0000571380
29.43	0.0003253200
29.44	0.0002380700
29.45	-0.0001863400
29.46	-0.0002899500
29.47	-0.0000186040
29.48	0.0000121310
29.49	-0.0000104820
29.5	0.0001633600
29.51	0.0001188000
29.52	-0.0001366900
29.53	-0.0001206800
29.54	0.0000521760
29.55	0.0001006500
29.56	0.0000305500
29.57	0.0000021429
29.58	0.0000290280
29.59	-0.0000266420
29.6	-0.0000620960
29.61	0.0000141460
29.62	0.0000772530
29.63	-0.0000356440
29.64	-0.0001527500
29.65	-0.0000162320
29.66	0.0001382400
29.67	0.0001620500
29.68	0.0001603800
29.69	-0.0000306570
29.7	-0.0001768600
29.71	-0.0001434200
29.72	-0.0000447310
29.73	0.0001551800
29.74	0.0001653600
29.75	0.0000062391
29.76	-0.0000570330
29.77	-0.0000405790
29.78	-0.0000708590
29.79	0.0000230000
29.8	0.0001060800
29.81	-0.0000252480
29.82	-0.0001744000
29.83	-0.0001363600
29.84	0.0001678000
29.85	0.0002405100
29.86	0.0000510200
29.87	-0.0002525300
29.88	-0.0003968800
29.89	-0.0000337430
29.9	0.0003331000
29.91	0.0004369700
29.92	0.0001517600
29.93	-0.0001417500
29.94	-0.0001094000
29.95	-0.0000612590
29.96	-0.0000295210
29.97	-0.0002216800
29.98	-0.0001892100
29.99	0.0002281600
30	0.0002801500
30.01	0.0000894140
30.02	-0.0000319990
30.03	0.0000218800
30.04	-0.0000146710
30.05	-0.0000860740
30.06	0.0000340670
30.07	-0.0000162990
30.08	0.0000255650
30.09	0.0000807400
30.1	0.0000092801
30.11	-0.0000234750
30.12	-0.0000470120
30.13	0.0000135940
30.14	-0.0000257110
30.15	-0.0001662000
30.16	-0.0002477300
30.17	-0.0001030200
30.18	0.0002480700
30.19	0.0005111500
30.2	0.0003342500
30.21	0.0000037014
30.22	-0.0001470300
30.23	-0.0003167500
30.24	-0.0002553500
30.25	-0.0000696220
30.26	-0.0000722300
30.27	-0.0001527900
30.28	-0.0001199200
30.29	0.0000657540
30.3	0.0003901700
30.31	0.0005165300
30.32	0.0000784840
30.33	-0.0001616600
30.34	-0.0000833120
30.35	-0.0000506760
30.36	0.0000263550
30.37	-0.0000514310
30.38	-0.0000623520
30.39	-0.0001233000
30.4	-0.0002207000
30.41	-0.0001647500
30.42	-0.0000501250
30.43	0.0002852700
30.44	0.0003289300
30.45	0.0001965000
30.46	0.0001673200
30.47	-0.0000922660
30.48	-0.0002136500
30.49	-0.0001621000
30.5	-0.0000933820
30.51	-0.0000230870
30.52	-0.0000123180
30.53	0.0000755900
30.54	0.0001786200
30.55	0.0002247400
30.56	0.0000888950
30.57	-0.0002154100
30.58	-0.0004214000
30.59	-0.0003252300
30.6	0.0001182200
30.61	0.0004449000
30.62	0.0003279000
30.63	-0.0000149660
30.64	-0.0003425900
30.65	-0.0002844500
30.66	0.0001963700
30.67	0.0004166800
30.68	-0.0000352530
30.69	-0.0003717800
30.7	-0.0000769270
30.71	0.0001593900
30.72	0.0001221300
30.73	0.0001495300
30.74	0.0000824520
30.75	-0.0002416700
30.76	-0.0003460800
30.77	0.0000163160
30.78	0.0003157800
30.79	0.0001544200
30.8	-0.0001229900
30.81	-0.0001564100
30.82	0.0000669130
30.83	0.0002241000
30.84	0.0000056746
30.85	-0.0002046100
30.86	-0.0001458700
30.87	0.0001464500
30.88	0.0002833300
30.89	0.0000164530
30.9	-0.0001163800
30.91	-0.0000845060
30.92	-0.0000354520
30.93	-0.0000256520
30.94	-0.0001447800
30.95	-0.0000761720
30.96	0.0002250300
30.97	0.0003441800
30.98	0.0000041731
30.99	-0.0002551000
31	-0.0001266700
31.01	-0.0000048022
31.02	0.0000131700
31.03	-0.0000053088
31.04	0.0001737900
31.05	0.0002635600
31.06	-0.0000052025
31.07	-0.0002376500
31.08	-0.0003744100
31.09	-0.0001183700
31.1	0.0003056500
31.11	0.0001217300
31.12	-0.0001751300
31.13	-0.0000973780
31.14	0.0001534600
31.15	0.0002839100
31.16	-0.0000280330
31.17	-0.0002350700
31.18	-0.0000189240
31.19	0.0001250400
31.2	-0.0000387580
31.21	-0.0002658900
31.22	-0.0000277170
31.23	0.0002826800
31.24	0.0001133600
31.25	-0.0001583400
31.26	-0.0001263600
31.27	0.0001115800
31.28	0.0002131000
31.29	0.0001120300
31.3	-0.0001675000
31.31	-0.0002280300
31.32	0.0000128650
31.33	0.0000106840
31.34	-0.0001155900
31.35	-0.0000914020
31.36	0.0002261100
31.37	0.0002571500
31.38	-0.0001936000
31.39	-0.0001022900
31.4	0.0001444300
31.41	-0.0000096326
31.42	-0.0001791400
31.43	-0.0000662210
31.44	0.0001776000
31.45	0.0000959330
31.46	-0.0000637100
31.47	-0.0000942750
31.48	-0.0000926490
31.49	0.0000235440
31.5	0.0001296400
31.51	0.0000910210
31.52	0.0001414300
31.53	0.0000497290
31.54	-0.0003384500
31.55	-0.0002798800
31.56	0.0001802700
31.57	0.0002614100
31.58	0.0000387990
31.59	0.0000721690
31.6	0.0000984080
31.61	-0.0001585200
31.62	-0.0002504800
31.63	-0.0001304700
31.64	0.0000814700
31.65	0.0001873400
31.66	0.0001330100
31.67	0.0000660820
31.68	-0.0000667110
31.69	-0.0001337300
31.7	-0.0002079000
31.71	-0.0001823200
31.72	0.0000400650
31.73	0.0002495500
31.74	0.0002780000
31.75	-0.0000289470
31.76	-0.0002833900
31.77	-0.0001584000
31.78	0.0000863270
31.79	0.0001710100
31.8	0.0000371510
31.81	-0.0000605310
31.82	-0.0000513110
31.83	-0.0000624930
31.84	0.0000102580
31.85	0.0000059428
31.86	0.0000310170
31.87	0.0000454820
31.88	-0.0001795000
31.89	-0.0001436900
31.9	0.0000389180
31.91	0.0001578600
31.92	0.0002470400
31.93	0.0001392000
31.94	-0.0000141760
31.95	-0.0001504600
31.96	-0.0001042400
31.97	-0.0000112210
31.98	-0.0001234200
31.99	-0.0000425680
32	0.0002476400
32.01	0.0001362100
32.02	-0.0003016900
32.03	-0.0002844800
32.04	0.0001183200
32.05	0.0001855500
32.06	0.0000676620
32.07	0.0001362100
32.08	0.0000564300
32.09	-0.0002127000
32.1	-0.0001851400
32.11	0.0000785970
32.12	0.0000233490
32.13	-0.0001104700
32.14	-0.0000075057
32.15	0.0000095684
32.16	0.0000027505
32.17	0.0000383770
32.18	0.0000541450
32.19	0.0000162750
32.2	-0.0000539350
32.21	0.0000041478
32.22	0.0000975120
32.23	0.0000429160
32.24	-0.0001322500
32.25	-0.0002669400
32.26	-0.0001233500
32.27	0.0001643000
32.28	0.0001348000
32.29	0.0000958870
32.3	0.0001130500
32.31	-0.0000430400
32.32	0.0000021160
32.33	-0.0000329270
32.34	-0.0002578400
32.35	-0.0001637200
32.36	0.0000629120
32.37	0.0001350800
32.38	0.0000737770
32.39	-0.0000260030
32.4	0.0000043155
32.41	-0.0000766130
32.42	-0.0001456500
32.43	0.0001532600
32.44	0.0002639300
32.45	-0.0000265550
32.46	-0.0002666500
32.47	-0.0002062900
32.48	0.0000527770
32.49	0.0001138700
32.5	-0.0000176230
32.51	-0.0000161850
32.52	0.0001022300
32.53	0.0000235160
32.54	-0.0001577200
32.55	0.0000030467
32.56	0.0001124600
32.57	-0.0001474400
32.58	-0.0002074500
32.59	0.0000022383
32.6	0.0001923700
32.61	0.0001121900
32.62	-0.0001579900
32.63	-0.0001077600
32.64	0.0000016801
32.65	-0.0000179230
32.66	0.0000116800
32.67	-0.0000584750
32.68	0.0000420710
32.69	0.0002007000
32.7	0.0000525700
32.71	-0.0001200700
32.72	-0.0001672100
32.73	-0.0000903720
32.74	0.0000224640
32.75	0.0000298740
32.76	0.0001216700
32.77	0.0003004400
32.78	0.0001406900
32.79	-0.0003089300
32.8	-0.0005501800
32.81	-0.0002385500
32.82	0.0003592900
32.83	0.0003813800
32.84	-0.0000106870
32.85	-0.0001192900
32.86	-0.0001800900
32.87	-0.0001904700
32.88	-0.0000091309
32.89	0.0000982490
32.9	0.0002016700
32.91	0.0001374100
32.92	-0.0001482700
32.93	-0.0002625500
32.94	-0.0001291000
32.95	0.0000382130
32.96	-0.0000203080
32.97	-0.0000010543
32.98	0.0001389400
32.99	0.0001289000
33	0.0000391270
33.01	-0.0001820500
33.02	-0.0001700300
33.03	-0.0000632600
33.04	-0.0000594150
33.05	0.0001762000
33.06	0.0001202300
33.07	-0.0001232600
33.08	-0.0000911320
33.09	-0.0001119400
33.1	-0.0000628790
33.11	0.0001693500
33.12	0.0001057600
33.13	-0.0001300200
33.14	0.0000051660
33.15	0.0001898200
33.16	0.0000152850
33.17	-0.0002909200
33.18	-0.0003641200
33.19	-0.0000320120
33.2	0.0003467600
33.21	0.0003466800
33.22	0.0000177370
33.23	-0.0002946400
33.24	-0.0001914400
33.25	-0.0000555990
33.26	-0.0001911300
33.27	-0.0000858610
33.28	0.0002083900
33.29	0.0003346600
33.3	0.0001772000
33.31	-0.0000842740
33.32	-0.0002243500
33.33	-0.0002530900
33.34	-0.0001657700
33.35	-0.0001222400
33.36	0.0000332860
33.37	0.0004880200
33.38	0.0005130900
33.39	-0.0001925800
33.4	-0.0007562500
33.41	-0.0005639900
33.42	0.0001951800
33.43	0.0007240300
33.44	0.0003868000
33.45	-0.0003377600
33.46	-0.0004722100
33.47	-0.0001284800
33.48	0.0000774020
33.49	0.0000723520
33.5	-0.0000444780
33.51	0.0001244100
33.52	0.0003428800
33.53	0.0001666000
33.54	-0.0002492500
33.55	-0.0005123000
33.56	-0.0002198800
33.57	0.0001371000
33.58	0.0001711400
33.59	0.0000551830
33.6	0.0000129810
33.61	0.0002130100
33.62	0.0001344600
33.63	-0.0003682600
33.64	-0.0005253300
33.65	-0.0000880830
33.66	0.0004735500
33.67	0.0004731400
33.68	-0.0001482300
33.69	-0.0004355200
33.7	-0.0002196600
33.71	0.0000051472
33.72	0.0001097900
33.73	0.0001849100
33.74	0.0002899500
33.75	0.0000343170
33.76	-0.0003299000
33.77	-0.0004158800
33.78	-0.0002504100
33.79	0.0002846000
33.8	0.0004785700
33.81	0.0000652220
33.82	-0.0003420900
33.83	-0.0003050500
33.84	0.0001885800
33.85	0.0002131900
33.86	-0.0001993700
33.87	-0.0002996300
33.88	-0.0001168400
33.89	0.0002278600
33.9	0.0002546200
33.91	-0.0002130000
33.92	-0.0003459300
33.93	0.0001482100
33.94	0.0005117200
33.95	0.0001506900
33.96	-0.0005512300
33.97	-0.0003669600
33.98	0.0001866200
33.99	-0.0000057970
34	-0.0000341680
34.01	0.0001939900
34.02	0.0000662290
34.03	-0.0001771000
34.04	-0.0002828400
34.05	-0.0000684550
34.06	0.0001982000
34.07	0.0002001500
34.08	0.0000092992
34.09	-0.0001913600
34.1	-0.0000894460
34.11	-0.0000029405
34.12	-0.0000883530
34.13	-0.0000040716
34.14	0.0000319610
34.15	0.0000058736
34.16	0.0000109940
34.17	-0.0000728710
34.18	-0.0000610500
34.19	0.0001590400
34.2	0.0001568800
34.21	-0.0001997200
34.22	-0.0003439600
34.23	-0.0000601540
34.24	0.0001070600
34.25	-0.0000521910
34.26	0.0000291260
34.27	0.0001855400
34.28	-0.0000095198
34.29	-0.0002051800
34.3	-0.0000603400
34.31	0.0000364740
34.32	-0.0002432300
34.33	-0.0001004900
34.34	0.0003134900
34.35	0.0002018100
34.36	-0.0002080500
34.37	-0.0003382800
34.38	-0.0000270130
34.39	0.0000594320
34.4	0.0001154400
34.41	0.0002367400
34.42	-0.0001127900
34.43	-0.0002944400
34.44	0.0001070400
34.45	0.0003062600
34.46	-0.0001244400
34.47	-0.0002625800
34.48	-0.0000753990
34.49	-0.0001528300
34.5	-0.0000344800
34.51	0.0000950660
34.52	0.0001178300
34.53	0.0002024700
34.54	0.0000795260
34.55	-0.0003085400
34.56	-0.0004410600
34.57	0.0000530200
34.58	0.0001661000
34.59	-0.0000139400
34.6	0.0001828400
34.61	0.0001383700
34.62	-0.0001387200
34.63	-0.0002416900
34.64	-0.0002276800
34.65	-0.0002240400
34.66	0.0000949590
34.67	0.0004529200
34.68	0.0002472600
34.69	-0.0001189000
34.7	-0.0002522000
34.71	-0.0001387000
34.72	-0.0000636040
34.73	-0.0000569720
34.74	0.0001641400
34.75	0.0001948800
34.76	-0.0001575800
34.77	-0.0001943400
34.78	0.0000320880
34.79	-0.0000850050
34.8	-0.0001770100
34.81	0.0000835420
34.82	0.0003041300
34.83	0.0001824400
34.84	-0.0000855870
34.85	-0.0002975000
34.86	-0.0003465500
34.87	-0.0000464350
34.88	0.0002420000
34.89	0.0002344700
34.9	0.0000914120
34.91	-0.0001260300
34.92	-0.0003775000
34.93	-0.0003881200
34.94	0.0000046650
34.95	0.0002695700
34.96	0.0003560200
34.97	0.0002690800
34.98	-0.0001551600
34.99	-0.0004486200
35	-0.0005088200
35.01	-0.0000746820
35.02	0.0004171600
35.03	0.0003480800
35.04	0.0000157190
35.05	-0.0003326500
35.06	-0.0003618900
35.07	-0.0002468600
35.08	0.0001229100
35.09	0.0004080800
35.1	0.0002168400
35.11	0.0000154160
35.12	-0.0002326600
35.13	-0.0002934300
35.14	-0.0002755900
35.15	-0.0001699100
35.16	0.0002006200
35.17	0.0002728900
35.18	-0.0000211370
35.19	-0.0002371600
35.2	-0.0001499200
35.21	-0.0000195920
35.22	0.0000526050
35.23	0.0000580250
35.24	0.0000037253
35.25	-0.0000720040
35.26	-0.0001178400
35.27	0.0000403670
35.28	-0.0000708510
35.29	-0.0002372400
35.3	-0.0000624210
35.31	0.0001025200
35.32	0.0000993660
35.33	-0.0001111100
35.34	0.0000338130
35.35	0.0001440200
35.36	-0.0001222400
35.37	-0.0001885700
35.38	-0.0001021100
35.39	0.0000934810
35.4	0.0000733700
35.41	0.0000394130
35.42	-0.0000234480
35.43	-0.0002443600
35.44	-0.0002385100
35.45	-0.0000717120
35.46	0.0001212600
35.47	0.0000756490
35.48	0.0000958870
35.49	0.0001393500
35.5	-0.0000875440
35.51	-0.0003668600
35.52	-0.0003129500
35.53	0.0001003800
35.54	0.0002973300
35.55	0.0000620400
35.56	-0.0003762900
35.57	-0.0002034800
35.58	0.0002387500
35.59	0.0000508690
35.6	-0.0003448100
35.61	-0.0002470600
35.62	0.0003242900
35.63	0.0003324300
35.64	-0.0001744900
35.65	-0.0001894500
35.66	0.0000572790
35.67	-0.0000611890
35.68	-0.0002915600
35.69	-0.0001820800
35.7	0.0000287640
35.71	0.0000276270
35.72	-0.0000011996
35.73	0.0001273600
35.74	0.0001890000
35.75	-0.0000230490
35.76	-0.0002808300
35.77	-0.0003531900
35.78	-0.0000912460
35.79	0.0002775700
35.8	0.0000973020
35.81	-0.0002607000
35.82	-0.0000448530
35.83	0.0003113200
35.84	0.0000632080
35.85	-0.0004574300
35.86	-0.0004873800
35.87	0.0000620720
35.88	0.0005139400
35.89	0.0002196500
35.9	-0.0001330100
35.91	-0.0001439900
35.92	-0.0001594500
35.93	-0.0001873600
35.94	-0.0001369700
35.95	0.0001911200
35.96	0.0002030800
35.97	-0.0003276600
35.98	-0.0002995700
35.99	0.0001558400
36	0.0000962850
36.01	-0.0001502100
36.02	-0.0002471600
36.03	0.0000719860
36.04	0.0003419200
36.05	0.0001113300
36.06	0.0000137690
36.07	-0.0003815100
36.08	-0.0004032200
36.09	0.0004056300
36.1	0.0005088200
36.11	-0.0001755200
36.12	-0.0006011300
36.13	-0.0000549180
36.14	0.0005677900
36.15	0.0002059300
36.16	-0.0003226400
36.17	-0.0002844900
36.18	0.0000683870
36.19	0.0000539750
36.2	-0.0001302400
36.21	-0.0000367810
36.22	-0.0001607500
36.23	-0.0003749100
36.24	-0.0001141400
36.25	0.0003894200
36.26	0.0003211300
36.27	-0.0001364800
36.28	-0.0002816800
36.29	-0.0000257460
36.3	0.0001198500
36.31	-0.0000995460
36.32	0.0000452010
36.33	-0.0000056978
36.34	-0.0003090900
36.35	-0.0002601200
36.36	-0.0000368460
36.37	0.0003301000
36.38	0.0001104400
36.39	-0.0001653000
36.4	-0.0000252830
36.41	0.0000304080
36.42	-0.0000501020
36.43	-0.0002465700
36.44	-0.0000609600
36.45	0.0001620100
36.46	0.0000123040
36.47	-0.0000825100
36.48	0.0000171430
36.49	-0.0000368610
36.5	-0.0002297800
36.51	-0.0001482700
36.52	0.0000497370
36.53	0.0000738580
36.54	-0.0000035574
36.55	0.0000775810
36.56	0.0000429880
36.57	-0.0001699000
36.58	-0.0002681800
36.59	-0.0001902700
36.6	0.0000835050
36.61	0.0001071500
36.62	0.0000063642
36.63	-0.0000253020
36.64	-0.0000921940
36.65	-0.0001454000
36.66	-0.0001535400
36.67	0.0001671100
36.68	0.0002533300
36.69	-0.0000198020
36.7	-0.0002289600
36.71	-0.0002588200
36.72	0.0001016900
36.73	0.0001990100
36.74	-0.0000949980
36.75	-0.0003147700
36.76	-0.0002215100
36.77	0.0000428090
36.78	0.0001094400
36.79	0.0000635660
36.8	-0.0000827780
36.81	0.0000067526
36.82	0.0001439400
36.83	0.0000394570
36.84	-0.0001474400
36.85	-0.0003808600
36.86	-0.0002553800
36.87	0.0000058277
36.88	0.0001986600
36.89	0.0001920200
36.9	-0.0000284810
36.91	-0.0001591100
36.92	-0.0001992700
36.93	0.0000436860
36.94	0.0000964740
36.95	0.0000087828
36.96	-0.0000484680
36.97	-0.0002271300
36.98	-0.0001208600
36.99	0.0000333020
37	0.0001108800
37.01	-0.0000301390
37.02	-0.0001843500
37.03	-0.0000153010
37.04	-0.0000594420
37.05	-0.0001890300
37.06	0.0000227790
37.07	0.0000307040
37.08	-0.0000186500
37.09	0.0002636900
37.1	-0.0000324240
37.11	-0.0003822300
37.12	-0.0000759170
37.13	0.0000902930
37.14	-0.0000068726
37.15	-0.0000901600
37.16	-0.0000849540
37.17	-0.0001228400
37.18	-0.0001018600
37.19	0.0000445620
37.2	0.0001599500
37.21	0.0000741590
37.22	-0.0001508600
37.23	-0.0001737300
37.24	-0.0001835500
37.25	-0.0000007812
37.26	0.0001141300
37.27	-0.0001093300
37.28	-0.0000758620
37.29	-0.0000705200
37.3	-0.0000534320
37.31	0.0000466500
37.32	0.0000295300
37.33	0.0000444890
37.34	-0.0001092500
37.35	-0.0002352200
37.36	-0.0000506470
37.37	0.0001273200
37.38	-0.0000634590
37.39	-0.0000998300
37.4	0.0000446210
37.41	-0.0001088900
37.42	-0.0001048100
37.43	-0.0000405040
37.44	0.0000178990
37.45	0.0000765980
37.46	-0.0000691750
37.47	-0.0000754420
37.48	-0.0000880180
37.49	-0.0001151400
37.5	0.0000207500
37.51	0.0000071292
37.52	0.0000083796
37.53	0.0000995030
37.54	-0.0001130900
37.55	-0.0001398600
37.56	0.0000276900
37.57	-0.0001114900
37.58	-0.0000497000
37.59	0.0000359230
37.6	0.0000327820
37.61	0.0000845610
37.62	-0.0000568920
37.63	-0.0001540600
37.64	-0.0002093700
37.65	-0.0000403880
37.66	0.0000568300
37.67	-0.0001566100
37.68	-0.0001057200
37.69	0.0001147900
37.7	0.0000648200
37.71	-0.0002271400
37.72	-0.0000917270
37.73	0.0001890500
37.74	0.0000222710
37.75	-0.0001938600
37.76	-0.0001459000
37.77	0.0000162530
37.78	-0.0000173500
37.79	0.0000092951
37.8	0.0001092300
37.81	-0.0000770220
37.82	-0.0003134300
37.83	0.0000146300
37.84	0.0003668300
37.85	-0.0000968960
37.86	-0.0004000600
37.87	-0.0001804200
37.88	0.0000938480
37.89	0.0002665600
37.9	0.0001661200
37.91	-0.0000640320
37.92	-0.0002643000
37.93	-0.0001721200
37.94	-0.0000866120
37.95	-0.0000492500
37.96	0.0001410800
37.97	0.0001227600
37.98	-0.0000197100
37.99	-0.0001270100
38	-0.0001087600
38.01	0.0000017685
38.02	0.0001331300
38.03	0.0001702400
38.04	-0.0001052500
38.05	-0.0002505400
38.06	-0.0001146800
38.07	-0.0000300710
38.08	0.0000046064
38.09	-0.0000684820
38.1	-0.0000869790
38.11	0.0000236950
38.12	0.0000912600
38.13	0.0002556100
38.14	0.0000401900
38.15	-0.0003835000
38.16	-0.0002296400
38.17	-0.0000039357
38.18	0.0000517540
38.19	-0.0000352990
38.2	-0.0000863300
38.21	0.0002233200
38.22	0.0002551500
38.23	-0.0000972300
38.24	-0.0002044600
38.25	-0.0001866800
38.26	-0.0002650100
38.27	-0.0000754050
38.28	0.0002540700
38.29	0.0002058700
38.3	-0.0000965430
38.31	-0.0001433700
38.32	0.0000534760
38.33	-0.0000532550
38.34	-0.0002959100
38.35	-0.0001236300
38.36	0.0001851000
38.37	0.0001257200
38.38	-0.0002037800
38.39	-0.0002949200
38.4	0.0000172220
38.41	0.0002848000
38.42	0.0002276500
38.43	-0.0000447550
38.44	-0.0002427000
38.45	-0.0001735700
38.46	-0.0000736280
38.47	-0.0000021019
38.48	0.0000255470
38.49	-0.0000410920
38.5	-0.0000145170
38.51	0.0000990160
38.52	0.0000562770
38.53	-0.0000814960
38.54	0.0000473400
38.55	0.0000481500
38.56	-0.0001521300
38.57	-0.0000714640
38.58	-0.0000723670
38.59	-0.0001604600
38.6	-0.0001128300
38.61	0.0000503240
38.62	0.0001873300
38.63	0.0000002056
38.64	-0.0001115500
38.65	-0.0001307200
38.66	-0.0001399800
38.67	0.0000384420
38.68	0.0000109950
38.69	-0.0000313770
38.7	0.0001107100
38.71	0.0000600730
38.72	-0.0001705600
38.73	-0.0002079300
38.74	0.0000281590
38.75	0.0001235500
38.76	-0.0000121420
38.77	-0.0000462140
38.78	-0.0001012000
38.79	-0.0002170300
38.8	0.0000104530
38.81	0.0003018800
38.82	0.0002519700
38.83	-0.0000087274
38.84	-0.0001971700
38.85	-0.0001986600
38.86	-0.0002168700
38.87	-0.0001782100
38.88	-0.0000666710
38.89	0.0000820890
38.9	0.0003738000
38.91	0.0003821200
38.92	-0.0000155220
38.93	-0.0003078600
38.94	-0.0002850700
38.95	-0.0001374400
38.96	-0.0000150980
38.97	0.0000634550
38.98	-0.0000454240
38.99	-0.0001456600
39	0.0000046266
39.01	0.0001344900
39.02	0.0000656730
39.03	-0.0000663940
39.04	-0.0000723620
39.05	-0.0000676760
39.06	-0.0000006876
39.07	0.0001019400
39.08	-0.0000405320
39.09	-0.0001065200
39.1	-0.0000025247
39.11	0.0000270670
39.12	-0.0000058444
39.13	0.0000309660
39.14	0.0000416710
39.15	-0.0000571730
39.16	-0.0001678400
39.17	-0.0001187200
39.18	0.0000859900
39.19	0.0000069357
39.2	-0.0000083999
39.21	-0.0000074521
39.22	-0.0000845540
39.23	0.0001410900
39.24	0.0001455600
39.25	-0.0000261990
39.26	-0.0001680200
39.27	-0.0002208300
39.28	-0.0001327700
39.29	0.0000037654
39.3	0.0000948030
39.31	0.0001250000
39.32	0.0001665100
39.33	-0.0000075209
39.34	-0.0000590700
39.35	-0.0001418000
39.36	-0.0002144000
39.37	0.0000456540
39.38	0.0001271100
39.39	0.0001167900
39.4	-0.0000247060
39.41	-0.0001697900
39.42	-0.0001679000
39.43	-0.0001560200
39.44	0.0000801880
39.45	0.0002253700
39.46	0.0000806100
39.47	-0.0000250990
39.48	0.0000226300
39.49	-0.0000661620
39.5	-0.0001361900
39.51	0.0000242260
39.52	-0.0000068841
39.53	-0.0001034500
39.54	0.0000014147
39.55	0.0002090200
39.56	0.0001405800
39.57	-0.0002607000
39.58	-0.0003075900
39.59	0.0000571650
39.6	0.0003561000
39.61	0.0002040300
39.62	-0.0000802410
39.63	-0.0001876800
39.64	-0.0001993100
39.65	-0.0000860710
39.66	-0.0000814970
39.67	0.0001578600
39.68	0.0003648700
39.69	0.0001421400
39.7	-0.0001372800
39.71	-0.0003162800
39.72	-0.0001463700
39.73	0.0000322340
39.74	0.0000671140
39.75	0.0001591800
39.76	0.0001904400
39.77	0.0000275420
39.78	-0.0001882400
39.79	-0.0001613700
39.8	-0.0001295400
39.81	-0.0000482990
39.82	0.0001278500
39.83	0.0001946200
39.84	0.0000669320
39.85	-0.0001147800
39.86	-0.0000514280
39.87	0.0000133920
39.88	0.0001620600
39.89	0.0001309400
39.9	-0.0002053600
39.91	-0.0000695860
39.92	0.0002147300
39.93	0.0000224960
39.94	-0.0003274300
39.95	-0.0001838300
39.96	0.0001599700
39.97	0.0002190800
39.98	0.0001690900
39.99	0.0000095671
40	-0.0000588990
40.01	-0.0001027400
40.02	-0.0001947000
40.03	-0.0000660680
40.04	0.0001587500
40.05	0.0001323000
40.06	-0.0000204440
40.07	-0.0000062348
40.08	0.0000777920
40.09	0.0001479000
40.1	0.0000142750
40.11	-0.0000177400
40.12	-0.0000281630
40.13	-0.0002057000
40.14	-0.0000676110
40.15	0.0000433080
40.16	0.0001158300
40.17	0.0001500200
40.18	0.0000598590
40.19	0.0001473200
40.2	0.0000125310
40.21	-0.0002528000
40.22	-0.0001378900
40.23	0.0000200340
40.24	0.0000091205
40.25	0.0002045500
40.26	0.0002658500
40.27	0.0001181000
40.28	0.0000248550
40.29	-0.0001112800
40.3	-0.0001331100
40.31	-0.0001735100
40.32	-0.0000191900
40.33	0.0001133000
40.34	-0.0000355920
40.35	0.0000515490
40.36	0.0001959200
40.37	0.0001924300
40.38	0.0000253730
40.39	-0.0001655200
40.4	-0.0000959210
40.41	0.0000465350
40.42	-0.0000062361
40.43	-0.0001031100
40.44	-0.0000547010
40.45	0.0000559660
40.46	0.0002074700
40.47	0.0001149700
40.48	-0.0000211880
40.49	0.0000256680
40.5	-0.0001517600
40.51	-0.0001317500
40.52	0.0001064600
40.53	0.0001610800
40.54	0.0000750760
40.55	0.0000125980
40.56	0.0001257700
40.57	-0.0000482200
40.58	-0.0001913400
40.59	0.0000395280
40.6	0.0001121100
40.61	0.0000175080
40.62	-0.0000955840
40.63	-0.0001224500
40.64	0.0000043555
40.65	0.0001199600
40.66	0.0002122700
40.67	0.0002632700
40.68	0.0000402860
40.69	-0.0001542100
40.7	-0.0002101200
40.71	-0.0003039700
40.72	-0.0002081500
40.73	0.0000444530
40.74	0.0005147900
40.75	0.0006827800
40.76	0.0001669500
40.77	-0.0004273500
40.78	-0.0006726100
40.79	-0.0002757900
40.8	0.0002865100
40.81	0.0005364600
40.82	0.0005255100
40.83	0.0002477800
40.84	-0.0001337800
40.85	-0.0005526400
40.86	-0.0005813700
40.87	-0.0000841850
40.88	0.0004711300
40.89	0.0006050800
40.9	0.0001920100
40.91	-0.0001335400
40.92	-0.0000992020
40.93	-0.0000104420
40.94	-0.0000815830
40.95	-0.0000071844
40.96	0.0001771500
40.97	0.0000239680
40.98	-0.0001014700
40.99	0.0000225580
41	0.0001320300
41.01	-0.0000000244
41.02	-0.0000342260
41.03	0.0002282700
41.04	0.0003175000
41.05	0.0000690030
41.06	-0.0002236800
41.07	-0.0000974530
41.08	0.0000832980
41.09	-0.0000130580
41.1	-0.0000491660
41.11	0.0001795800
41.12	0.0003206500
41.13	-0.0000106250
41.14	-0.0001669700
41.15	-0.0000824310
41.16	-0.0001235000
41.17	-0.0000444130
41.18	0.0001887400
41.19	0.0003157400
41.2	0.0002385500
41.21	0.0001579700
41.22	-0.0000930310
41.23	-0.0004090700
41.24	-0.0004144400
41.25	-0.0000170390
41.26	0.0005557600
41.27	0.0005929100
41.28	0.0000776850
41.29	-0.0003082800
41.3	-0.0000799640
41.31	0.0001908800
41.32	-0.0000581420
41.33	-0.0001086400
41.34	0.0001116300
41.35	0.0001631700
41.36	0.0001209700
41.37	0.0000346970
41.38	-0.0000788320
41.39	-0.0001347700
41.4	-0.0000075607
41.41	0.0002045600
41.42	0.0002344500
41.43	-0.0000062606
41.44	-0.0000936320
41.45	0.0000537740
41.46	0.0000567740
41.47	0.0001055500
41.48	0.0001255500
41.49	0.0000180490
41.5	0.0000341920
41.51	0.0001205700
41.52	0.0000737590
41.53	-0.0001484300
41.54	-0.0002347900
41.55	0.0000203560
41.56	0.0003678600
41.57	0.0003584000
41.58	0.0001410700
41.59	0.0000170710
41.6	-0.0001068500
41.61	-0.0002530900
41.62	-0.0002665800
41.63	0.0000685880
41.64	0.0003826500
41.65	0.0003110900
41.66	0.0001014000
41.67	-0.0000167050
41.68	-0.0001689500
41.69	-0.0001856500
41.7	0.0002017300
41.71	0.0003944400
41.72	0.0002031000
41.73	-0.0000157810
41.74	-0.0002056300
41.75	-0.0001253600
41.76	0.0001448900
41.77	0.0002256100
41.78	0.0000649000
41.79	-0.0001428800
41.8	-0.0001152600
41.81	0.0000682850
41.82	0.0001553600
41.83	0.0002983400
41.84	0.0002969100
41.85	-0.0001523300
41.86	-0.0003410900
41.87	-0.0000926540
41.88	0.0001199400
41.89	0.0003080500
41.9	0.0002301000
41.91	-0.0000505300
41.92	-0.0000503280
41.93	0.0001011900
41.94	0.0000494500
41.95	-0.0000179690
41.96	0.0000704570
41.97	0.0001119500
41.98	0.0000922410
41.99	0.0000412840
42	0.0001140300
42.01	0.0002012500
42.02	0.0000847990
42.03	-0.0000376020
42.04	-0.0001955600
42.05	-0.0001356700
42.06	0.0002136300
42.07	0.0003459900
42.08	0.0002139100
42.09	0.0001162100
42.1	0.0000758600
42.11	-0.0001048100
42.12	-0.0001013700
42.13	0.0001135700
42.14	0.0001710700
42.15	0.0000729060
42.16	-0.0000379110
42.17	0.0001141600
42.18	0.0002112200
42.19	0.0000467260
42.2	0.0000395470
42.21	0.0001495900
42.22	0.0000686530
42.23	-0.0000987090
42.24	-0.0000310640
42.25	0.0003110000
42.26	0.0003813200
42.27	-0.0000304910
42.28	-0.0001257800
42.29	-0.0000020000
42.3	0.0000465480
42.31	0.0003475900
42.32	0.0003473600
42.33	-0.0000309970
42.34	-0.0001234500
42.35	0.0000916010
42.36	0.0001849100
42.37	0.0000445090
42.38	-0.0000661980
42.39	0.0000664300
42.4	0.0001833100
42.41	0.0000178270
42.42	0.0000036985
42.43	0.0001884000
42.44	0.0001544100
42.45	0.0000187740
42.46	-0.0000046271
42.47	0.0000488520
42.48	0.0001365400
42.49	0.0001288100
42.5	-0.0000118990
42.51	-0.0000219690
42.52	0.0001605800
42.53	0.0001870500
42.54	0.0001527400
42.55	0.0001366700
42.56	-0.0000263480
42.57	-0.0000726160
42.58	-0.0000466340
42.59	-0.0000204700
42.6	0.0001620000
42.61	0.0003221600
42.62	0.0003110300
42.63	0.0002039500
42.64	-0.0000690850
42.65	-0.0001953600
42.66	-0.0000675980
42.67	-0.0001761800
42.68	0.0000246010
42.69	0.0005028100
42.7	0.0004766600
42.71	0.0001626800
42.72	-0.0001627500
42.73	-0.0001458800
42.74	0.0000664150
42.75	0.0001164800
42.76	0.0002351400
42.77	0.0001684900
42.78	-0.0000753670
42.79	0.0000096294
42.8	0.0001256000
42.81	0.0000392330
42.82	0.0001677000
42.83	0.0002981500
42.84	0.0000498440
42.85	-0.0002422600
42.86	-0.0001194300
42.87	0.0002190200
42.88	0.0002895900
42.89	0.0001920000
42.9	0.0000874810
42.91	0.0000051774
42.92	-0.0001039000
42.93	-0.0000931490
42.94	0.0000766150
42.95	0.0002063400
42.96	0.0003594000
42.97	0.0001741300
42.98	-0.0000470280
42.99	0.0000122690
43	-0.0000743840
43.01	-0.0000881520
43.02	0.0001459200
43.03	0.0003733900
43.04	0.0002148600
43.05	0.0000058176
43.06	0.0000637640
43.07	-0.0000327660
43.08	-0.0001054300
43.09	0.0000167680
43.1	0.0001270000
43.11	0.0001850600
43.12	0.0002199600
43.13	0.0001635900
43.14	0.0000815170
43.15	0.0000245510
43.16	-0.0000297340
43.17	0.0001080600
43.18	0.0000972460
43.19	0.0000422890
43.2	0.0002446100
43.21	0.0002649500
43.22	0.0000046302
43.23	-0.0002057400
43.24	-0.0000819700
43.25	0.0001012200
43.26	0.0001931500
43.27	0.0002170200
43.28	0.0002571300
43.29	0.0002355700
43.3	0.0000277190
43.31	-0.0000319390
43.32	-0.0000949280
43.33	-0.0000671130
43.34	0.0000906890
43.35	0.0002377600
43.36	0.0002782100
43.37	0.0000698560
43.38	-0.0000109700
43.39	0.0001282300
43.4	0.0003230000
43.41	0.0001344500
43.42	-0.0001123900
43.43	0.0000420000
43.44	0.0000997750
43.45	0.0000424010
43.46	0.0000987500
43.47	0.0003161200
43.48	0.0002651000
43.49	0.0000007226
43.5	0.0000319730
43.51	0.0001541500
43.52	0.0000613350
43.53	-0.0001060000
43.54	-0.0000361590
43.55	0.0000814210
43.56	0.0002880300
43.57	0.0003681500
43.58	0.0001617300
43.59	0.0001063600
43.6	-0.0000562970
43.61	-0.0002133700
43.62	0.0000533670
43.63	0.0003286400
43.64	0.0002917900
43.65	0.0001512400
43.66	0.0000404060
43.67	0.0000231840
43.68	0.0000397980
43.69	0.0000845610
43.7	0.0001898100
43.71	0.0002151900
43.72	0.0002402300
43.73	0.0001053700
43.74	-0.0001386900
43.75	-0.0000649010
43.76	0.0001229400
43.77	0.0002443300
43.78	0.0003249800
43.79	0.0002529200
43.8	0.0001670100
43.81	0.0000120090
43.82	-0.0001316900
43.83	-0.0000377440
43.84	0.0001583800
43.85	0.0002039400
43.86	0.0000269800
43.87	0.0001265000
43.88	0.0002952300
43.89	0.0001788000
43.9	0.0000840930
43.91	0.0001100900
43.92	0.0002145300
43.93	-0.0000505150
43.94	-0.0002032800
43.95	0.0002779300
43.96	0.0004795500
43.97	0.0002161800
43.98	-0.0001084800
43.99	-0.0002142600
44	0.0001819900
44.01	0.0004168800
44.02	0.0002309800
44.03	0.0000890780
44.04	-0.0000907560
44.05	0.0000316210
44.06	0.0002780900
44.07	0.0001529800
44.08	0.0000882680
44.09	0.0001328600
44.1	0.0001900000
44.11	0.0002508000
44.12	0.0002333100
44.13	0.0000384220
44.14	-0.0000938400
44.15	0.0000771530
44.16	0.0000971250
44.17	0.0000682700
44.18	0.0002456300
44.19	0.0002612600
44.2	0.0001524500
44.21	0.0002750300
44.22	0.0002698300
44.23	-0.0000823920
44.24	-0.0002607300
44.25	0.0000677330
44.26	0.0003011100
44.27	0.0000257910
44.28	0.0001342100
44.29	0.0003432900
44.3	0.0001167900
44.31	0.0000122040
44.32	0.0000475700
44.33	0.0002031300
44.34	0.0001866300
44.35	0.0000050796
44.36	0.0000152570
44.37	0.0001268200
44.38	0.0002349200
44.39	0.0001469300
44.4	0.0000760110
44.41	0.0000260600
44.42	-0.0000722760
44.43	0.0001348900
44.44	0.0002990800
44.45	0.0001946700
44.46	0.0001596000
44.47	0.0001353300
44.48	-0.0000010259
44.49	-0.0000532980
44.5	0.0000978330
44.51	0.0002485200
44.52	0.0001367600
44.53	0.0000098855
44.54	0.0000962050
44.55	0.0001507400
44.56	0.0001164300
44.57	0.0001605300
44.58	0.0002676100
44.59	0.0001992400
44.6	0.0000197520
44.61	0.0000373480
44.62	0.0002120100
44.63	0.0001558900
44.64	-0.0000665760
44.65	-0.0001339800
44.66	-0.0000771910
44.67	0.0001077800
44.68	0.0003508500
44.69	0.0005205800
44.7	0.0003483100
44.71	0.0000332550
44.72	-0.0000931240
44.73	-0.0001158500
44.74	0.0000975390
44.75	0.0003230200
44.76	0.0002796000
44.77	0.0000010744
44.78	-0.0000679400
44.79	0.0002093200
44.8	0.0002536100
44.81	0.0001990100
44.82	0.0002332600
44.83	0.0001304200
44.84	0.0001315100
44.85	0.0002127900
44.86	-0.0000105360
44.87	-0.0001050300
44.88	0.0001379600
44.89	0.0002862400
44.9	0.0003276400
44.91	0.0001763000
44.92	-0.0001216700
44.93	-0.0001544400
44.94	0.0001195600
44.95	0.0003244100
44.96	0.0003310000
44.97	0.0002332200
44.98	0.0000523660
44.99	-0.0000176920
45	0.0001933900
45.01	0.0003016900
45.02	0.0000339330
45.03	-0.0000383910
45.04	0.0002339600
45.05	0.0002221000
45.06	0.0000334860
45.07	0.0000329610
45.08	-0.0000272310
45.09	0.0000438440
45.1	0.0003719300
45.11	0.0004846400
45.12	0.0002213500
45.13	-0.0001346900
45.14	-0.0001489900
45.15	0.0000857010
45.16	0.0001707400
45.17	0.0002359700
45.18	0.0003008900
45.19	0.0000857490
45.2	-0.0001384400
45.21	0.0000144230
45.22	0.0002332900
45.23	0.0001623900
45.24	0.0001157200
45.25	0.0002201300
45.26	0.0002574500
45.27	0.0001290100
45.28	-0.0000024806
45.29	0.0000001290
45.3	0.0000652350
45.31	0.0002832200
45.32	0.0002418500
45.33	0.0000664810
45.34	0.0001191600
45.35	0.0001081800
45.36	0.0001688300
45.37	0.0002069800
45.38	0.0001509900
45.39	0.0001939600
45.4	0.0002142400
45.41	0.0000008921
45.42	-0.0000735260
45.43	0.0001594200
45.44	0.0002165500
45.45	0.0001708300
45.46	0.0001141800
45.47	0.0001934700
45.48	0.0004213400
45.49	0.0003258800
45.5	-0.0001203300
45.51	-0.0003138800
45.52	0.0000604050
45.53	0.0003937500
45.54	0.0004232100
45.55	0.0002501100
45.56	-0.0000132750
45.57	-0.0001826600
45.58	-0.0001421000
45.59	0.0001777600
45.6	0.0003655700
45.61	0.0003411900
45.62	0.0002908700
45.63	0.0000855690
45.64	-0.0002130200
45.65	-0.0001022000
45.66	0.0001764100
45.67	0.0002557700
45.68	0.0003504000
45.69	0.0001601100
45.7	0.0000561230
45.71	0.0000145740
45.72	0.0000195550
45.73	0.0002231200
45.74	0.0001578000
45.75	0.0002070900
45.76	-0.0000180760
45.77	-0.0001667000
45.78	0.0001659600
45.79	0.0003269400
45.8	0.0003042100
45.81	0.0000154000
45.82	-0.0000225010
45.83	0.0000501420
45.84	0.0001430300
45.85	0.0002649300
45.86	0.0000360770
45.87	-0.0000165030
45.88	0.0001344800
45.89	0.0004064700
45.9	0.0002698100
45.91	-0.0001795700
45.92	-0.0000633210
45.93	0.0002212100
45.94	0.0002775000
45.95	0.0000579310
45.96	0.0000016661
45.97	0.0002029300
45.98	0.0002251500
45.99	0.0000902890
46	0.0001047800
46.01	0.0002122700
46.02	-0.0000393590
46.03	0.0000268490
46.04	0.0003252600
46.05	0.0003203200
46.06	0.0002029300
46.07	-0.0000702220
46.08	-0.0000452440
46.09	0.0000960620
46.1	0.0002580900
46.11	0.0002523500
46.12	0.0000001147
46.13	0.0001114500
46.14	0.0001081800
46.15	0.0001540700
46.16	0.0003338000
46.17	0.0001778100
46.18	-0.0000201470
46.19	0.0000193950
46.2	0.0002590100
46.21	0.0002279000
46.22	0.0000711930
46.23	-0.0000258500
46.24	-0.0000056324
46.25	0.0002206800
46.26	0.0002258300
46.27	0.0001394400
46.28	0.0002049700
46.29	0.0001903000
46.3	-0.0000475710
46.31	-0.0000680550
46.32	0.0002103200
46.33	0.0002526500
46.34	0.0001495500
46.35	0.0001515600
46.36	0.0002401200
46.37	0.0000493820
46.38	-0.0003284500
46.39	-0.0000727200
46.4	0.0003521500
46.41	0.0002464000
46.42	0.0002412600
46.43	0.0002666800
46.44	-0.0000407130
46.45	-0.0000822850
46.46	0.0001572400
46.47	0.0003086300
46.48	0.0001858900
46.49	-0.0000619600
46.5	-0.0000341510
46.51	0.0001265000
46.52	0.0002663800
46.53	0.0001847800
46.54	0.0000568970
46.55	0.0001740300
46.56	0.0001655700
46.57	0.0001146400
46.58	0.0001231200
46.59	-0.0000240650
46.6	-0.0002091100
46.61	-0.0000535160
46.62	0.0003100900
46.63	0.0004150100
46.64	0.0003408800
46.65	0.0000522310
46.66	-0.0002471500
46.67	-0.0001510100
46.68	0.0003739900
46.69	0.0005673100
46.7	-0.0000465410
46.71	-0.0002224900
46.72	0.0001211700
46.73	0.0001386000
46.74	0.0000684400
46.75	0.0001598500
46.76	0.0003066100
46.77	0.0000897460
46.78	-0.0000940840
46.79	0.0002583500
46.8	0.0003260800
46.81	0.0000067640
46.82	-0.0000939920
46.83	0.0000256630
46.84	0.0002850500
46.85	0.0002756900
46.86	0.0000130580
46.87	-0.0000039881
46.88	0.0000415710
46.89	0.0001853800
46.9	0.0003415100
46.91	0.0001628100
46.92	-0.0000567510
46.93	-0.0000710440
46.94	0.0002257500
46.95	0.0002954400
46.96	0.0000965090
46.97	0.0001645100
46.98	0.0000739600
46.99	-0.0001530000
47	-0.0002314700
47.01	0.0001215600
47.02	0.0005324300
47.03	0.0002550500
47.04	-0.0001510000
47.05	0.0000843400
47.06	0.0003701800
47.07	-0.0000506150
47.08	-0.0001250800
47.09	0.0002023900
47.1	0.0001896900
47.11	0.0000769170
47.12	0.0000412710
47.13	0.0001258800
47.14	-0.0000516570
47.15	-0.0000812840
47.16	0.0003127100
47.17	0.0004325200
47.18	0.0000978980
47.19	-0.0000656740
47.2	0.0000259360
47.21	-0.0000775410
47.22	-0.0000130690
47.23	0.0000688150
47.24	0.0001691100
47.25	0.0004249700
47.26	0.0002599800
47.27	-0.0000666500
47.28	-0.0001916000
47.29	0.0000138870
47.3	0.0003054700
47.31	0.0001148900
47.32	-0.0001176400
47.33	0.0000656380
47.34	0.0001701800
47.35	0.0000952350
47.36	0.0001189700
47.37	0.0000941880
47.38	0.0001479300
47.39	0.0002331700
47.4	0.0000367510
47.41	-0.0001777600
47.42	-0.0001442200
47.43	0.0001908200
47.44	0.0003953900
47.45	0.0000884800
47.46	-0.0000540530
47.47	0.0000253890
47.48	-0.0000334170
47.49	0.0001129200
47.5	0.0003964800
47.51	0.0002117000
47.52	-0.0002854900
47.53	-0.0002078200
47.54	0.0001709300
47.55	0.0001937900
47.56	0.0001074600
47.57	0.0002646500
47.58	0.0003048700
47.59	-0.0001662100
47.6	-0.0003457800
47.61	0.0001113900
47.62	0.0004051200
47.63	0.0002277700
47.64	0.0000063748
47.65	-0.0000754810
47.66	-0.0001433000
47.67	-0.0000378610
47.68	0.0003459000
47.69	0.0003811400
47.7	-0.0000861660
47.71	-0.0000689900
47.72	0.0002212400
47.73	0.0000912190
47.74	-0.0000515820
47.75	-0.0000286380
47.76	0.0000864470
47.77	0.0001802400
47.78	0.0001458500
47.79	0.0001474700
47.8	0.0000066196
47.81	-0.0002260400
47.82	-0.0001027900
47.83	0.0001010200
47.84	0.0002668100
47.85	0.0002800400
47.86	-0.0000456570
47.87	-0.0001292700
47.88	-0.0000497910
47.89	-0.0000076781
47.9	0.0000962490
47.91	0.0002127700
47.92	0.0001641700
47.93	-0.0000990170
47.94	-0.0000458750
47.95	0.0000678040
47.96	0.0000050122
47.97	-0.0000057402
47.98	0.0001250500
47.99	0.0002824700
48	-0.0000170710
48.01	-0.0001575900
48.02	0.0001297600
48.03	0.0001529300
48.04	-0.0000330950
48.05	-0.0001278000
48.06	0.0000357000
48.07	0.0001896000
48.08	0.0000861070
48.09	-0.0001140500
48.1	-0.0001530000
48.11	0.0000728650
48.12	0.0002561100
48.13	0.0002717700
48.14	0.0002033400
48.15	-0.0000277730
48.16	-0.0003104700
48.17	-0.0002069700
48.18	0.0000863210
48.19	0.0001024500
48.2	0.0000449440
48.21	0.0000797220
48.22	0.0000055783
48.23	-0.0001144300
48.24	0.0000063558
48.25	0.0000621480
48.26	0.0001558900
48.27	0.0001904400
48.28	-0.0001765800
48.29	-0.0001091600
48.3	0.0000197470
48.31	-0.0001285900
48.32	0.0000464090
48.33	0.0001807400
48.34	0.0001750700
48.35	-0.0000423830
48.36	-0.0002840800
48.37	-0.0000369000
48.38	0.0003373600
48.39	0.0002488600
48.4	-0.0001126100
48.41	-0.0001831700
48.42	-0.0000250580
48.43	0.0000175210
48.44	-0.0000700410
48.45	0.0000793060
48.46	0.0001552600
48.47	-0.0000597300
48.48	0.0000121860
48.49	0.0001886600
48.5	0.0000616720
48.51	-0.0002652400
48.52	-0.0003371500
48.53	0.0000797730
48.54	0.0004340700
48.55	0.0001861900
48.56	-0.0001370000
48.57	-0.0001747000
48.58	-0.0002009000
48.59	-0.0000431950
48.6	0.0000637150
48.61	0.0001689000
48.62	0.0002090100
48.63	-0.0000512110
48.64	-0.0000629100
48.65	-0.0000343290
48.66	-0.0001417100
48.67	-0.0001397600
48.68	0.0000605740
48.69	0.0002048600
48.7	0.0000511680
48.71	-0.0001181100
48.72	-0.0001109200
48.73	0.0000520600
48.74	-0.0000553430
48.75	-0.0001667800
48.76	0.0001001900
48.77	0.0002032300
48.78	0.0000277510
48.79	-0.0000693480
48.8	-0.0000621740
48.81	-0.0001335200
48.82	-0.0000615670
48.83	0.0000226470
48.84	0.0000376030
48.85	0.0000710820
48.86	-0.0001556700
48.87	-0.0001882000
48.88	-0.0000403830
48.89	0.0000526100
48.9	0.0000857600
48.91	-0.0000783740
48.92	-0.0000260520
48.93	0.0000385130
48.94	-0.0000658900
48.95	-0.0001458200
48.96	-0.0001753300
48.97	-0.0000996930
48.98	0.0000541910
48.99	0.0002479200
49	0.0000724080
49.01	-0.0002738500
49.02	-0.0001896000
49.03	0.0000640490
49.04	0.0001088200
49.05	-0.0000183350
49.06	-0.0000625170
49.07	-0.0001304500
49.08	-0.0002451500
49.09	-0.0001308800
49.1	-0.0000295660
49.11	0.0000403390
49.12	0.0000848260
49.13	0.0000418110
49.14	-0.0001096800
49.15	-0.0003087900
49.16	-0.0002714200
49.17	-0.0000526400
49.18	0.0003000300
49.19	0.0003109900
49.2	-0.0000475310
49.21	-0.0003450100
49.22	-0.0003664100
49.23	-0.0000484350
49.24	0.0000715820
49.25	-0.0000288960
49.26	-0.0000631970
49.27	0.0000124550
49.28	-0.0000585680
49.29	-0.0002067100
49.3	-0.0001325700
49.31	-0.0000877240
49.32	-0.0000044811
49.33	0.0000494720
49.34	-0.0000653000
49.35	-0.0001342300
49.36	-0.0001661400
49.37	-0.0002069900
49.38	-0.0001178800
49.39	0.0001311800
49.4	0.0000996420
49.41	-0.0002704600
49.42	-0.0003526900
49.43	-0.0000427170
49.44	0.0000858370
49.45	-0.0001356100
49.46	-0.0001352100
49.47	-0.0000188250
49.48	-0.0002165000
49.49	-0.0002412600
49.5	-0.0000287550
49.51	-0.0001028000
49.52	-0.0002914700
49.53	-0.0001040300
49.54	0.0002056700
49.55	0.0000939890
49.56	-0.0002960900
49.57	-0.0003689000
49.58	-0.0000568710
49.59	0.0000475440
49.6	-0.0001177200
49.61	-0.0002256000
49.62	-0.0000893830
49.63	0.0001525600
49.64	0.0000070229
49.65	-0.0003273000
49.66	-0.0004278100
49.67	-0.0001665300
49.68	0.0001373700
49.69	0.0001034300
49.7	-0.0000659710
49.71	-0.0002084100
49.72	-0.0001973500
49.73	-0.0000625430
49.74	-0.0000268300
49.75	-0.0001778700
49.76	-0.0002158600
49.77	-0.0000726810
49.78	0.0000035731
49.79	-0.0000050707
49.8	-0.0001595500
49.81	-0.0003154300
49.82	-0.0002643600
49.83	-0.0000642260
49.84	0.0000002898
49.85	0.0000060130
49.86	-0.0000639350
49.87	-0.0002952200
49.88	-0.0002659500
49.89	-0.0000682910
49.9	-0.0000070446
49.91	-0.0002419000
49.92	-0.0004481000
49.93	-0.0001247300
49.94	0.0002700100
49.95	0.0001628000
49.96	-0.0002518300
49.97	-0.0003899500
49.98	-0.0002528900
49.99	-0.0001441400
50	-0.0000326970
50.01	-0.0000789730
50.02	-0.0001826600
50.03	-0.0002026300
50.04	-0.0000547380
50.05	-0.0000035544
50.06	-0.0003694300
50.07	-0.0003122500
50.08	-0.0000157300
50.09	-0.0000011002
50.1	-0.0001005100
50.11	-0.0002120000
50.12	-0.0001722700
50.13	-0.0003262700
50.14	-0.0001911700
50.15	0.0001475400
50.16	-0.0000202130
50.17	-0.0003270300
50.18	-0.0003913800
50.19	-0.0001289100
50.2	-0.0000253740
50.21	-0.0001285500
50.22	-0.0002205100
50.23	-0.0002385700
50.24	-0.0001540500
50.25	-0.0002308500
50.26	-0.0001651300
50.27	-0.0001450300
50.28	-0.0002749900
50.29	-0.0001994200
50.3	-0.0002056700
50.31	-0.0001920800
50.32	-0.0001091500
50.33	-0.0002022400
50.34	-0.0002543700
50.35	-0.0001414900
50.36	-0.0002492600
50.37	-0.0003820700
50.38	-0.0001519800
50.39	0.0000143750
50.4	-0.0000516970
50.41	-0.0002813100
50.42	-0.0004303100
50.43	-0.0003669500
50.44	-0.0001803000
50.45	0.0000500350
50.46	0.0000265070
50.47	-0.0002696700
50.48	-0.0005196900
50.49	-0.0003772300
50.5	-0.0002766600
50.51	-0.0001755800
50.52	-0.0000015785
50.53	-0.0001868600
50.54	-0.0002230300
50.55	-0.0002417300
50.56	-0.0003415400
50.57	-0.0003285300
50.58	-0.0003091600
50.59	-0.0001652500
50.6	-0.0000481900
50.61	-0.0001396800
50.62	-0.0003297200
50.63	-0.0003013800
50.64	-0.0002332600
50.65	-0.0002920000
50.66	-0.0002375300
50.67	-0.0001724200
50.68	-0.0002015300
50.69	-0.0002429300
50.7	-0.0003455000
50.71	-0.0003637900
50.72	-0.0002489800
50.73	-0.0001752400
50.74	-0.0001418900
50.75	-0.0001074100
50.76	-0.0001738500
50.77	-0.0004707900
50.78	-0.0005545700
50.79	-0.0001852100
50.8	-0.0000444740
50.81	-0.0003194400
50.82	-0.0003152100
50.83	-0.0002122900
50.84	-0.0003380400
50.85	-0.0002331500
50.86	-0.0001628100
50.87	-0.0003025600
50.88	-0.0003881000
50.89	-0.0002821700
50.9	-0.0001321600
50.91	-0.0001938600
50.92	-0.0002236400
50.93	-0.0002380200
50.94	-0.0002633700
50.95	-0.0002735300
50.96	-0.0003224700
50.97	-0.0003886600
50.98	-0.0003323600
50.99	-0.0002122900
51	-0.0002942500
51.01	-0.0001840700
51.02	-0.0000977950
51.03	-0.0003246500
51.04	-0.0002523100
51.05	-0.0001847600
51.06	-0.0005063900
51.07	-0.0005953000
51.08	-0.0003399000
51.09	-0.0000668410
51.1	-0.0000824180
51.11	-0.0002791300
51.12	-0.0001341600
51.13	-0.0001323200
51.14	-0.0004556600
51.15	-0.0004754100
51.16	-0.0003569800
51.17	-0.0003384600
51.18	-0.0002384200
51.19	-0.0001314300
51.2	-0.0002700400
51.21	-0.0004642900
51.22	-0.0003218500
51.23	-0.0001968600
51.24	-0.0003437300
51.25	-0.0003894200
51.26	-0.0002656400
51.27	-0.0001716500
51.28	-0.0003383300
51.29	-0.0004530800
51.3	-0.0003220400
51.31	-0.0004933300
51.32	-0.0005867300
51.33	-0.0001625500
51.34	0.0000682750
51.35	-0.0000223970
51.36	-0.0003755600
51.37	-0.0006942900
51.38	-0.0005468200
51.39	-0.0003985700
51.4	-0.0001658500
51.41	-0.0001145500
51.42	-0.0004539700
51.43	-0.0005107900
51.44	-0.0002228400
51.45	-0.0000451140
51.46	-0.0002238700
51.47	-0.0004271300
51.48	-0.0004773400
51.49	-0.0003972000
51.5	-0.0002421200
51.51	-0.0001467100
51.52	-0.0002964600
51.53	-0.0005869500
51.54	-0.0004498200
51.55	-0.0001486100
51.56	-0.0002920100
51.57	-0.0004713000
51.58	-0.0003735600
51.59	-0.0003142000
51.6	-0.0003047700
51.61	-0.0002971700
51.62	-0.0003758200
51.63	-0.0004604100
51.64	-0.0003768600
51.65	-0.0002239500
51.66	-0.0002177100
51.67	-0.0003268300
51.68	-0.0005091400
51.69	-0.0005487100
51.7	-0.0002422100
51.71	-0.0000192150
51.72	-0.0002865100
51.73	-0.0005387300
51.74	-0.0004312500
51.75	-0.0003285900
51.76	-0.0003745800
51.77	-0.0003003900
51.78	-0.0002756700
51.79	-0.0003843800
51.8	-0.0002854900
51.81	-0.0003785200
51.82	-0.0004857600
51.83	-0.0003515800
51.84	-0.0002577500
51.85	-0.0001823900
51.86	-0.0004418100
51.87	-0.0004917400
51.88	-0.0002265800
51.89	-0.0002217400
51.9	-0.0002797000
51.91	-0.0004237400
51.92	-0.0004103800
51.93	-0.0003079000
51.94	-0.0003494200
51.95	-0.0003829800
51.96	-0.0003983700
51.97	-0.0004073900
51.98	-0.0003988700
51.99	-0.0002599100
52	-0.0002511700
52.01	-0.0003904600
52.02	-0.0004749200
52.03	-0.0006100800
52.04	-0.0005294200
52.05	-0.0002190100
52.06	-0.0002241100
52.07	-0.0004383000
52.08	-0.0004983500
52.09	-0.0004192200
52.1	-0.0003499900
52.11	-0.0003725900
52.12	-0.0004289800
52.13	-0.0004181200
52.14	-0.0003364900
52.15	-0.0005043100
52.16	-0.0004946800
52.17	-0.0004683200
52.18	-0.0005758800
52.19	-0.0001287100
52.2	-0.0000608690
52.21	-0.0004564200
52.22	-0.0007269500
52.23	-0.0007048000
52.24	-0.0003110600
52.25	-0.0003055100
52.26	-0.0004023500
52.27	-0.0003092700
52.28	-0.0003313900
52.29	-0.0005037300
52.3	-0.0005908800
52.31	-0.0004767000
52.32	-0.0004925000
52.33	-0.0003376800
52.34	-0.0001954000
52.35	-0.0003080500
52.36	-0.0003878600
52.37	-0.0005995400
52.38	-0.0005988500
52.39	-0.0004125300
52.4	-0.0003090600
52.41	-0.0002454100
52.42	-0.0003601400
52.43	-0.0004670000
52.44	-0.0006128500
52.45	-0.0005963400
52.46	-0.0003573500
52.47	-0.0002852800
52.48	-0.0003109500
52.49	-0.0004857700
52.5	-0.0006925400
52.51	-0.0005684800
52.52	-0.0002920300
52.53	-0.0002427700
52.54	-0.0003004900
52.55	-0.0003868200
52.56	-0.0005504900
52.57	-0.0006288700
52.58	-0.0005326200
52.59	-0.0004385500
52.6	-0.0003666900
52.61	-0.0001371500
52.62	-0.0003713800
52.63	-0.0007356500
52.64	-0.0005449500
52.65	-0.0004358900
52.66	-0.0005064100
52.67	-0.0005881500
52.68	-0.0003163300
52.69	-0.0000519620
52.7	-0.0005647700
52.71	-0.0007861100
52.72	-0.0004837600
52.73	-0.0004893200
52.74	-0.0002946200
52.75	-0.0000700410
52.76	-0.0002972700
52.77	-0.0005593000
52.78	-0.0006809700
52.79	-0.0004280200
52.8	-0.0002942800
52.81	-0.0003386000
52.82	-0.0002053800
52.83	-0.0005108900
52.84	-0.0006950400
52.85	-0.0004638900
52.86	-0.0004642000
52.87	-0.0005566700
52.88	-0.0003951600
52.89	-0.0001874000
52.9	-0.0003975100
52.91	-0.0005969200
52.92	-0.0006101800
52.93	-0.0005673900
52.94	-0.0004511400
52.95	-0.0004000600
52.96	-0.0001798500
52.97	-0.0004042800
52.98	-0.0007576400
52.99	-0.0004781900
53	-0.0004365500
53.01	-0.0005701400
53.02	-0.0003784700
53.03	-0.0001691800
53.04	-0.0002527900
53.05	-0.0004461400
53.06	-0.0005678400
53.07	-0.0006534200
53.08	-0.0005517900
53.09	-0.0002427700
53.1	-0.0002134300
53.11	-0.0007243200
53.12	-0.0009026400
53.13	-0.0006476800
53.14	-0.0006203800
53.15	-0.0003920700
53.16	-0.0000782330
53.17	-0.0004258200
53.18	-0.0006475200
53.19	-0.0004466900
53.2	-0.0005293500
53.21	-0.0006855800
53.22	-0.0007630600
53.23	-0.0004834700
53.24	-0.0000561780
53.25	-0.0000725060
53.26	-0.0003176700
53.27	-0.0006642800
53.28	-0.0009258200
53.29	-0.0008589000
53.3	-0.0005522700
53.31	-0.0004136200
53.32	-0.0003101100
53.33	-0.0003953400
53.34	-0.0007720400
53.35	-0.0005223600
53.36	-0.0001679700
53.37	-0.0001670900
53.38	-0.0003345200
53.39	-0.0005532600
53.4	-0.0006073900
53.41	-0.0006939000
53.42	-0.0005352000
53.43	-0.0002692600
53.44	-0.0000700310
53.45	-0.0001956200
53.46	-0.0004361700
53.47	-0.0005285200
53.48	-0.0008669900
53.49	-0.0006964900
53.5	-0.0002616600
53.51	-0.0002715900
53.52	-0.0004372600
53.53	-0.0004281700
53.54	-0.0004691200
53.55	-0.0007995700
53.56	-0.0006067400
53.57	-0.0003842700
53.58	-0.0005022900
53.59	-0.0003786100
53.6	-0.0003401000
53.61	-0.0005694500
53.62	-0.0009225900
53.63	-0.0008357000
53.64	-0.0003680300
53.65	-0.0001511900
53.66	-0.0003221400
53.67	-0.0005194800
53.68	-0.0005617100
53.69	-0.0005723500
53.7	-0.0005272800
53.71	-0.0006978900
53.72	-0.0004024200
53.73	-0.0001618700
53.74	-0.0006410400
53.75	-0.0006912900
53.76	-0.0005941100
53.77	-0.0003369200
53.78	-0.0002490600
53.79	-0.0004823900
53.8	-0.0003122000
53.81	-0.0003813700
53.82	-0.0004916400
53.83	-0.0006237500
53.84	-0.0007079000
53.85	-0.0004172800
53.86	-0.0005151900
53.87	-0.0007785100
53.88	-0.0008157900
53.89	-0.0005263600
53.9	0.0000311500
53.91	0.0000471910
53.92	-0.0005416600
53.93	-0.0008810900
53.94	-0.0010013000
53.95	-0.0010931000
53.96	-0.0005573700
53.97	0.0001123500
53.98	0.0002776800
53.99	-0.0001412800
54	-0.0009102200
54.01	-0.0013104000
54.02	-0.0010228000
54.03	-0.0001451200
54.04	0.0004114400
54.05	0.0003011600
54.06	-0.0004932700
54.07	-0.0014152000
54.08	-0.0013737000
54.09	-0.0007266500
54.1	0.0001507900
54.11	0.0005580300
54.12	0.0001380300
54.13	-0.0008477600
54.14	-0.0016771000
54.15	-0.0012101000
54.16	-0.0001158800
54.17	0.0004119600
54.18	0.0001212100
54.19	-0.0003625100
54.2	-0.0008136000
54.21	-0.0011467000
54.22	-0.0008471100
54.23	-0.0002036000
54.24	0.0001126000
54.25	-0.0003339000
54.26	-0.0008741400
54.27	-0.0008567300
54.28	-0.0006294000
54.29	-0.0001003100
54.3	0.0003253300
54.31	-0.0003024200
54.32	-0.0009218900
54.33	-0.0008425100
54.34	-0.0008113800
54.35	-0.0004806900
54.36	-0.0000219580
54.37	-0.0000281570
54.38	-0.0004125400
54.39	-0.0008059500
54.4	-0.0008627400
54.41	-0.0007641000
54.42	-0.0005133200
54.43	-0.0000909600
54.44	0.0000548980
54.45	-0.0003767000
54.46	-0.0007672600
54.47	-0.0006928800
54.48	-0.0008477900
54.49	-0.0006418200
54.5	-0.0000747530
54.51	-0.0001149400
54.52	-0.0001777700
54.53	-0.0006602800
54.54	-0.0008699900
54.55	-0.0005046200
54.56	-0.0005552500
54.57	-0.0002543300
54.58	-0.0001660300
54.59	-0.0003883900
54.6	-0.0004311200
54.61	-0.0005897500
54.62	-0.0006468500
54.63	-0.0005830100
54.64	-0.0005485500
54.65	-0.0005512400
54.66	-0.0002750500
54.67	-0.0002039900
54.68	-0.0004682200
54.69	-0.0004382500
54.7	-0.0004416900
54.71	-0.0006800900
54.72	-0.0006088800
54.73	-0.0003776000
54.74	-0.0004102800
54.75	-0.0004919200
54.76	-0.0006035400
54.77	-0.0005161000
54.78	-0.0005349500
54.79	-0.0006529500
54.8	-0.0003624900
54.81	-0.0003138700
54.82	-0.0003367600
54.83	-0.0002971000
54.84	-0.0003401600
54.85	-0.0003991900
54.86	-0.0006659700
54.87	-0.0006278400
54.88	-0.0002257400
54.89	-0.0000429200
54.9	-0.0004180300
54.91	-0.0006364800
54.92	-0.0003900900
54.93	-0.0004017800
54.94	-0.0005893600
54.95	-0.0004205800
54.96	-0.0000053792
54.97	-0.0001613800
54.98	-0.0004802900
54.99	-0.0004218400
55	-0.0005667000
55.01	-0.0007200800
55.02	-0.0004657200
55.03	-0.0000758090
55.04	-0.0002259800
55.05	-0.0006111400
55.06	-0.0005356200
55.07	-0.0003385400
55.08	-0.0003426000
55.09	-0.0004083700
55.1	-0.0002973100
55.11	-0.0004092800
55.12	-0.0005521200
55.13	-0.0003290200
55.14	-0.0003291500
55.15	-0.0004957300
55.16	-0.0005891900
55.17	-0.0003796900
55.18	-0.0001608700
55.19	-0.0004732100
55.2	-0.0005816000
55.21	-0.0003290100
55.22	-0.0004692700
55.23	-0.0005881000
55.24	-0.0002735400
55.25	-0.0001598800
55.26	-0.0002360400
55.27	-0.0004317100
55.28	-0.0004997900
55.29	-0.0004414600
55.3	-0.0006365700
55.31	-0.0004773800
55.32	-0.0001866000
55.33	-0.0001907300
55.34	-0.0003684200
55.35	-0.0004835400
55.36	-0.0003594900
55.37	-0.0004077300
55.38	-0.0006686200
55.39	-0.0006741400
55.4	-0.0002353800
55.41	0.0000270920
55.42	-0.0001095800
55.43	-0.0001733900
55.44	-0.0002925100
55.45	-0.0006145700
55.46	-0.0006359200
55.47	-0.0002842300
55.48	0.0000083010
55.49	-0.0000408160
55.5	-0.0001906200
55.51	-0.0003241500
55.52	-0.0007120700
55.53	-0.0006157000
55.54	-0.0002441700
55.55	-0.0002281600
55.56	-0.0002635600
55.57	-0.0003343900
55.58	-0.0002985200
55.59	-0.0003747200
55.6	-0.0003802400
55.61	-0.0002069900
55.62	-0.0001416400
55.63	-0.0001977800
55.64	-0.0002458500
55.65	-0.0002445100
55.66	-0.0004340400
55.67	-0.0004379900
55.68	-0.0005246100
55.69	-0.0006803900
55.7	-0.0004448400
55.71	-0.0002335700
55.72	-0.0000334960
55.73	-0.0000391080
55.74	-0.0003098300
55.75	-0.0004764600
55.76	-0.0004844200
55.77	-0.0003349300
55.78	-0.0003481500
55.79	-0.0004038500
55.8	-0.0002515400
55.81	-0.0003529200
55.82	-0.0005154000
55.83	-0.0004507300
55.84	-0.0003010500
55.85	-0.0003058500
55.86	-0.0003995300
55.87	-0.0002284400
55.88	-0.0003297200
55.89	-0.0002806000
55.9	-0.0000587610
55.91	-0.0002852500
55.92	-0.0003341400
55.93	-0.0004739800
55.94	-0.0004654500
55.95	-0.0001954700
55.96	-0.0002854900
55.97	-0.0002161700
55.98	0.0000311660
55.99	-0.0002120100
56	-0.0005571900
56.01	-0.0004628900
56.02	-0.0003994000
56.03	-0.0001819600
56.04	-0.0000606730
56.05	-0.0000036398
56.06	0.0001123800
56.07	-0.0004611200
56.08	-0.0006293100
56.09	-0.0004124100
56.1	-0.0003187200
56.11	-0.0000835360
56.12	-0.0000699750
56.13	0.0000489270
56.14	-0.0000758470
56.15	-0.0004343200
56.16	-0.0003949300
56.17	-0.0001653300
56.18	-0.0000547340
56.19	-0.0000973070
56.2	-0.0002120200
56.21	-0.0003022200
56.22	-0.0002062000
56.23	-0.0001500800
56.24	-0.0001380100
56.25	-0.0000287060
56.26	-0.0000404700
56.27	-0.0001456500
56.28	-0.0001954900
56.29	-0.0003193400
56.3	-0.0004334300
56.31	-0.0002307700
56.32	0.0000176610
56.33	0.0001274100
56.34	-0.0001394200
56.35	-0.0003972400
56.36	-0.0001530400
56.37	-0.0002052000
56.38	-0.0002739400
56.39	-0.0001245200
56.4	-0.0000649080
56.41	0.0000679920
56.42	0.0000107540
56.43	-0.0001550600
56.44	-0.0001876700
56.45	-0.0001051100
56.46	-0.0001374800
56.47	0.0000244940
56.48	0.0001052100
56.49	-0.0002300800
56.5	-0.0001873200
56.51	-0.0000790730
56.52	-0.0000965380
56.53	-0.0001789300
56.54	-0.0001370900
56.55	0.0000849820
56.56	-0.0000127430
56.57	-0.0000861900
56.58	-0.0001926300
56.59	-0.0001047300
56.6	-0.0000723970
56.61	-0.0001259200
56.62	0.0001527000
56.63	-0.0000124840
56.64	-0.0001168800
56.65	-0.0000832590
56.66	0.0000053205
56.67	0.0001071900
56.68	-0.0000659120
56.69	0.0001328600
56.7	0.0000168010
56.71	-0.0002762800
56.72	-0.0002433100
56.73	-0.0001645400
56.74	0.0000078954
56.75	0.0000836340
56.76	0.0000541710
56.77	-0.0001231200
56.78	0.0000043050
56.79	0.0000679250
56.8	-0.0001352700
56.81	-0.0000990070
56.82	-0.0000979310
56.83	0.0001274400
56.84	0.0001959100
56.85	-0.0000632060
56.86	-0.0002612200
56.87	-0.0003943300
56.88	-0.0000570100
56.89	0.0002623700
56.9	0.0001897900
56.91	0.0000872990
56.92	-0.0000121030
56.93	-0.0001183900
56.94	-0.0002141800
56.95	-0.0000830460
56.96	0.0001622200
56.97	0.0001037800
56.98	-0.0000422260
56.99	0.0000612820
57	0.0000932150
57.01	-0.0000815190
57.02	-0.0000908550
57.03	-0.0000352250
57.04	0.0000160620
57.05	0.0001808200
57.06	0.0001435200
57.07	0.0000765390
57.08	0.0001206400
57.09	-0.0000270110
57.1	-0.0000631070
57.11	-0.0000595520
57.12	-0.0000875470
57.13	0.0001284800
57.14	0.0001378700
57.15	0.0001361100
57.16	0.0001742800
57.17	-0.0000676000
57.18	-0.0000175280
57.19	0.0001568500
57.2	0.0001822600
57.21	0.0002409400
57.22	0.0002314700
57.23	-0.0000035601
57.24	-0.0001818000
57.25	0.0000148200
57.26	0.0001227700
57.27	0.0001849500
57.28	0.0002068100
57.29	0.0001142900
57.3	0.0000730070
57.31	0.0000005964
57.32	0.0002322200
57.33	0.0003845400
57.34	0.0001829700
57.35	-0.0000416190
57.36	-0.0000874400
57.37	0.0000744080
57.38	0.0001494000
57.39	0.0002636100
57.4	0.0003036900
57.41	0.0002642100
57.42	0.0001275300
57.43	-0.0000658210
57.44	0.0000635920
57.45	0.0002017000
57.46	0.0003619500
57.47	0.0004574100
57.48	0.0002614200
57.49	0.0000828520
57.5	0.0000101620
57.51	0.0000900410
57.52	0.0002669200
57.53	0.0003389000
57.54	0.0001924800
57.55	0.0000986950
57.56	0.0001581700
57.57	0.0001976700
57.58	0.0003152800
57.59	0.0003748400
57.6	0.0003340500
57.61	0.0001910200
57.62	-0.0000064344
57.63	0.0000268320
57.64	0.0001828800
57.65	0.0003337100
57.66	0.0004707200
57.67	0.0004222800
57.68	0.0002869300
57.69	0.0001522600
57.7	-0.0000275150
57.71	0.0000723720
57.72	0.0004186900
57.73	0.0007109500
57.74	0.0005767700
57.75	0.0001177300
57.76	0.0000369200
57.77	0.0000630420
57.78	0.0002078400
57.79	0.0004786300
57.8	0.0005174700
57.81	0.0005560400
57.82	0.0003350800
57.83	0.0000153460
57.84	0.0000012933
57.85	0.0002854800
57.86	0.0006478800
57.87	0.0007046300
57.88	0.0005559300
57.89	0.0002118300
57.9	-0.0001444800
57.91	-0.0001412100
57.92	0.0002948800
57.93	0.0008167300
57.94	0.0007127600
57.95	0.0003162100
57.96	0.0003593000
57.97	0.0004867100
57.98	0.0002456300
57.99	0.0001063100
58	0.0003136400
58.01	0.0004742300
58.02	0.0005037300
58.03	0.0004702200
58.04	0.0005548000
58.05	0.0005064100
58.06	0.0002348600
58.07	0.0001244200
58.08	0.0001527200
58.09	0.0003847900
58.1	0.0006589700
58.11	0.0007657200
58.12	0.0005755400
58.13	0.0002856800
58.14	0.0002638400
58.15	0.0003433500
58.16	0.0005442200
58.17	0.0005498800
58.18	0.0003351400
58.19	0.0003167100
58.2	0.0004552000
58.21	0.0006252100
58.22	0.0005736600
58.23	0.0005449400
58.24	0.0005708700
58.25	0.0003851900
58.26	0.0002484800
58.27	0.0003149600
58.28	0.0005670600
58.29	0.0007035200
58.3	0.0006564600
58.31	0.0005914800
58.32	0.0004663800
58.33	0.0004398700
58.34	0.0004155600
58.35	0.0004189600
58.36	0.0006543300
58.37	0.0007779800
58.38	0.0006528000
58.39	0.0004577900
58.4	0.0004213700
58.41	0.0005674300
58.42	0.0005398500
58.43	0.0005671600
58.44	0.0007282700
58.45	0.0006465100
58.46	0.0005372900
58.47	0.0005256700
58.48	0.0005169800
58.49	0.0005137900
58.5	0.0005872900
58.51	0.0007815800
58.52	0.0007979500
58.53	0.0005998500
58.54	0.0006076700
58.55	0.0007294300
58.56	0.0006256900
58.57	0.0005104900
58.58	0.0006024800
58.59	0.0007426000
58.6	0.0006493700
58.61	0.0006038100
58.62	0.0007574800
58.63	0.0008432200
58.64	0.0007976300
58.65	0.0005508700
58.66	0.0005898300
58.67	0.0007873800
58.68	0.0007021700
58.69	0.0006943000
58.7	0.0007431300
58.71	0.0006930300
58.72	0.0006121800
58.73	0.0006337600
58.74	0.0008601200
58.75	0.0009852600
58.76	0.0006975700
58.77	0.0005460500
58.78	0.0006764400
58.79	0.0007055900
58.8	0.0008967600
58.81	0.0008836900
58.82	0.0006281500
58.83	0.0007213700
58.84	0.0007895500
58.85	0.0007197100
58.86	0.0007800100
58.87	0.0008390400
58.88	0.0009092400
58.89	0.0008695600
58.9	0.0006777000
58.91	0.0007004200
58.92	0.0007962800
58.93	0.0008410900
58.94	0.0009553900
58.95	0.0009911200
58.96	0.0008848700
58.97	0.0006308900
58.98	0.0005647400
58.99	0.0008404700
59	0.0009748700
59.01	0.0008998200
59.02	0.0008950600
59.03	0.0009287800
59.04	0.0008658400
59.05	0.0007673400
59.06	0.0008571600
59.07	0.0010257000
59.08	0.0009983300
59.09	0.0007944000
59.1	0.0007085600
59.11	0.0008749500
59.12	0.0010268000
59.13	0.0010072000
59.14	0.0008735600
59.15	0.0008803600
59.16	0.0009404600
59.17	0.0009625900
59.18	0.0009690000
59.19	0.0008624000
59.2	0.0007801600
59.21	0.0008001300
59.22	0.0011032000
59.23	0.0011267000
59.24	0.0008160900
59.25	0.0009044900
59.26	0.0010471000
59.27	0.0009644700
59.28	0.0008560600
59.29	0.0010563000
59.3	0.0013035000
59.31	0.0010990000
59.32	0.0008212100
59.33	0.0008005300
59.34	0.0009105200
59.35	0.0009404700
59.36	0.0009815600
59.37	0.0011387000
59.38	0.0011838000
59.39	0.0011064000
59.4	0.0010559000
59.41	0.0009745900
59.42	0.0010273000
59.43	0.0011339000
59.44	0.0010175000
59.45	0.0009444300
59.46	0.0010366000
59.47	0.0011059000
59.48	0.0010650000
59.49	0.0011375000
59.5	0.0012238000
59.51	0.0011388000
59.52	0.0010831000
59.53	0.0010391000
59.54	0.0011032000
59.55	0.0011189000
59.56	0.0010238000
59.57	0.0011582000
59.58	0.0011845000
59.59	0.0011177000
59.6	0.0012954000
59.61	0.0012272000
59.62	0.0009758800
59.63	0.0010770000
59.64	0.0012463000
59.65	0.0011471000
59.66	0.0011161000
59.67	0.0012578000
59.68	0.0011752000
59.69	0.0010791000
59.7	0.0012239000
59.71	0.0013504000
59.72	0.0013036000
59.73	0.0011505000
59.74	0.0010942000
59.75	0.0011395000
59.76	0.0011858000
59.77	0.0011581000
59.78	0.0012175000
59.79	0.0013869000
59.8	0.0013482000
59.81	0.0012271000
59.82	0.0012574000
59.83	0.0012986000
59.84	0.0011560000
59.85	0.0010505000
59.86	0.0012345000
59.87	0.0014317000
59.88	0.0012942000
59.89	0.0011917000
59.9	0.0013148000
59.91	0.0012010000
59.92	0.0012656000
59.93	0.0014907000
59.94	0.0013460000
59.95	0.0013008000
59.96	0.0013460000
59.97	0.0013509000
59.98	0.0013261000
59.99	0.0012109000
60	0.0013967000
60.01	0.0015302000
60.02	0.0014776000
60.03	0.0015092000
60.04	0.0012984000
60.05	0.0011593000
60.06	0.0013380000
60.07	0.0014004000
60.08	0.0014163000
60.09	0.0016324000
60.1	0.0016643000
60.11	0.0013743000
60.12	0.0011133000
60.13	0.0011544000
60.14	0.0015142000
60.15	0.0017129000
60.16	0.0015560000
60.17	0.0013111000
60.18	0.0012775000
60.19	0.0013604000
60.2	0.0014176000
60.21	0.0016012000
60.22	0.0016063000
60.23	0.0014528000
60.24	0.0014049000
60.25	0.0014234000
60.26	0.0015048000
60.27	0.0015323000
60.28	0.0014867000
60.29	0.0014098000
60.3	0.0014896000
60.31	0.0014772000
60.32	0.0013413000
60.33	0.0015761000
60.34	0.0018007000
60.35	0.0016875000
60.36	0.0014581000
60.37	0.0014008000
60.38	0.0014644000
60.39	0.0015040000
60.4	0.0015118000
60.41	0.0015554000
60.42	0.0017414000
60.43	0.0017342000
60.44	0.0015929000
60.45	0.0015613000
60.46	0.0015358000
60.47	0.0014982000
60.48	0.0015283000
60.49	0.0015863000
60.5	0.0016088000
60.51	0.0016064000
60.52	0.0016273000
60.53	0.0016881000
60.54	0.0015245000
60.55	0.0014305000
60.56	0.0016119000
60.57	0.0016717000
60.58	0.0016310000
60.59	0.0017010000
60.6	0.0018215000
60.61	0.0016591000
60.62	0.0014532000
60.63	0.0015569000
60.64	0.0017140000
60.65	0.0017460000
60.66	0.0017834000
60.67	0.0018763000
60.68	0.0018018000
60.69	0.0016372000
60.7	0.0014703000
60.71	0.0014871000
60.72	0.0017500000
60.73	0.0018057000
60.74	0.0018410000
60.75	0.0018435000
60.76	0.0016721000
60.77	0.0017016000
60.78	0.0017920000
60.79	0.0017514000
60.8	0.0016603000
60.81	0.0016227000
60.82	0.0016574000
60.83	0.0017543000
60.84	0.0017349000
60.85	0.0017046000
60.86	0.0019042000
60.87	0.0018830000
60.88	0.0017253000
60.89	0.0017898000
60.9	0.0018973000
60.91	0.0018361000
60.92	0.0016888000
60.93	0.0017340000
60.94	0.0017884000
60.95	0.0016539000
60.96	0.0017160000
60.97	0.0019751000
60.98	0.0019330000
60.99	0.0018161000
61	0.0017906000
61.01	0.0018159000
61.02	0.0018898000
61.03	0.0017939000
61.04	0.0018102000
61.05	0.0018215000
61.06	0.0018302000
61.07	0.0020300000
61.08	0.0019787000
61.09	0.0018003000
61.1	0.0017156000
61.11	0.0018714000
61.12	0.0020823000
61.13	0.0019720000
61.14	0.0018401000
61.15	0.0018107000
61.16	0.0018399000
61.17	0.0018278000
61.18	0.0018806000
61.19	0.0020843000
61.2	0.0021414000
61.21	0.0019414000
61.22	0.0016712000
61.23	0.0016897000
61.24	0.0019395000
61.25	0.0020790000
61.26	0.0020270000
61.27	0.0019087000
61.28	0.0018844000
61.29	0.0019584000
61.3	0.0020520000
61.31	0.0020474000
61.32	0.0019301000
61.33	0.0019361000
61.34	0.0019383000
61.35	0.0018341000
61.36	0.0019172000
61.37	0.0020018000
61.38	0.0019764000
61.39	0.0019890000
61.4	0.0020556000
61.41	0.0021363000
61.42	0.0020747000
61.43	0.0019840000
61.44	0.0019028000
61.45	0.0018226000
61.46	0.0020001000
61.47	0.0021524000
61.48	0.0020558000
61.49	0.0021028000
61.5	0.0021415000
61.51	0.0021227000
61.52	0.0021085000
61.53	0.0019903000
61.54	0.0020779000
61.55	0.0020756000
61.56	0.0019292000
61.57	0.0020195000
61.58	0.0021406000
61.59	0.0021348000
61.6	0.0021694000
61.61	0.0021030000
61.62	0.0019448000
61.63	0.0020644000
61.64	0.0021679000
61.65	0.0022167000
61.66	0.0021416000
61.67	0.0020966000
61.68	0.0021886000
61.69	0.0020126000
61.7	0.0020992000
61.71	0.0021557000
61.72	0.0020715000
61.73	0.0021587000
61.74	0.0021520000
61.75	0.0021543000
61.76	0.0020893000
61.77	0.0022333000
61.78	0.0022336000
61.79	0.0019941000
61.8	0.0021773000
61.81	0.0023639000
61.82	0.0022428000
61.83	0.0020416000
61.84	0.0020100000
61.85	0.0021577000
61.86	0.0022880000
61.87	0.0022837000
61.88	0.0021358000
61.89	0.0021402000
61.9	0.0022130000
61.91	0.0021163000
61.92	0.0020909000
61.93	0.0022319000
61.94	0.0023893000
61.95	0.0023367000
61.96	0.0022174000
61.97	0.0020926000
61.98	0.0020338000
61.99	0.0023008000
62	0.0023180000
62.01	0.0021599000
62.02	0.0022218000
62.03	0.0022881000
62.04	0.0022675000
62.05	0.0020937000
62.06	0.0021257000
62.07	0.0022977000
62.08	0.0022643000
62.09	0.0021723000
62.1	0.0022113000
62.11	0.0022989000
62.12	0.0022858000
62.13	0.0023571000
62.14	0.0023197000
62.15	0.0021945000
62.16	0.0021755000
62.17	0.0018798000
62.18	0.0006625200
62.19	-0.0023953000
62.2	-0.0073217000
62.21	-0.0118880000
62.22	-0.0118390000
62.23	-0.0055692000
62.24	0.0031443000
62.25	0.0098179000
62.26	0.0129610000
62.27	0.0116590000
62.28	0.0026243000
62.29	-0.0079250000
62.3	-0.0050810000
62.31	0.0077736000
62.32	0.0152970000
62.33	0.0135820000
62.34	0.0051229000
62.35	-0.0106080000
62.36	-0.0256680000
62.37	-0.0210280000
62.38	-0.0003835500
62.39	0.0171410000
62.4	0.0267660000
62.41	0.0256530000
62.42	0.0089892000
62.43	-0.0117520000
62.44	-0.0051288000
62.45	0.0277830000
62.46	0.0480980000
62.47	0.0401150000
62.48	0.0076980000
62.49	-0.0355520000
62.5	-0.0658460000
62.51	-0.0627740000
62.52	-0.0206160000
62.53	0.0393160000
62.54	0.0856510000
62.55	0.0862430000
62.56	0.0322720000
62.57	-0.0325840000
62.58	-0.0601490000
62.59	-0.0424040000
62.6	0.0005995500
62.61	0.0308920000
62.62	0.0210310000
62.63	-0.0122070000
62.64	-0.0412010000
62.65	-0.0415690000
62.66	0.0051622000
62.67	0.0652160000
62.68	0.0851300000
62.69	0.0516180000
62.7	-0.0081134000
62.71	-0.0609770000
62.72	-0.0845090000
62.73	-0.0576670000
62.74	0.0023777000
62.75	0.0532290000
62.76	0.0788710000
62.77	0.0650920000
62.78	-0.0000675520
62.79	-0.0718320000
62.8	-0.0852990000
62.81	-0.0312080000
62.82	0.0513200000
62.83	0.0984820000
62.84	0.0717260000
62.85	-0.0095393000
62.86	-0.0832770000
62.87	-0.0862510000
62.88	-0.0254640000
62.89	0.0447200000
62.9	0.0631920000
62.91	0.0105400000
62.92	-0.0360940000
62.93	-0.0134680000
62.94	0.0411190000
62.95	0.0616780000
62.96	0.0219870000
62.97	-0.0439650000
62.98	-0.0686420000
62.99	-0.0380570000
63	0.0056465000
63.01	0.0408890000
63.02	0.0579310000
63.03	0.0360280000
63.04	-0.0201260000
63.05	-0.0599360000
63.06	-0.0429370000
63.07	0.0164350000
63.08	0.0744030000
63.09	0.0869860000
63.1	0.0334350000
63.11	-0.0522050000
63.12	-0.0856640000
63.13	-0.0435550000
63.14	0.0088389000
63.15	0.0379190000
63.16	0.0507750000
63.17	0.0409960000
63.18	-0.0003934800
63.19	-0.0479800000
63.2	-0.0535800000
63.21	-0.0127590000
63.22	0.0370940000
63.23	0.0636860000
63.24	0.0484330000
63.25	-0.0000511510
63.26	-0.0388890000
63.27	-0.0375680000
63.28	-0.0120150000
63.29	0.0079198000
63.3	0.0157860000
63.31	0.0135680000
63.32	0.0068836000
63.33	0.0045848000
63.34	-0.0041078000
63.35	-0.0239030000
63.36	-0.0341900000
63.37	-0.0013847000
63.38	0.0645810000
63.39	0.0887070000
63.4	0.0352740000
63.41	-0.0462120000
63.42	-0.0738770000
63.43	-0.0263300000
63.44	0.0297560000
63.45	0.0374060000
63.46	0.0033043000
63.47	-0.0287000000
63.48	-0.0294230000
63.49	-0.0059270000
63.5	0.0204860000
63.51	0.0367770000
63.52	0.0374490000
63.53	0.0181100000
63.54	-0.0093277000
63.55	-0.0233530000
63.56	-0.0103040000
63.57	0.0032664000
63.58	-0.0155080000
63.59	-0.0337690000
63.6	-0.0181100000
63.61	0.0232430000
63.62	0.0607630000
63.63	0.0553280000
63.64	0.0067071000
63.65	-0.0438060000
63.66	-0.0515370000
63.67	-0.0142420000
63.68	0.0262110000
63.69	0.0361900000
63.7	0.0141250000
63.71	-0.0108780000
63.72	-0.0174520000
63.73	-0.0103370000
63.74	-0.0004763700
63.75	0.0083225000
63.76	0.0220660000
63.77	0.0313050000
63.78	0.0218470000
63.79	-0.0004790000
63.8	-0.0178380000
63.81	-0.0181070000
63.82	-0.0045660000
63.83	0.0121010000
63.84	0.0182320000
63.85	0.0089749000
63.86	-0.0105360000
63.87	-0.0263860000
63.88	-0.0217230000
63.89	0.0023592000
63.9	0.0302960000
63.91	0.0415300000
63.92	0.0290040000
63.93	0.0053477000
63.94	-0.0159290000
63.95	-0.0242620000
63.96	-0.0181970000
63.97	-0.0039469000
63.98	0.0084021000
63.99	0.0055301000
64	-0.0021709000
64.01	0.0052886000
64.02	0.0164640000
64.03	0.0115790000
64.04	-0.0029532000
64.05	-0.0085002000
64.06	-0.0029784000
64.07	0.0038869000
64.08	0.0071817000
64.09	0.0016572000
64.1	-0.0130330000
64.11	-0.0216050000
64.12	-0.0111500000
64.13	0.0126790000
64.14	0.0391120000
64.15	0.0500170000
64.16	0.0249620000
64.17	-0.0186080000
64.18	-0.0412780000
64.19	-0.0323300000
64.2	-0.0118350000
64.21	0.0038690000
64.22	0.0108990000
64.23	0.0065605000
64.24	0.0046122000
64.25	0.0165510000
64.26	0.0313850000
64.27	0.0294400000
64.28	0.0030150000
64.29	-0.0229360000
64.3	-0.0236060000
64.31	-0.0009197100
64.32	0.0209820000
64.33	0.0151550000
64.34	-0.0135510000
64.35	-0.0342040000
64.36	-0.0168200000
64.37	0.0296580000
64.38	0.0516910000
64.39	0.0253100000
64.4	-0.0098383000
64.41	-0.0190700000
64.42	-0.0077402000
64.43	0.0071618000
64.44	0.0129220000
64.45	0.0093000000
64.46	0.0024078000
64.47	0.0026868000
64.48	0.0109400000
64.49	0.0079038000
64.5	-0.0093801000
64.51	-0.0226230000
64.52	-0.0147540000
64.53	0.0081133000
64.54	0.0224820000
64.55	0.0214730000
64.56	0.0080231000
64.57	-0.0104320000
64.58	-0.0213380000
64.59	-0.0195730000
64.6	-0.0047276000
64.61	0.0151710000
64.62	0.0235110000
64.63	0.0147640000
64.64	0.0012001000
64.65	-0.0007895800
64.66	0.0096226000
64.67	0.0107060000
64.68	-0.0083580000
64.69	-0.0243550000
64.7	-0.0151640000
64.71	0.0102610000
64.72	0.0279650000
64.73	0.0251690000
64.74	0.0049837000
64.75	-0.0184030000
64.76	-0.0237180000
64.77	-0.0015672000
64.78	0.0270330000
64.79	0.0337960000
64.8	0.0171270000
64.81	-0.0074842000
64.82	-0.0247960000
64.83	-0.0245770000
64.84	-0.0123270000
64.85	0.0013006000
64.86	0.0146090000
64.87	0.0227710000
64.88	0.0182610000
64.89	0.0029750000
64.9	-0.0099194000
64.91	-0.0114310000
64.92	-0.0090980000
64.93	-0.0017901000
64.94	0.0163380000
64.95	0.0272060000
64.96	0.0129270000
64.97	-0.0149790000
64.98	-0.0263280000
64.99	-0.0144080000
65	0.0008164900
65.01	0.0145470000
65.02	0.0269780000
65.03	0.0274600000
65.04	0.0093094000
65.05	-0.0171220000
65.06	-0.0266730000
65.07	-0.0163210000
65.08	-0.0064885000
65.09	-0.0048553000
65.1	-0.0082505000
65.11	-0.0132510000
65.12	-0.0140140000
65.13	-0.0075238000
65.14	0.0040689000
65.15	0.0186660000
65.16	0.0367500000
65.17	0.0476370000
65.18	0.0317590000
65.19	-0.0034401000
65.2	-0.0317240000
65.21	-0.0449740000
65.22	-0.0439710000
65.23	-0.0232850000
65.24	0.0152000000
65.25	0.0481340000
65.26	0.0537040000
65.27	0.0399060000
65.28	0.0197680000
65.29	0.0035771000
65.3	-0.0002184700
65.31	-0.0098907000
65.32	-0.0300400000
65.33	-0.0337780000
65.34	-0.0135380000
65.35	0.0078479000
65.36	0.0114860000
65.37	0.0126710000
65.38	0.0229950000
65.39	0.0220660000
65.4	0.0106090000
65.41	0.0121170000
65.42	0.0144150000
65.43	-0.0089607000
65.44	-0.0415390000
65.45	-0.0416280000
65.46	-0.0071765000
65.47	0.0202450000
65.48	0.0263360000
65.49	0.0165360000
65.5	-0.0107560000
65.51	-0.0273240000
65.52	-0.0080372000
65.53	0.0257610000
65.54	0.0361820000
65.55	0.0133370000
65.56	-0.0226630000
65.57	-0.0555370000
65.58	-0.0677240000
65.59	-0.0350560000
65.6	0.0308760000
65.61	0.0801080000
65.62	0.0662780000
65.63	-0.0205530000
65.64	-0.1209800000
65.65	-0.1416400000
65.66	-0.0572110000
65.67	0.0560800000
65.68	0.1011800000
65.69	0.0691640000
65.7	0.0153360000
65.71	-0.0346430000
65.72	-0.0665930000
65.73	-0.0510790000
65.74	-0.0104040000
65.75	-0.0069758000
65.76	-0.0312330000
65.77	-0.0311970000
65.78	-0.0050857000
65.79	0.0243220000
65.8	0.0466300000
65.81	0.0496790000
65.82	0.0142930000
65.83	-0.0332420000
65.84	-0.0345260000
65.85	0.0041743000
65.86	0.0268180000
65.87	0.0106090000
65.88	-0.0229510000
65.89	-0.0578040000
65.9	-0.0864890000
65.91	-0.0687300000
65.92	-0.0007792500
65.93	0.0380870000
65.94	0.0179180000
65.95	0.0049877000
65.96	0.0264560000
65.97	0.0165430000
65.98	-0.0666750000
65.99	-0.1587200000
66	-0.1558500000
66.01	-0.0411520000
66.02	0.0859560000
66.03	0.1251100000
66.04	0.0591250000
66.05	-0.0785600000
66.06	-0.2089100000
66.07	-0.2096600000
66.08	-0.0599080000
66.09	0.1475500000
66.1	0.3260900000
66.11	0.3983700000
66.12	0.2903400000
66.13	-0.0407520000
66.14	-0.4390600000
66.15	-0.6197400000
66.16	-0.5105500000
66.17	-0.2348200000
66.18	0.0887360000
66.19	0.3670100000
66.2	0.4741300000
66.21	0.3663900000
66.22	0.1066800000
66.23	-0.1780000000
66.24	-0.2346100000
66.25	-0.0363400000
66.26	0.0945550000
66.27	-0.0384320000
66.28	-0.3340700000
66.29	-0.5399200000
66.3	-0.4393600000
66.31	-0.0455890000
66.32	0.3426900000
66.33	0.4799700000
66.34	0.4822200000
66.35	0.4614700000
66.36	0.3235000000
66.37	-0.0140300000
66.38	-0.5028100000
66.39	-0.8371000000
66.4	-0.8181800000
66.41	-0.5005200000
66.42	0.0915670000
66.43	0.6782800000
66.44	0.9426900000
66.45	0.7831000000
66.46	0.2959600000
66.47	-0.1295900000
66.48	-0.2984700000
66.49	-0.2631000000
66.5	-0.2660400000
66.51	-0.4810800000
66.52	-0.6297200000
66.53	-0.4740900000
66.54	-0.0276130000
66.55	0.4135100000
66.56	0.5915600000
66.57	0.5486700000
66.58	0.1913300000
66.59	-0.2963300000
66.6	-0.4461700000
66.61	-0.1817100000
66.62	0.2438500000
66.63	0.3961200000
66.64	0.0868030000
66.65	-0.4325600000
66.66	-0.7299200000
66.67	-0.5498900000
66.68	-0.1237400000
66.69	0.2559900000
66.7	0.3817200000
66.71	0.2455300000
66.72	0.1487700000
66.73	0.1361900000
66.74	0.1156500000
66.75	0.0667710000
66.76	-0.0521340000
66.77	-0.1348600000
66.78	-0.1706500000
66.79	-0.2762300000
66.8	-0.3859100000
66.81	-0.3715500000
66.82	-0.2545400000
66.83	-0.0573120000
66.84	0.3146800000
66.85	0.6699000000
66.86	0.5835000000
66.87	0.0902220000
66.88	-0.2839400000
66.89	-0.2762600000
66.9	-0.1585000000
66.91	-0.0754610000
66.92	0.0197530000
66.93	0.0094946000
66.94	-0.1527900000
66.95	-0.3019300000
66.96	-0.1229700000
66.97	0.3188800000
66.98	0.4991500000
66.99	0.2530900000
67	-0.1712200000
67.01	-0.3657500000
67.02	-0.1920100000
67.03	0.0421100000
67.04	0.1161800000
67.05	-0.0196810000
67.06	-0.1833900000
67.07	-0.1306000000
67.08	0.0463900000
67.09	0.0424000000
67.1	-0.1708900000
67.11	-0.2669000000
67.12	-0.1313900000
67.13	0.0675260000
67.14	0.0954280000
67.15	-0.0738520000
67.16	-0.1461300000
67.17	-0.0040023000
67.18	0.1762300000
67.19	0.1980700000
67.2	0.0089404000
67.21	-0.3196300000
67.22	-0.5722200000
67.23	-0.4761500000
67.24	-0.0612060000
67.25	0.4153800000
67.26	0.6630300000
67.27	0.5020600000
67.28	0.0740650000
67.29	-0.2303200000
67.3	-0.1253600000
67.31	0.2288500000
67.32	0.4321600000
67.33	0.2644700000
67.34	-0.1125500000
67.35	-0.3185700000
67.36	-0.2972900000
67.37	-0.3523500000
67.38	-0.5407000000
67.39	-0.5385700000
67.4	-0.2674500000
67.41	0.0311590000
67.42	0.3864200000
67.43	0.8074900000
67.44	0.9262000000
67.45	0.5644300000
67.46	-0.1228700000
67.47	-0.7398100000
67.48	-0.8043900000
67.49	-0.3844000000
67.5	0.0693310000
67.51	0.3160300000
67.52	0.2916900000
67.53	0.0105640000
67.54	-0.2645700000
67.55	-0.1375500000
67.56	0.3870900000
67.57	0.8052300000
67.58	0.6784300000
67.59	-0.0098234000
67.6	-0.8879500000
67.61	-1.2534000000
67.62	-0.6805300000
67.63	0.5112600000
67.64	1.4232000000
67.65	1.2691000000
67.66	0.1120700000
67.67	-1.3679000000
67.68	-2.1372000000
67.69	-1.6086000000
67.7	-0.2955300000
67.71	1.0374000000
67.72	1.8566000000
67.73	1.8454000000
67.74	1.1056000000
67.75	-0.1344400000
67.76	-1.4340000000
67.77	-1.8696000000
67.78	-1.2484000000
67.79	-0.1747300000
67.8	0.7328700000
67.81	1.2433000000
67.82	1.4114000000
67.83	0.7123400000
67.84	-0.4179400000
67.85	-0.8113500000
67.86	-0.3494000000
67.87	0.2892100000
67.88	0.3358600000
67.89	0.1993300000
67.9	0.1567600000
67.91	-0.1853800000
67.92	-0.4481600000
67.93	-0.3490300000
67.94	-0.0556790000
67.95	0.2537500000
67.96	0.3592700000
67.97	0.2106000000
67.98	0.0281140000
67.99	0.1085500000
68	0.4861600000
68.01	0.6332700000
68.02	-0.0253920000
68.03	-1.2651000000
68.04	-1.8582000000
68.05	-1.0557000000
68.06	0.3668900000
68.07	1.7771000000
68.08	2.4045000000
68.09	1.5712000000
68.1	-0.1457100000
68.11	-1.9566000000
68.12	-2.6202000000
68.13	-1.7683000000
68.14	-0.4118200000
68.15	0.8831900000
68.16	1.7201000000
68.17	1.7959000000
68.18	1.0523000000
68.19	-0.1994100000
68.2	-1.0700000000
68.21	-1.1156000000
68.22	-0.7313200000
68.23	-0.1846200000
68.24	0.5811800000
68.25	1.0847000000
68.26	0.7047000000
68.27	-0.1464500000
68.28	-0.7295200000
68.29	-0.8770500000
68.3	-0.5440700000
68.31	0.1559800000
68.32	0.9152900000
68.33	1.1280000000
68.34	0.3611900000
68.35	-0.5380400000
68.36	-0.7459700000
68.37	-0.5232400000
68.38	-0.3361000000
68.39	-0.1436500000
68.4	0.3435500000
68.41	0.6978300000
68.42	0.7163600000
68.43	0.8013200000
68.44	0.6088300000
68.45	-0.1622800000
68.46	-1.1147000000
68.47	-1.5594000000
68.48	-1.0856000000
68.49	-0.2614600000
68.5	0.6599800000
68.51	1.5289000000
68.52	1.5886000000
68.53	0.9617400000
68.54	-0.1367900000
68.55	-1.2148000000
68.56	-1.1561000000
68.57	-0.2325800000
68.58	0.6459800000
68.59	0.8636400000
68.6	0.2378000000
68.61	-0.5670000000
68.62	-0.9230900000
68.63	-0.6917800000
68.64	-0.1802200000
68.65	0.1078100000
68.66	0.1182900000
68.67	0.1034600000
68.68	0.1533200000
68.69	0.2952100000
68.7	0.4395000000
68.71	0.3630000000
68.72	0.0126260000
68.73	-0.3321200000
68.74	-0.4806600000
68.75	-0.5117400000
68.76	-0.3303200000
68.77	0.1461800000
68.78	0.6969900000
68.79	0.7717900000
68.8	0.1048600000
68.81	-0.7624100000
68.82	-1.0598000000
68.83	-0.5703000000
68.84	0.3687600000
68.85	1.2721000000
68.86	1.4080000000
68.87	0.5774900000
68.88	-0.5929900000
68.89	-1.3015000000
68.9	-1.0946000000
68.91	-0.4125600000
68.92	0.2146200000
68.93	0.5872200000
68.94	0.4848200000
68.95	-0.0002918300
68.96	-0.2977900000
68.97	-0.0749110000
68.98	0.4312600000
68.99	0.8643900000
69	0.7002400000
69.01	-0.0295810000
69.02	-0.6962900000
69.03	-1.0392000000
69.04	-0.9079500000
69.05	-0.4906000000
69.06	0.0307060000
69.07	0.7095900000
69.08	1.1820000000
69.09	1.1739000000
69.1	0.4603300000
69.11	-0.6798000000
69.12	-1.2939000000
69.13	-1.0829000000
69.14	-0.3479800000
69.15	0.3910000000
69.16	0.6164100000
69.17	0.2984200000
69.18	-0.1281800000
69.19	-0.1049700000
69.2	0.2360100000
69.21	0.2654200000
69.22	-0.0563600000
69.23	-0.2929000000
69.24	-0.1219100000
69.25	0.1967900000
69.26	0.1777500000
69.27	-0.0850910000
69.28	-0.2317000000
69.29	-0.0399910000
69.3	0.3505800000
69.31	0.5251500000
69.32	0.3316600000
69.33	-0.1091200000
69.34	-0.4962300000
69.35	-0.6217000000
69.36	-0.6619900000
69.37	-0.5721400000
69.38	-0.0782990000
69.39	0.6786300000
69.4	1.1438000000
69.41	0.7971200000
69.42	-0.0472280000
69.43	-0.6669000000
69.44	-0.8476400000
69.45	-0.6151500000
69.46	-0.2166100000
69.47	0.1332400000
69.48	0.4524900000
69.49	0.5438400000
69.5	0.3182300000
69.51	-0.1578000000
69.52	-0.7009300000
69.53	-0.8065000000
69.54	-0.3074500000
69.55	0.4198400000
69.56	0.7791200000
69.57	0.5421900000
69.58	0.1298900000
69.59	-0.1549900000
69.6	-0.3349700000
69.61	-0.4077100000
69.62	-0.3174600000
69.63	-0.1661700000
69.64	-0.0487850000
69.65	0.1587300000
69.66	0.3548000000
69.67	0.2927200000
69.68	0.0475010000
69.69	-0.1233300000
69.7	-0.1216800000
69.71	-0.0849760000
69.72	-0.0935260000
69.73	0.0483300000
69.74	0.3493400000
69.75	0.4006800000
69.76	0.0240450000
69.77	-0.4297500000
69.78	-0.5110200000
69.79	-0.1323800000
69.8	0.5358800000
69.81	1.0120000000
69.82	0.7300300000
69.83	-0.0953970000
69.84	-0.8645900000
69.85	-1.1465000000
69.86	-0.8235300000
69.87	-0.1350700000
69.88	0.5554500000
69.89	0.7383200000
69.9	0.4180100000
69.91	0.0651610000
69.92	-0.2154100000
69.93	-0.3813900000
69.94	-0.2451600000
69.95	0.1485200000
69.96	0.4500900000
69.97	0.2790700000
69.98	-0.2512200000
69.99	-0.5399300000
70	-0.3040800000
70.01	0.1496800000
70.02	0.4285100000
70.03	0.2410200000
70.04	-0.4387300000
70.05	-0.8559600000
70.06	-0.4849200000
70.07	0.2246200000
70.08	0.7234500000
70.09	0.6697900000
70.1	0.2361400000
70.11	-0.2458400000
70.12	-0.5630500000
70.13	-0.4719200000
70.14	-0.1245500000
70.15	0.1283000000
70.16	0.0752310000
70.17	0.0268820000
70.18	0.2081500000
70.19	0.2417100000
70.2	0.1064600000
70.21	0.1353700000
70.22	0.4835100000
70.23	0.7418000000
70.24	0.3922100000
70.25	-0.4254000000
70.26	-1.3846000000
70.27	-1.8131000000
70.28	-1.2693000000
70.29	-0.1009700000
70.3	1.1278000000
70.31	1.5274000000
70.32	0.9210700000
70.33	-0.0169690000
70.34	-0.6106400000
70.35	-0.5533500000
70.36	-0.0599570000
70.37	0.5256900000
70.38	0.6056700000
70.39	0.1772300000
70.4	-0.3771800000
70.41	-0.8584800000
70.42	-0.8443000000
70.43	-0.3288300000
70.44	0.3074300000
70.45	0.6613400000
70.46	0.7680500000
70.47	0.6282400000
70.48	0.1794500000
70.49	-0.0544940000
70.5	0.0319030000
70.51	0.2017600000
70.52	0.1726000000
70.53	-0.0927030000
70.54	-0.4272600000
70.55	-0.7452900000
70.56	-0.5769100000
70.57	-0.0271490000
70.58	0.4205000000
70.59	0.5575100000
70.6	0.3854400000
70.61	0.1098700000
70.62	-0.2334800000
70.63	-0.3972300000
70.64	-0.3392500000
70.65	-0.2286700000
70.66	-0.0036874000
70.67	0.2832800000
70.68	0.4846100000
70.69	0.4158500000
70.7	0.3378800000
70.71	0.4402800000
70.72	0.3184200000
70.73	-0.1587300000
70.74	-0.8336400000
70.75	-1.2285000000
70.76	-0.9602800000
70.77	-0.2075600000
70.78	0.8888000000
70.79	1.6682000000
70.8	1.4512000000
70.81	0.4390100000
70.82	-0.8186200000
70.83	-1.4684000000
70.84	-1.1707000000
70.85	-0.1976700000
70.86	0.9903300000
70.87	1.6395000000
70.88	1.2602000000
70.89	0.0084502000
70.9	-1.1122000000
70.91	-1.3777000000
70.92	-0.8252100000
70.93	0.0594500000
70.94	0.4941700000
70.95	0.4870700000
70.96	0.4283800000
70.97	0.5068200000
70.98	0.5608100000
70.99	0.0743870000
71	-0.7340300000
71.01	-1.0298000000
71.02	-0.6892500000
71.03	-0.2043900000
71.04	0.2830300000
71.05	0.6780900000
71.06	0.7269400000
71.07	0.4655000000
71.08	0.0575490000
71.09	-0.3004400000
71.1	-0.3523400000
71.11	-0.0298210000
71.12	0.4836100000
71.13	0.7327800000
71.14	0.3381500000
71.15	-0.4786400000
71.16	-1.0450000000
71.17	-0.8602300000
71.18	-0.0362310000
71.19	0.7568600000
71.2	0.9802200000
71.21	0.8028300000
71.22	0.3103500000
71.23	-0.4504000000
71.24	-0.9928700000
71.25	-1.2489000000
71.26	-1.1594000000
71.27	-0.5692700000
71.28	0.1555700000
71.29	0.6537700000
71.3	0.6317400000
71.31	0.2905100000
71.32	0.1725900000
71.33	0.3162400000
71.34	0.5986400000
71.35	0.5304900000
71.36	-0.0392000000
71.37	-0.4051600000
71.38	-0.4509800000
71.39	-0.4345900000
71.4	-0.3833200000
71.41	-0.2093600000
71.42	0.2542400000
71.43	0.7622200000
71.44	0.8238300000
71.45	0.3122300000
71.46	-0.2649400000
71.47	-0.4492300000
71.48	-0.2922100000
71.49	-0.1534200000
71.5	-0.3599600000
71.51	-0.5947300000
71.52	-0.5200900000
71.53	-0.0855430000
71.54	0.5908900000
71.55	0.9381800000
71.56	0.6443900000
71.57	-0.0430290000
71.58	-0.6452800000
71.59	-0.7802700000
71.6	-0.4585100000
71.61	0.1696300000
71.62	0.7424200000
71.63	0.7768600000
71.64	0.2593400000
71.65	-0.4171400000
71.66	-0.6204000000
71.67	-0.2199300000
71.68	0.1507800000
71.69	0.2411200000
71.7	0.0861020000
71.71	-0.0604620000
71.72	0.2375200000
71.73	0.8463200000
71.74	1.2386000000
71.75	0.9333800000
71.76	0.1360700000
71.77	-0.8615900000
71.78	-1.6362000000
71.79	-1.2334000000
71.8	-0.0504040000
71.81	1.0092000000
71.82	1.6599000000
71.83	1.4341000000
71.84	0.6965400000
71.85	-0.1850300000
71.86	-1.2518000000
71.87	-1.4401000000
71.88	-0.4151300000
71.89	0.8187700000
71.9	1.3805000000
71.91	1.0203000000
71.92	0.3752800000
71.93	-0.3589000000
71.94	-0.9913300000
71.95	-0.8391300000
71.96	-0.1551800000
71.97	0.5056500000
71.98	0.7052200000
71.99	0.2289300000
72	-0.6744900000
72.01	-1.4478000000
72.02	-1.2524000000
72.03	-0.0165050000
72.04	1.4211000000
72.05	2.1024000000
72.06	1.9273000000
72.07	1.2087000000
72.08	-0.1881300000
72.09	-1.6867000000
72.1	-2.4756000000
72.11	-2.3933000000
72.12	-1.6776000000
72.13	-0.4422500000
72.14	1.1178000000
72.15	2.0935000000
72.16	2.0164000000
72.17	0.9438400000
72.18	-0.4387800000
72.19	-0.8932800000
72.2	-0.3192900000
72.21	0.4363300000
72.22	0.7913100000
72.23	0.7531300000
72.24	0.3555600000
72.25	-0.3328900000
72.26	-1.0010000000
72.27	-1.4165000000
72.28	-1.1307000000
72.29	-0.1879100000
72.3	0.8786800000
72.31	1.9771000000
72.32	2.4142000000
72.33	1.6271000000
72.34	0.2071600000
72.35	-1.1449000000
72.36	-1.6476000000
72.37	-1.0524000000
72.38	-0.2675900000
72.39	0.0649080000
72.4	0.3356300000
72.41	0.3072700000
72.42	-0.3292800000
72.43	-0.7920100000
72.44	-0.6360600000
72.45	0.1649800000
72.46	0.8013300000
72.47	0.6929000000
72.48	0.1299400000
72.49	-0.7279600000
72.5	-0.9833900000
72.51	-0.4674800000
72.52	0.1994900000
72.53	0.6126600000
72.54	0.5583600000
72.55	0.3970700000
72.56	0.1096300000
72.57	-0.2123000000
72.58	-0.3252400000
72.59	-0.3318400000
72.6	-0.5010400000
72.61	-1.1616000000
72.62	-1.4917000000
72.63	-0.6287200000
72.64	0.5940300000
72.65	1.4759000000
72.66	2.0624000000
72.67	2.2003000000
72.68	1.7580000000
72.69	0.5476900000
72.7	-0.8579200000
72.71	-1.4055000000
72.72	-0.8422700000
72.73	0.3360200000
72.74	1.1319000000
72.75	0.9459100000
72.76	0.0007013100
72.77	-0.7253900000
72.78	-0.6800400000
72.79	-0.0080520000
72.8	1.1219000000
72.81	1.4869000000
72.82	0.8153400000
72.83	-0.1194900000
72.84	-1.1261000000
72.85	-1.2481000000
72.86	-0.3796100000
72.87	0.7703800000
72.88	1.5737000000
72.89	1.0845000000
72.9	-0.2900800000
72.91	-1.6006000000
72.92	-2.2425000000
72.93	-2.2015000000
72.94	-1.5776000000
72.95	-0.0913800000
72.96	1.1011000000
72.97	0.9595800000
72.98	0.0278750000
72.99	-0.5960300000
73	-0.2578500000
73.01	0.6608900000
73.02	1.2085000000
73.03	0.9815500000
73.04	0.3420200000
73.05	-0.1234300000
73.06	0.3843700000
73.07	0.6334900000
73.08	-0.0729930000
73.09	-1.0246000000
73.1	-2.3134000000
73.11	-2.2943000000
73.12	-0.3482500000
73.13	2.2899000000
73.14	3.8534000000
73.15	3.5217000000
73.16	2.0606000000
73.17	-0.1715900000
73.18	-1.8715000000
73.19	-2.7106000000
73.2	-2.7609000000
73.21	-2.0796000000
73.22	-1.3007000000
73.23	-0.2754600000
73.24	0.5195800000
73.25	1.5962000000
73.26	2.2737000000
73.27	1.4326000000
73.28	0.8622300000
73.29	0.9823000000
73.3	1.1427000000
73.31	0.6856100000
73.32	-0.7921400000
73.33	-2.1216000000
73.34	-2.8854000000
73.35	-3.0533000000
73.36	-2.3101000000
73.37	-0.9022200000
73.38	0.6002100000
73.39	1.5001000000
73.4	1.5830000000
73.41	0.9823300000
73.42	-0.0052106000
73.43	-0.5936800000
73.44	-0.1518400000
73.45	0.5977000000
73.46	0.9555000000
73.47	1.0488000000
73.48	0.9750600000
73.49	0.7898300000
73.5	0.0624980000
73.51	-0.6880000000
73.52	-0.9140600000
73.53	-0.8614900000
73.54	-0.7626800000
73.55	-0.7070500000
73.56	0.2095700000
73.57	1.3379000000
73.58	1.8124000000
73.59	2.1035000000
73.6	2.1861000000
73.61	1.7833000000
73.62	0.6889900000
73.63	-0.6749400000
73.64	-2.6558000000
73.65	-4.5807000000
73.66	-4.2504000000
73.67	-2.3197000000
73.68	0.1244400000
73.69	2.8171000000
73.7	3.8907000000
73.71	3.2847000000
73.72	1.8892000000
73.73	-0.3511700000
73.74	-1.9275000000
73.75	-2.1194000000
73.76	-1.7875000000
73.77	-1.3607000000
73.78	-0.7030600000
73.79	0.2222500000
73.8	0.9844600000
73.81	1.6007000000
73.82	2.2240000000
73.83	2.2256000000
73.84	1.2437000000
73.85	-0.6217900000
73.86	-2.4536000000
73.87	-2.3707000000
73.88	-1.0087000000
73.89	0.1289400000
73.9	1.1244000000
73.91	1.5983000000
73.92	1.2068000000
73.93	0.3187700000
73.94	-0.8363000000
73.95	-2.5037000000
73.96	-3.6582000000
73.97	-2.9721000000
73.98	-1.0806000000
73.99	0.7243800000
74	1.7465000000
74.01	2.1455000000
74.02	1.9218000000
74.03	0.7453200000
74.04	-0.9679600000
74.05	-1.8720000000
74.06	-0.8752700000
74.07	0.9293900000
74.08	1.8874000000
74.09	1.8942000000
74.1	1.0701000000
74.11	-0.2827400000
74.12	-1.2430000000
74.13	-1.7924000000
74.14	-2.3599000000
74.15	-2.2634000000
74.16	-1.3877000000
74.17	-0.4027800000
74.18	0.8403300000
74.19	1.9954000000
74.2	2.1787000000
74.21	1.1209000000
74.22	-0.3729900000
74.23	-1.0996000000
74.24	-0.9911500000
74.25	-0.5045600000
74.26	0.0555970000
74.27	0.5427600000
74.28	0.6468400000
74.29	0.4332800000
74.3	0.6810400000
74.31	1.3061000000
74.32	1.4109000000
74.33	0.7246800000
74.34	0.1774200000
74.35	0.1695300000
74.36	0.0494660000
74.37	-0.1401300000
74.38	-0.2273900000
74.39	-0.3818800000
74.4	-0.5196000000
74.41	-0.4785800000
74.42	-0.1547500000
74.43	0.2194100000
74.44	0.2081400000
74.45	-0.1787600000
74.46	-0.5927000000
74.47	-0.8001600000
74.48	-0.6308300000
74.49	-0.2369700000
74.5	-0.1560700000
74.51	-0.0207140000
74.52	0.4415100000
74.53	0.3592200000
74.54	-0.3245200000
74.55	-1.3115000000
74.56	-2.0802000000
74.57	-1.8556000000
74.58	-0.7631700000
74.59	1.0049000000
74.6	2.3098000000
74.61	2.1895000000
74.62	1.3247000000
74.63	-0.0998150000
74.64	-1.4276000000
74.65	-1.5440000000
74.66	-0.8944400000
74.67	-0.1802800000
74.68	0.3102500000
74.69	0.4820100000
74.7	0.7638600000
74.71	0.9291400000
74.72	0.3946000000
74.73	-0.4012000000
74.74	-0.9774100000
74.75	-1.3943000000
74.76	-1.7341000000
74.77	-1.8728000000
74.78	-1.5985000000
74.79	-0.9508700000
74.8	-0.3361100000
74.81	0.2672500000
74.82	1.0813000000
74.83	1.3562000000
74.84	1.0357000000
74.85	0.8363200000
74.86	0.9788900000
74.87	1.3402000000
74.88	1.1432000000
74.89	0.3127300000
74.9	-0.1806500000
74.91	0.0352920000
74.92	0.4299900000
74.93	0.5844600000
74.94	0.4091800000
74.95	-0.0206060000
74.96	-0.3275500000
74.97	-0.1123000000
74.98	0.4653400000
74.99	0.1841000000
75	-1.1721000000
75.01	-2.2669000000
75.02	-2.4239000000
75.03	-1.9980000000
75.04	-1.7692000000
75.05	-1.7292000000
75.06	-1.1100000000
75.07	0.0850840000
75.08	0.9174800000
75.09	0.9894000000
75.1	0.6660800000
75.11	0.2010600000
75.12	-0.1745400000
75.13	-0.6060700000
75.14	-0.8452000000
75.15	-0.4178500000
75.16	0.4772600000
75.17	1.5625000000
75.18	2.1150000000
75.19	1.9387000000
75.2	1.2373000000
75.21	-0.1028400000
75.22	-1.3346000000
75.23	-1.5304000000
75.24	-0.9310500000
75.25	-0.3136200000
75.26	0.3853500000
75.27	1.0282000000
75.28	1.2670000000
75.29	1.4476000000
75.3	1.3771000000
75.31	0.8036800000
75.32	0.2533500000
75.33	-0.0366310000
75.34	-0.4606600000
75.35	-0.9492600000
75.36	-1.2623000000
75.37	-1.1227000000
75.38	-0.2510400000
75.39	0.9787500000
75.4	2.2266000000
75.41	2.4848000000
75.42	1.2567000000
75.43	-0.6268700000
75.44	-2.5893000000
75.45	-3.5100000000
75.46	-2.8343000000
75.47	-1.5445000000
75.48	-0.4798600000
75.49	0.1598900000
75.5	0.5593000000
75.51	0.8427700000
75.52	0.6831700000
75.53	0.3242300000
75.54	0.4930700000
75.55	0.9562600000
75.56	1.2885000000
75.57	1.2172000000
75.58	0.7415400000
75.59	0.2438400000
75.6	-0.3489900000
75.61	-0.9634900000
75.62	-0.9230300000
75.63	-0.1345200000
75.64	0.0939170000
75.65	-0.2944400000
75.66	-0.2788400000
75.67	-0.1737900000
75.68	0.0396030000
75.69	0.4282000000
75.7	0.7750800000
75.71	1.2045000000
75.72	1.2079000000
75.73	0.5463300000
75.74	-0.2711300000
75.75	-1.2248000000
75.76	-1.9195000000
75.77	-1.5470000000
75.78	-0.3090500000
75.79	1.2974000000
75.8	2.2360000000
75.81	2.3355000000
75.82	2.1038000000
75.83	0.8842600000
75.84	-0.4385000000
75.85	-0.7939800000
75.86	-0.2742800000
75.87	0.7807400000
75.88	0.9067100000
75.89	-0.2417100000
75.9	-2.0254000000
75.91	-3.9190000000
75.92	-4.5797000000
75.93	-3.5477000000
75.94	-1.7265000000
75.95	0.0085138000
75.96	1.0906000000
75.97	1.7366000000
75.98	2.3284000000
75.99	1.8070000000
76	-0.0076012000
76.01	-1.5735000000
76.02	-2.4066000000
76.03	-2.2704000000
76.04	-1.0420000000
76.05	0.4153400000
76.06	1.3918000000
76.07	1.9647000000
76.08	1.9171000000
76.09	1.0451000000
76.1	-0.1331100000
76.11	-1.7012000000
76.12	-2.3675000000
76.13	-1.7924000000
76.14	-1.0293000000
76.15	0.0341110000
76.16	0.6244300000
76.17	1.2855000000
76.18	1.6550000000
76.19	1.8299000000
76.2	2.4134000000
76.21	1.6682000000
76.22	0.6850400000
76.23	-0.3918000000
76.24	-1.5600000000
76.25	-2.0178000000
76.26	-2.6734000000
76.27	-2.6853000000
76.28	-1.9218000000
76.29	0.0499840000
76.3	2.3491000000
76.31	3.4684000000
76.32	4.3962000000
76.33	3.9956000000
76.34	2.9245000000
76.35	2.1083000000
76.36	0.4912900000
76.37	-1.8132000000
76.38	-4.6020000000
76.39	-5.7115000000
76.4	-4.6776000000
76.41	-2.4253000000
76.42	0.0752920000
76.43	1.1757000000
76.44	1.7833000000
76.45	2.0999000000
76.46	1.8408000000
76.47	1.4780000000
76.48	0.8657000000
76.49	-0.0484720000
76.5	-0.5359300000
76.51	-0.0486920000
76.52	0.4829300000
76.53	0.5285700000
76.54	0.2160000000
76.55	0.0777440000
76.56	0.5615200000
76.57	1.3053000000
76.58	1.7174000000
76.59	1.2908000000
76.6	-0.1927800000
76.61	-2.5006000000
76.62	-4.3279000000
76.63	-4.5433000000
76.64	-3.2482000000
76.65	-1.3653000000
76.66	0.7756000000
76.67	3.5021000000
76.68	5.3013000000
76.69	5.3658000000
76.7	4.6000000000
76.71	2.1184000000
76.72	-1.5395000000
76.73	-3.4928000000
76.74	-3.0485000000
76.75	-1.4818000000
76.76	0.3077900000
76.77	1.9680000000
76.78	2.7123000000
76.79	2.4801000000
76.8	1.3768000000
76.81	-0.4064800000
76.82	-1.5063000000
76.83	-2.0532000000
76.84	-2.4010000000
76.85	-2.2667000000
76.86	-1.6367000000
76.87	-0.0451400000
76.88	1.1642000000
76.89	0.7354600000
76.9	0.0419500000
76.91	-0.5168800000
76.92	-1.4532000000
76.93	-1.8307000000
76.94	-1.5163000000
76.95	-0.4577500000
76.96	1.8051000000
76.97	3.7973000000
76.98	4.7065000000
76.99	4.3566000000
77	2.7643000000
77.01	1.1112000000
77.02	-0.1111200000
77.03	-0.8570300000
77.04	-1.0459000000
77.05	-0.7453400000
77.06	-0.3032500000
77.07	0.3265200000
77.08	0.6175100000
77.09	0.7429600000
77.1	0.6774200000
77.11	-1.1369000000
77.12	-2.6907000000
77.13	-2.7840000000
77.14	-2.5376000000
77.15	-2.4053000000
77.16	-2.1269000000
77.17	-0.8678300000
77.18	0.4656800000
77.19	2.3259000000
77.2	4.5312000000
77.21	5.5008000000
77.22	4.3705000000
77.23	1.4253000000
77.24	-0.7304000000
77.25	-2.1198000000
77.26	-3.7828000000
77.27	-4.3933000000
77.28	-3.4437000000
77.29	-1.5090000000
77.3	1.3774000000
77.31	4.2795000000
77.32	6.1809000000
77.33	6.8198000000
77.34	3.8350000000
77.35	-1.3258000000
77.36	-4.8659000000
77.37	-7.7370000000
77.38	-8.8891000000
77.39	-7.6407000000
77.4	-6.0236000000
77.41	-3.7029000000
77.42	-0.8399100000
77.43	2.6047000000
77.44	5.8390000000
77.45	7.6837000000
77.46	8.4161000000
77.47	5.7008000000
77.48	0.7313800000
77.49	-2.0458000000
77.5	-3.3468000000
77.51	-4.2660000000
77.52	-4.2697000000
77.53	-3.7346000000
77.54	-2.8190000000
77.55	-1.3788000000
77.56	0.5960800000
77.57	2.7396000000
77.58	4.4513000000
77.59	4.2266000000
77.6	1.9267000000
77.61	-1.6042000000
77.62	-4.7862000000
77.63	-4.2469000000
77.64	-1.5404000000
77.65	0.6247300000
77.66	2.2329000000
77.67	2.6720000000
77.68	2.3435000000
77.69	1.1991000000
77.7	-0.4982500000
77.71	-1.9346000000
77.72	-2.2200000000
77.73	-0.7466100000
77.74	0.9875300000
77.75	1.8651000000
77.76	2.0247000000
77.77	1.7705000000
77.78	1.2122000000
77.79	0.1788100000
77.8	-1.1922000000
77.81	-2.7979000000
77.82	-3.4229000000
77.83	-1.5867000000
77.84	1.1865000000
77.85	2.9197000000
77.86	3.7518000000
77.87	4.2268000000
77.88	4.0857000000
77.89	3.0558000000
77.9	1.2024000000
77.91	-1.3371000000
77.92	-4.4068000000
77.93	-6.6957000000
77.94	-6.5690000000
77.95	-4.9768000000
77.96	-2.5407000000
77.97	0.6781100000
77.98	3.5888000000
77.99	5.8976000000
78	7.3810000000
78.01	7.3134000000
78.02	5.7723000000
78.03	3.3711000000
78.04	0.2401900000
78.05	-2.8938000000
78.06	-5.3440000000
78.07	-5.7110000000
78.08	-4.0569000000
78.09	-2.8192000000
78.1	-1.7974000000
78.11	-0.8549300000
78.12	-0.1154400000
78.13	0.8773500000
78.14	1.3766000000
78.15	1.3526000000
78.16	0.7797300000
78.17	0.2024800000
78.18	-0.0091855000
78.19	-0.6670200000
78.2	-1.0885000000
78.21	-0.5950000000
78.22	-0.2069500000
78.23	-0.5903500000
78.24	-1.6625000000
78.25	-2.6088000000
78.26	-2.3390000000
78.27	-1.1068000000
78.28	0.2178200000
78.29	1.2972000000
78.3	2.1044000000
78.31	2.4718000000
78.32	2.2101000000
78.33	1.4213000000
78.34	0.5638000000
78.35	-0.1147900000
78.36	-0.3898200000
78.37	0.0724330000
78.38	0.7258200000
78.39	1.1124000000
78.4	1.1176000000
78.41	0.5399100000
78.42	-0.2703300000
78.43	-0.8387800000
78.44	-1.1908000000
78.45	-1.6611000000
78.46	-2.3179000000
78.47	-2.6903000000
78.48	-2.4613000000
78.49	-1.7592000000
78.5	-0.7115500000
78.51	0.3792300000
78.52	1.5156000000
78.53	2.6224000000
78.54	3.7018000000
78.55	4.1047000000
78.56	2.5150000000
78.57	0.3452300000
78.58	-0.8556800000
78.59	-1.3222000000
78.6	-0.9507800000
78.61	0.1458800000
78.62	1.4242000000
78.63	2.6484000000
78.64	3.3285000000
78.65	2.7500000000
78.66	1.1884000000
78.67	-1.1735000000
78.68	-3.5855000000
78.69	-4.4529000000
78.7	-3.4393000000
78.71	-1.6716000000
78.72	-0.6367000000
78.73	-0.4435200000
78.74	-0.4355300000
78.75	-0.7541200000
78.76	-1.1618000000
78.77	-1.0599000000
78.78	-0.5417600000
78.79	0.1464600000
78.8	0.4692300000
78.81	0.5097500000
78.82	-0.1784000000
78.83	-1.1899000000
78.84	-0.7617100000
78.85	-0.0446220000
78.86	0.6562100000
78.87	1.5715000000
78.88	1.8081000000
78.89	2.0091000000
78.9	1.8642000000
78.91	0.9836500000
78.92	0.0197720000
78.93	-0.9541300000
78.94	-1.3867000000
78.95	-0.9081000000
78.96	-0.3250900000
78.97	0.8679800000
78.98	2.4335000000
78.99	2.6037000000
79	1.5972000000
79.01	0.0630900000
79.02	-1.5134000000
79.03	-2.5707000000
79.04	-2.6576000000
79.05	-1.6611000000
79.06	-0.5877000000
79.07	0.2037200000
79.08	0.8023000000
79.09	1.1127000000
79.1	1.4099000000
79.11	1.6567000000
79.12	1.3978000000
79.13	0.4005600000
79.14	-1.0139000000
79.15	-2.2354000000
79.16	-2.7529000000
79.17	-2.3296000000
79.18	-1.0347000000
79.19	0.6073600000
79.2	1.8290000000
79.21	2.6546000000
79.22	3.3090000000
79.23	3.1930000000
79.24	2.1223000000
79.25	0.1989900000
79.26	-2.1524000000
79.27	-3.5059000000
79.28	-3.2242000000
79.29	-1.9587000000
79.3	-0.6676600000
79.31	0.4779700000
79.32	1.6100000000
79.33	2.0339000000
79.34	1.4776000000
79.35	0.2582200000
79.36	-1.0863000000
79.37	-2.0802000000
79.38	-2.3964000000
79.39	-1.6594000000
79.4	-0.4674900000
79.41	0.4619700000
79.42	1.0588000000
79.43	1.1560000000
79.44	0.5726200000
79.45	-0.3220600000
79.46	-1.1160000000
79.47	-1.6207000000
79.48	-1.3551000000
79.49	-0.4777600000
79.5	0.8649300000
79.51	2.1017000000
79.52	2.1053000000
79.53	1.2280000000
79.54	0.0067533000
79.55	-1.2373000000
79.56	-2.3289000000
79.57	-2.7843000000
79.58	-2.0397000000
79.59	-0.5394600000
79.6	1.2855000000
79.61	2.4605000000
79.62	2.9799000000
79.63	3.1370000000
79.64	2.1166000000
79.65	0.3835900000
79.66	-1.2423000000
79.67	-2.3427000000
79.68	-2.5474000000
79.69	-1.6814000000
79.7	-0.3980800000
79.71	0.3279600000
79.72	0.7378100000
79.73	0.9994700000
79.74	0.6499100000
79.75	-0.1453500000
79.76	-0.5448500000
79.77	-0.4157400000
79.78	-0.2103400000
79.79	-0.0853270000
79.8	-0.0801890000
79.81	-0.1183300000
79.82	-0.2846300000
79.83	-0.4151700000
79.84	-0.1075300000
79.85	0.5461400000
79.86	1.0559000000
79.87	0.9848000000
79.88	0.5020700000
79.89	-0.0640780000
79.9	-0.6229400000
79.91	-1.1145000000
79.92	-1.4991000000
79.93	-1.5958000000
79.94	-1.4043000000
79.95	-1.0583000000
79.96	-0.3798800000
79.97	0.6067300000
79.98	1.4000000000
79.99	1.6454000000
80	1.3580000000
80.01	0.6784700000
80.02	-0.1576500000
80.03	-0.7375100000
80.04	-0.6846300000
80.05	-0.1984700000
80.06	0.3284900000
80.07	0.7661300000
80.08	0.8259700000
80.09	0.4017100000
80.1	-0.1356400000
80.11	-0.3746100000
80.12	-0.2254700000
80.13	0.0787310000
80.14	0.2959300000
80.15	0.3750300000
80.16	0.4297600000
80.17	0.5009700000
80.18	0.5600800000
80.19	0.4184800000
80.2	-0.0473750000
80.21	-0.5113700000
80.22	-0.7725200000
80.23	-0.8056300000
80.24	-0.5919400000
80.25	-0.3370900000
80.26	-0.0774370000
80.27	0.2646800000
80.28	0.4821500000
80.29	0.4272100000
80.3	0.2375300000
80.31	0.0395810000
80.32	-0.0812400000
80.33	-0.1126900000
80.34	-0.2308100000
80.35	-0.5224500000
80.36	-0.8234900000
80.37	-0.7025600000
80.38	0.0577860000
80.39	0.9856200000
80.4	1.4296000000
80.41	1.1528000000
80.42	0.5126600000
80.43	-0.0977440000
80.44	-0.5872000000
80.45	-0.7935700000
80.46	-0.6558400000
80.47	-0.3254600000
80.48	0.1230800000
80.49	0.6124300000
80.5	0.9268500000
80.51	0.8776400000
80.52	0.3872600000
80.53	-0.4009700000
80.54	-1.2103000000
80.55	-1.5336000000
80.56	-0.9868600000
80.57	-0.1508300000
80.58	0.5708700000
80.59	1.2121000000
80.6	1.2909000000
80.61	0.7225800000
80.62	-0.0784300000
80.63	-0.7560300000
80.64	-0.9075800000
80.65	-0.5255800000
80.66	-0.1500700000
80.67	-0.1481400000
80.68	-0.2777000000
80.69	-0.1695900000
80.7	0.2835500000
80.71	0.8435700000
80.72	1.1273000000
80.73	0.9855200000
80.74	0.4392400000
80.75	-0.1750000000
80.76	-0.4894500000
80.77	-0.5594800000
80.78	-0.4637300000
80.79	-0.2865700000
80.8	-0.1283600000
80.81	0.0424450000
80.82	0.2103600000
80.83	0.4490400000
80.84	0.5717400000
80.85	0.2382100000
80.86	-0.1842500000
80.87	-0.4012400000
80.88	-0.4924200000
80.89	-0.2307100000
80.9	0.1927700000
80.91	0.3631100000
80.92	0.3778700000
80.93	0.2678800000
80.94	0.1181800000
80.95	0.0576010000
80.96	-0.0830540000
80.97	-0.2374200000
80.98	-0.1618700000
80.99	0.1672400000
81	0.4871200000
81.01	0.5088100000
81.02	0.2416300000
81.03	-0.1752600000
81.04	-0.5528300000
81.05	-0.6300300000
81.06	-0.3760900000
81.07	0.0238050000
81.08	0.4397600000
81.09	0.6546000000
81.1	0.5256400000
81.11	0.0823570000
81.12	-0.6085700000
81.13	-1.2794000000
81.14	-1.6464000000
81.15	-1.4861000000
81.16	-0.7725200000
81.17	0.0980410000
81.18	0.8573900000
81.19	1.3587000000
81.2	1.2899000000
81.21	0.6306700000
81.22	-0.2468500000
81.23	-0.7998400000
81.24	-0.8252800000
81.25	-0.5449600000
81.26	-0.1264500000
81.27	0.3292800000
81.28	0.6684400000
81.29	0.6695800000
81.3	0.4400900000
81.31	0.2190600000
81.32	0.0118600000
81.33	-0.1490900000
81.34	-0.3453500000
81.35	-0.5070900000
81.36	-0.4107500000
81.37	-0.0684510000
81.38	0.3231900000
81.39	0.4357500000
81.4	0.2411300000
81.41	-0.0648480000
81.42	-0.3094200000
81.43	-0.4260200000
81.44	-0.6436700000
81.45	-0.9219500000
81.46	-1.0086000000
81.47	-0.7494300000
81.48	-0.1674600000
81.49	0.4111000000
81.5	0.9499500000
81.51	1.4194000000
81.52	1.4635000000
81.53	0.9829800000
81.54	0.1784500000
81.55	-0.5609600000
81.56	-0.8203100000
81.57	-0.5349600000
81.58	-0.0677890000
81.59	0.2424700000
81.6	0.3196600000
81.61	0.1487300000
81.62	-0.1452100000
81.63	-0.3463700000
81.64	-0.4243600000
81.65	-0.4312600000
81.66	-0.3027300000
81.67	-0.0526930000
81.68	0.2087900000
81.69	0.4041000000
81.7	0.4169300000
81.71	0.2635000000
81.72	0.0187970000
81.73	-0.2882400000
81.74	-0.3912400000
81.75	-0.1359000000
81.76	0.1988800000
81.77	0.4449400000
81.78	0.6215900000
81.79	0.7015500000
81.8	0.6369300000
81.81	0.3808500000
81.82	0.0783730000
81.83	-0.1153100000
81.84	-0.2125500000
81.85	-0.2290100000
81.86	-0.1401300000
81.87	0.0198320000
81.88	0.2002500000
81.89	0.4734700000
81.9	0.7737300000
81.91	0.8872100000
81.92	0.6847300000
81.93	0.2081400000
81.94	-0.3440300000
81.95	-0.8480500000
81.96	-1.1424000000
81.97	-0.9449700000
81.98	-0.3460600000
81.99	0.2776000000
82	0.7506900000
82.01	0.9563400000
82.02	0.8718200000
82.03	0.4968900000
82.04	-0.1526400000
82.05	-0.8096600000
82.06	-1.1691000000
82.07	-0.9479100000
82.08	-0.2663400000
82.09	0.4691200000
82.1	1.0318000000
82.11	1.1222000000
82.12	0.6017100000
82.13	-0.2719400000
82.14	-1.0136000000
82.15	-1.2544000000
82.16	-0.9042900000
82.17	-0.1122400000
82.18	0.7404900000
82.19	1.3109000000
82.2	1.3531000000
82.21	0.8552300000
82.22	0.0801190000
82.23	-0.6247000000
82.24	-1.0247000000
82.25	-1.1326000000
82.26	-0.9392100000
82.27	-0.4466500000
82.28	0.1764700000
82.29	0.6529600000
82.3	0.7564500000
82.31	0.5243000000
82.32	0.1158500000
82.33	-0.2369400000
82.34	-0.3310100000
82.35	-0.2487700000
82.36	-0.1061700000
82.37	0.0525780000
82.38	0.1272600000
82.39	0.1205400000
82.4	0.0702310000
82.41	-0.0074503000
82.42	-0.1005800000
82.43	-0.2268400000
82.44	-0.2886600000
82.45	-0.2669800000
82.46	-0.2929100000
82.47	-0.4303100000
82.48	-0.4270600000
82.49	0.0357240000
82.5	0.6608000000
82.51	0.9819100000
82.52	0.8848400000
82.53	0.3817100000
82.54	-0.3403100000
82.55	-0.9276300000
82.56	-1.1064000000
82.57	-0.8136200000
82.58	-0.2933400000
82.59	0.2407100000
82.6	0.8632700000
82.61	1.3689000000
82.62	1.4030000000
82.63	0.9532700000
82.64	0.1042000000
82.65	-0.8265500000
82.66	-1.3391000000
82.67	-1.2745000000
82.68	-0.7709000000
82.69	-0.1335900000
82.7	0.3474500000
82.71	0.6339800000
82.72	0.7535300000
82.73	0.6999600000
82.74	0.4418300000
82.75	-0.0429260000
82.76	-0.6104200000
82.77	-1.0841000000
82.78	-1.1951000000
82.79	-0.7315300000
82.8	-0.0350120000
82.81	0.5519400000
82.82	0.9730700000
82.83	1.0816000000
82.84	0.8321800000
82.85	0.3445400000
82.86	-0.2218600000
82.87	-0.6625600000
82.88	-0.7807200000
82.89	-0.5914100000
82.9	-0.3013000000
82.91	-0.0920390000
82.92	-0.1038700000
82.93	-0.2302500000
82.94	-0.1917300000
82.95	0.0910410000
82.96	0.4685000000
82.97	0.5301000000
82.98	0.0990110000
82.99	-0.3237100000
83	-0.3851000000
83.01	-0.2378400000
83.02	-0.0700790000
83.03	-0.0199460000
83.04	0.0243950000
83.05	0.2100600000
83.06	0.4118000000
83.07	0.5131500000
83.08	0.3929200000
83.09	0.1281800000
83.1	-0.1149600000
83.11	-0.3827400000
83.12	-0.6090900000
83.13	-0.6828700000
83.14	-0.5367600000
83.15	-0.1942900000
83.16	0.2413600000
83.17	0.5457400000
83.18	0.4034500000
83.19	-0.0255560000
83.2	-0.4578400000
83.21	-0.7614600000
83.22	-0.6774400000
83.23	-0.2193300000
83.24	0.3929500000
83.25	0.9448700000
83.26	1.0716000000
83.27	0.6764000000
83.28	-0.0341460000
83.29	-0.8240700000
83.3	-1.2286000000
83.31	-0.9229200000
83.32	-0.1723900000
83.33	0.5281700000
83.34	0.9467000000
83.35	1.0210000000
83.36	0.7817000000
83.37	0.3919000000
83.38	-0.0347590000
83.39	-0.3593100000
83.4	-0.5906200000
83.41	-0.8029500000
83.42	-0.7317300000
83.43	-0.3052900000
83.44	0.1324900000
83.45	0.3652000000
83.46	0.3464300000
83.47	0.1420300000
83.48	-0.1081200000
83.49	-0.3519100000
83.5	-0.4648100000
83.51	-0.2517100000
83.52	0.2221300000
83.53	0.7142300000
83.54	0.8781800000
83.55	0.3953500000
83.56	-0.4030900000
83.57	-1.0197000000
83.58	-1.2502000000
83.59	-0.8243300000
83.6	0.0632070000
83.61	0.8852000000
83.62	1.4057000000
83.63	1.4523000000
83.64	0.9911200000
83.65	0.2428400000
83.66	-0.4611900000
83.67	-0.8161500000
83.68	-0.7068500000
83.69	-0.2789200000
83.7	0.0691470000
83.71	0.0924530000
83.72	-0.0307900000
83.73	-0.0200630000
83.74	0.2742000000
83.75	0.7532200000
83.76	1.0677000000
83.77	0.9911700000
83.78	0.5130100000
83.79	-0.1915800000
83.8	-0.7906500000
83.81	-1.1076000000
83.82	-1.0987000000
83.83	-0.8223500000
83.84	-0.3493600000
83.85	0.2189200000
83.86	0.6586500000
83.87	0.8931000000
83.88	0.8637100000
83.89	0.5389000000
83.9	0.1877800000
83.91	0.1466500000
83.92	0.3889500000
83.93	0.5407500000
83.94	0.3458900000
83.95	-0.0997110000
83.96	-0.5733500000
83.97	-0.8023000000
83.98	-0.6074000000
83.99	-0.1182500000
84	0.3958800000
84.01	0.6048400000
84.02	0.3888900000
84.03	-0.1185700000
84.04	-0.6808300000
84.05	-0.9070800000
84.06	-0.6709500000
84.07	-0.1831800000
84.08	0.3253600000
84.09	0.6513800000
84.1	0.6916900000
84.11	0.5067600000
84.12	0.1825600000
84.13	-0.1839100000
84.14	-0.4600700000
84.15	-0.6233200000
84.16	-0.6672600000
84.17	-0.6616900000
84.18	-0.7017900000
84.19	-0.6450200000
84.2	-0.4420000000
84.21	-0.1840300000
84.22	0.1165800000
84.23	0.4038100000
84.24	0.6425800000
84.25	0.7599300000
84.26	0.6770400000
84.27	0.4856800000
84.28	0.2186900000
84.29	-0.1086000000
84.3	-0.3830100000
84.31	-0.5411600000
84.32	-0.5254200000
84.33	-0.3384100000
84.34	-0.0587300000
84.35	0.2577000000
84.36	0.5165400000
84.37	0.5847200000
84.38	0.3421700000
84.39	-0.1804200000
84.4	-0.7085500000
84.41	-0.9407700000
84.42	-0.7743400000
84.43	-0.3918800000
84.44	-0.0538720000
84.45	0.1978500000
84.46	0.4071600000
84.47	0.6155000000
84.48	0.7765200000
84.49	0.6605800000
84.5	0.1960600000
84.51	-0.4393000000
84.52	-0.9555500000
84.53	-1.1049000000
84.54	-0.8919900000
84.55	-0.4892800000
84.56	-0.0720580000
84.57	0.3476200000
84.58	0.7777900000
84.59	1.0919000000
84.6	1.1343000000
84.61	0.7689400000
84.62	0.1273100000
84.63	-0.4956600000
84.64	-0.9341800000
84.65	-1.1025000000
84.66	-0.9806400000
84.67	-0.6589200000
84.68	-0.2828300000
84.69	0.1138100000
84.7	0.4965400000
84.71	0.7853400000
84.72	0.9765600000
84.73	1.0189000000
84.74	0.8269600000
84.75	0.3790700000
84.76	-0.1447300000
84.77	-0.4885500000
84.78	-0.6606200000
84.79	-0.7397200000
84.8	-0.7354400000
84.81	-0.6273100000
84.82	-0.3240900000
84.83	0.1749900000
84.84	0.6937100000
84.85	0.9452800000
84.86	0.7934000000
84.87	0.3723400000
84.88	-0.0590880000
84.89	-0.2602000000
84.9	-0.2264700000
84.91	-0.1116600000
84.92	-0.0374050000
84.93	-0.0465160000
84.94	-0.0713690000
84.95	0.0016381000
84.96	0.2107600000
84.97	0.4981600000
84.98	0.7208200000
84.99	0.6403100000
85	0.2698200000
85.01	-0.1546100000
85.02	-0.5192400000
85.03	-0.7253200000
85.04	-0.6918700000
85.05	-0.5391800000
85.06	-0.4457800000
85.07	-0.3123900000
85.08	-0.0799460000
85.09	0.1581300000
85.1	0.4105000000
85.11	0.5795900000
85.12	0.5934000000
85.13	0.4953200000
85.14	0.2890400000
85.15	-0.0879030000
85.16	-0.6122500000
85.17	-1.0318000000
85.18	-1.0865000000
85.19	-0.6805100000
85.2	-0.0081067000
85.21	0.5934200000
85.22	0.8993700000
85.23	0.8072300000
85.24	0.4217300000
85.25	-0.0564970000
85.26	-0.4218700000
85.27	-0.5549100000
85.28	-0.5016700000
85.29	-0.3310600000
85.3	-0.1621800000
85.31	-0.0153170000
85.32	0.1250900000
85.33	0.1236900000
85.34	-0.0541550000
85.35	-0.2647900000
85.36	-0.2967100000
85.37	-0.1355500000
85.38	0.0508370000
85.39	0.1810400000
85.4	0.2574800000
85.41	0.3382000000
85.42	0.3923200000
85.43	0.3222200000
85.44	0.1524400000
85.45	0.0001878900
85.46	-0.0631120000
85.47	-0.0607230000
85.48	-0.0191890000
85.49	0.0370370000
85.5	0.0913030000
85.51	0.1151200000
85.52	0.0387700000
85.53	-0.1633300000
85.54	-0.4678400000
85.55	-0.7315500000
85.56	-0.7143400000
85.57	-0.3537200000
85.58	0.1540000000
85.59	0.5518300000
85.6	0.7433800000
85.61	0.7450800000
85.62	0.5633400000
85.63	0.2877300000
85.64	0.0440270000
85.65	-0.1761000000
85.66	-0.4156900000
85.67	-0.6109200000
85.68	-0.6516400000
85.69	-0.4625900000
85.7	-0.0911490000
85.71	0.3322300000
85.72	0.6520600000
85.73	0.6972100000
85.74	0.4883200000
85.75	0.1823200000
85.76	-0.1262400000
85.77	-0.3790500000
85.78	-0.5318300000
85.79	-0.5218200000
85.8	-0.3053300000
85.81	0.0501360000
85.82	0.3265500000
85.83	0.3566300000
85.84	0.1802900000
85.85	-0.0468930000
85.86	-0.0630620000
85.87	0.2014900000
85.88	0.4840700000
85.89	0.5427600000
85.9	0.3352300000
85.91	0.0255950000
85.92	-0.2508400000
85.93	-0.4614200000
85.94	-0.5146000000
85.95	-0.3241000000
85.96	0.1139800000
85.97	0.5339500000
85.98	0.6277100000
85.99	0.4252000000
86	0.1353100000
86.01	-0.0196490000
86.02	-0.0320850000
86.03	-0.0681640000
86.04	-0.2034300000
86.05	-0.3922200000
86.06	-0.4957100000
86.07	-0.4307100000
86.08	-0.2332600000
86.09	-0.0035596000
86.1	0.2159400000
86.11	0.4868400000
86.12	0.7548800000
86.13	0.8146200000
86.14	0.5408500000
86.15	0.0276630000
86.16	-0.4533600000
86.17	-0.6788400000
86.18	-0.6396500000
86.19	-0.4943600000
86.2	-0.3874000000
86.21	-0.3128000000
86.22	-0.1987700000
86.23	0.0135070000
86.24	0.2880600000
86.25	0.5152300000
86.26	0.6416100000
86.27	0.6209000000
86.28	0.4703800000
86.29	0.2618800000
86.3	-0.0104790000
86.31	-0.3086100000
86.32	-0.5606500000
86.33	-0.7597000000
86.34	-0.8594400000
86.35	-0.8016100000
86.36	-0.5762900000
86.37	-0.1947900000
86.38	0.2979200000
86.39	0.7573700000
86.4	0.9502600000
86.41	0.7910100000
86.42	0.3736300000
86.43	-0.0883520000
86.44	-0.3654000000
86.45	-0.4434700000
86.46	-0.3345200000
86.47	-0.0865420000
86.48	0.1079900000
86.49	0.1515100000
86.5	-0.0376640000
86.51	-0.4240100000
86.52	-0.6817800000
86.53	-0.5330000000
86.54	-0.0462160000
86.55	0.4691400000
86.56	0.7665300000
86.57	0.7229200000
86.58	0.3843400000
86.59	-0.0563790000
86.6	-0.4125600000
86.61	-0.5170000000
86.62	-0.3779000000
86.63	-0.1784600000
86.64	-0.0567630000
86.65	0.0068509000
86.66	0.0907860000
86.67	0.1863000000
86.68	0.2176700000
86.69	0.1405100000
86.7	0.0119270000
86.71	-0.1250800000
86.72	-0.1956700000
86.73	-0.1344100000
86.74	0.0222920000
86.75	0.1873300000
86.76	0.1703700000
86.77	0.0090450000
86.78	-0.0682650000
86.79	-0.0091368000
86.8	0.0831240000
86.81	0.0355770000
86.82	-0.1312100000
86.83	-0.2370100000
86.84	-0.1616200000
86.85	0.0915400000
86.86	0.3698200000
86.87	0.5642700000
86.88	0.6044200000
86.89	0.3948900000
86.9	-0.0245750000
86.91	-0.4453800000
86.92	-0.6520500000
86.93	-0.5626500000
86.94	-0.2353400000
86.95	0.1342900000
86.96	0.3809100000
86.97	0.4766900000
86.98	0.4893500000
86.99	0.4950700000
87	0.4060200000
87.01	0.1760600000
87.02	-0.1215400000
87.03	-0.4368500000
87.04	-0.6487300000
87.05	-0.6198900000
87.06	-0.3440300000
87.07	0.0041257000
87.08	0.2431900000
87.09	0.3592400000
87.1	0.4265700000
87.11	0.4619200000
87.12	0.3874100000
87.13	0.1905200000
87.14	-0.0619070000
87.15	-0.2779200000
87.16	-0.3711000000
87.17	-0.3806700000
87.18	-0.3156000000
87.19	-0.1676300000
87.2	-0.0435630000
87.21	0.0565360000
87.22	0.1835700000
87.23	0.2936300000
87.24	0.2984100000
87.25	0.1851500000
87.26	0.0818060000
87.27	-0.0209830000
87.28	-0.1960500000
87.29	-0.3297600000
87.3	-0.3316700000
87.31	-0.2098600000
87.32	-0.0157950000
87.33	0.1747300000
87.34	0.2657500000
87.35	0.1556500000
87.36	-0.0654130000
87.37	-0.1586100000
87.38	-0.0207380000
87.39	0.2651200000
87.4	0.5235900000
87.41	0.5660700000
87.42	0.3369300000
87.43	-0.0897970000
87.44	-0.5309800000
87.45	-0.7131800000
87.46	-0.5707400000
87.47	-0.2809600000
87.48	-0.0920710000
87.49	-0.1151900000
87.5	-0.2027000000
87.51	-0.1970700000
87.52	-0.0529440000
87.53	0.1868900000
87.54	0.4214400000
87.55	0.5369800000
87.56	0.4655500000
87.57	0.2420500000
87.58	-0.0521430000
87.59	-0.3151600000
87.6	-0.4248500000
87.61	-0.3150200000
87.62	-0.0580800000
87.63	0.2204200000
87.64	0.3803800000
87.65	0.3133300000
87.66	0.0938650000
87.67	-0.1714400000
87.68	-0.4015600000
87.69	-0.4780700000
87.7	-0.3945300000
87.71	-0.2306300000
87.72	-0.0597210000
87.73	0.0743750000
87.74	0.1915000000
87.75	0.2976800000
87.76	0.3239800000
87.77	0.2000100000
87.78	-0.0675490000
87.79	-0.3594900000
87.8	-0.4497300000
87.81	-0.2236500000
87.82	0.1623900000
87.83	0.4781200000
87.84	0.5956000000
87.85	0.4849900000
87.86	0.1769300000
87.87	-0.2152200000
87.88	-0.4978200000
87.89	-0.5307000000
87.9	-0.3236500000
87.91	-0.0132000000
87.92	0.2583500000
87.93	0.3869500000
87.94	0.3002200000
87.95	0.0359930000
87.96	-0.2708400000
87.97	-0.4352300000
87.98	-0.3533100000
87.99	-0.0885060000
88	0.2239300000
88.01	0.4195700000
88.02	0.4278900000
88.03	0.3282600000
88.04	0.2067400000
88.05	0.0490500000
88.06	-0.2016700000
88.07	-0.4918400000
88.08	-0.6949600000
88.09	-0.7034200000
88.1	-0.4885000000
88.11	-0.1334800000
88.12	0.2730900000
88.13	0.6213300000
88.14	0.7490700000
88.15	0.5574500000
88.16	0.1249500000
88.17	-0.2782100000
88.18	-0.3895800000
88.19	-0.1997900000
88.2	0.0498650000
88.21	0.1669400000
88.22	0.1474200000
88.23	0.0444820000
88.24	-0.0679470000
88.25	-0.1265900000
88.26	-0.1377300000
88.27	-0.1450300000
88.28	-0.1167500000
88.29	-0.0183730000
88.3	0.0438580000
88.31	-0.0089018000
88.32	-0.1571500000
88.33	-0.2788400000
88.34	-0.2404100000
88.35	-0.0793750000
88.36	0.1355400000
88.37	0.2953200000
88.38	0.3658800000
88.39	0.4267700000
88.4	0.4399000000
88.41	0.3510400000
88.42	0.1157600000
88.43	-0.1865100000
88.44	-0.3723100000
88.45	-0.3698000000
88.46	-0.2038600000
88.47	0.0170950000
88.48	0.1539700000
88.49	0.1403600000
88.5	0.0783530000
88.51	0.0788000000
88.52	0.1382100000
88.53	0.1894300000
88.54	0.1887000000
88.55	0.1983400000
88.56	0.1326100000
88.57	-0.0982200000
88.58	-0.3040000000
88.59	-0.3355900000
88.6	-0.2263700000
88.61	-0.0951790000
88.62	-0.0418610000
88.63	-0.0271450000
88.64	0.0366310000
88.65	0.1521600000
88.66	0.2372900000
88.67	0.2344100000
88.68	0.1603500000
88.69	0.0241460000
88.7	-0.1442100000
88.71	-0.2644800000
88.72	-0.3380800000
88.73	-0.3764100000
88.74	-0.2818200000
88.75	-0.0217490000
88.76	0.2476500000
88.77	0.3524900000
88.78	0.3238500000
88.79	0.2563400000
88.8	0.1434900000
88.81	-0.0183750000
88.82	-0.2260000000
88.83	-0.4118000000
88.84	-0.4433400000
88.85	-0.3096500000
88.86	-0.0994730000
88.87	0.1176000000
88.88	0.2968800000
88.89	0.3792100000
88.9	0.3273500000
88.91	0.1768700000
88.92	-0.0141690000
88.93	-0.1638000000
88.94	-0.1971500000
88.95	-0.1184500000
88.96	0.0231310000
88.97	0.1313200000
88.98	0.1288100000
88.99	0.0550650000
89	-0.0326750000
89.01	-0.1290500000
89.02	-0.2284100000
89.03	-0.2717300000
89.04	-0.1472600000
89.05	0.1474700000
89.06	0.4320800000
89.07	0.5198700000
89.08	0.3675200000
89.09	0.1001500000
89.1	-0.1030400000
89.11	-0.1633700000
89.12	-0.1286200000
89.13	-0.0896170000
89.14	-0.0925250000
89.15	-0.0945590000
89.16	-0.0529940000
89.17	-0.0378740000
89.18	-0.0788900000
89.19	-0.0880870000
89.2	-0.0276960000
89.21	0.0443180000
89.22	0.0734380000
89.23	0.0518980000
89.24	0.0350710000
89.25	0.0884030000
89.26	0.1313100000
89.27	0.0494860000
89.28	-0.1560400000
89.29	-0.4003100000
89.3	-0.4990900000
89.31	-0.3512200000
89.32	-0.0627360000
89.33	0.2438300000
89.34	0.4563700000
89.35	0.4785400000
89.36	0.3435000000
89.37	0.1303000000
89.38	-0.0822460000
89.39	-0.2263500000
89.4	-0.2699600000
89.41	-0.1856700000
89.42	-0.0200690000
89.43	0.1550700000
89.44	0.3207400000
89.45	0.4732600000
89.46	0.5493300000
89.47	0.4363300000
89.48	0.1710500000
89.49	-0.1185700000
89.5	-0.3388600000
89.51	-0.4191700000
89.52	-0.3655300000
89.53	-0.2281800000
89.54	-0.0958520000
89.55	-0.0407050000
89.56	-0.0483240000
89.57	-0.0348580000
89.58	0.0526760000
89.59	0.1389600000
89.6	0.1612300000
89.61	0.1440200000
89.62	0.1228700000
89.63	0.0715500000
89.64	-0.0483820000
89.65	-0.1817100000
89.66	-0.2618100000
89.67	-0.2370400000
89.68	-0.0937230000
89.69	0.0722900000
89.7	0.1624700000
89.71	0.1417500000
89.72	0.0190290000
89.73	-0.1308700000
89.74	-0.2305500000
89.75	-0.2731400000
89.76	-0.2411300000
89.77	-0.1036600000
89.78	0.0864870000
89.79	0.2199300000
89.8	0.2217600000
89.81	0.1650900000
89.82	0.1750200000
89.83	0.2203600000
89.84	0.2304400000
89.85	0.1706400000
89.86	-0.0169170000
89.87	-0.2978800000
89.88	-0.5382700000
89.89	-0.6020800000
89.9	-0.4091100000
89.91	-0.0260460000
89.92	0.3637700000
89.93	0.5825400000
89.94	0.5406000000
89.95	0.2990900000
89.96	0.0207920000
89.97	-0.1843300000
89.98	-0.3108200000
89.99	-0.3827800000
90	-0.3983300000
90.01	-0.3370000000
90.02	-0.1978900000
90.03	-0.0367980000
90.04	0.0593540000
90.05	0.0529710000
90.06	-0.0099881000
90.07	-0.0489360000
90.08	-0.0196810000
90.09	0.0746150000
90.1	0.1594900000
90.11	0.1399200000
90.12	0.0503510000
90.13	-0.0185050000
90.14	-0.0658390000
90.15	-0.1089900000
90.16	-0.0723280000
90.17	0.0897760000
90.18	0.2833400000
90.19	0.3979900000
90.2	0.3750000000
90.21	0.2254300000
90.22	0.0288950000
90.23	-0.1156900000
90.24	-0.1729200000
90.25	-0.1792800000
90.26	-0.1346200000
90.27	-0.0090108000
90.28	0.1567300000
90.29	0.2226500000
90.3	0.1285600000
90.31	-0.0660200000
90.32	-0.2624600000
90.33	-0.2764900000
90.34	-0.0533660000
90.35	0.2225200000
90.36	0.3706800000
90.37	0.3497300000
90.38	0.2388600000
90.39	0.1327700000
90.4	0.0371500000
90.41	-0.0308080000
90.42	-0.0156610000
90.43	0.0156770000
90.44	-0.0241270000
90.45	-0.1407300000
90.46	-0.3072000000
90.47	-0.4415300000
90.48	-0.4584200000
90.49	-0.3044000000
90.5	-0.0232470000
90.51	0.2533400000
90.52	0.4612600000
90.53	0.5391500000
90.54	0.4145200000
90.55	0.1395100000
90.56	-0.1603000000
90.57	-0.3727300000
90.58	-0.4271800000
90.59	-0.3067000000
90.6	-0.0702670000
90.61	0.1397600000
90.62	0.1889200000
90.63	0.0732240000
90.64	-0.0682590000
90.65	-0.1353700000
90.66	-0.1324600000
90.67	-0.0888040000
90.68	-0.0514400000
90.69	-0.0078603000
90.7	0.0611550000
90.71	0.0900540000
90.72	0.0403850000
90.73	-0.0670770000
90.74	-0.1633700000
90.75	-0.1811600000
90.76	-0.1363400000
90.77	-0.0697620000
90.78	-0.0059170000
90.79	0.0614750000
90.8	0.1404600000
90.81	0.1881000000
90.82	0.1696100000
90.83	0.0871640000
90.84	-0.0095431000
90.85	-0.0753040000
90.86	-0.1231700000
90.87	-0.1345300000
90.88	-0.1106000000
90.89	-0.0987340000
90.9	-0.1021500000
90.91	-0.1037700000
90.92	-0.0778090000
90.93	-0.0443370000
90.94	-0.0241180000
90.95	0.0463880000
90.96	0.1628800000
90.97	0.2076900000
90.98	0.1015200000
90.99	-0.0998270000
91	-0.2699000000
91.01	-0.3157900000
91.02	-0.2013700000
91.03	0.0138400000
91.04	0.2185900000
91.05	0.3431700000
91.06	0.3514300000
91.07	0.2600700000
91.08	0.1088600000
91.09	-0.0853350000
91.1	-0.2567200000
91.11	-0.3246400000
91.12	-0.2520800000
91.13	-0.0418400000
91.14	0.1959800000
91.15	0.2896600000
91.16	0.1757700000
91.17	-0.0407510000
91.18	-0.1711000000
91.19	-0.1450800000
91.2	-0.0736580000
91.21	-0.0384000000
91.22	-0.0247270000
91.23	-0.0025449000
91.24	0.0168140000
91.25	-0.0091888000
91.26	-0.0598030000
91.27	-0.0848860000
91.28	-0.0188710000
91.29	0.1547400000
91.3	0.3261500000
91.31	0.3958600000
91.32	0.3501000000
91.33	0.2335100000
91.34	0.0669490000
91.35	-0.1421700000
91.36	-0.3361600000
91.37	-0.4558100000
91.38	-0.4248500000
91.39	-0.1990100000
91.4	0.1510500000
91.41	0.4564300000
91.42	0.5180400000
91.43	0.3128700000
91.44	0.0205640000
91.45	-0.2052100000
91.46	-0.3153600000
91.47	-0.3422500000
91.48	-0.3502000000
91.49	-0.3192700000
91.5	-0.1866500000
91.51	0.0030429000
91.52	0.1579900000
91.53	0.2473800000
91.54	0.2697100000
91.55	0.2374500000
91.56	0.1524900000
91.57	0.0236020000
91.58	-0.1249700000
91.59	-0.2578900000
91.6	-0.2641300000
91.61	-0.1181400000
91.62	0.0433700000
91.63	0.1314300000
91.64	0.1466100000
91.65	0.1040200000
91.66	0.0243240000
91.67	-0.0803910000
91.68	-0.1719700000
91.69	-0.1526500000
91.7	0.0081548000
91.71	0.2030500000
91.72	0.2545200000
91.73	0.1053600000
91.74	-0.1123300000
91.75	-0.2923900000
91.76	-0.3713400000
91.77	-0.3012000000
91.78	-0.1136100000
91.79	0.1280500000
91.8	0.3431400000
91.81	0.4172500000
91.82	0.2824000000
91.83	-0.0008549500
91.84	-0.2952600000
91.85	-0.4274900000
91.86	-0.3326600000
91.87	-0.1172900000
91.88	0.0864510000
91.89	0.1654900000
91.9	0.0986150000
91.91	-0.0373270000
91.92	-0.1227600000
91.93	-0.0739900000
91.94	0.0401140000
91.95	0.1176500000
91.96	0.1543600000
91.97	0.1753100000
91.98	0.1790300000
91.99	0.1418700000
92	0.0286510000
92.01	-0.1407500000
92.02	-0.2553600000
92.03	-0.2151500000
92.04	-0.0525350000
92.05	0.0981180000
92.06	0.1368100000
92.07	0.0872190000
92.08	0.0535980000
92.09	0.0691410000
92.1	0.0775240000
92.11	0.0523690000
92.12	-0.0021264000
92.13	-0.1009500000
92.14	-0.2089400000
92.15	-0.2454400000
92.16	-0.1944500000
92.17	-0.0827650000
92.18	0.0635630000
92.19	0.2001700000
92.2	0.2736000000
92.21	0.2547300000
92.22	0.1784100000
92.23	0.1164000000
92.24	0.0931890000
92.25	0.0846230000
92.26	0.0729340000
92.27	0.0387620000
92.28	-0.0303630000
92.29	-0.1075500000
92.3	-0.1546100000
92.31	-0.1550400000
92.32	-0.1054600000
92.33	-0.0122660000
92.34	0.0510390000
92.35	0.0205090000
92.36	-0.0152510000
92.37	0.0264250000
92.38	0.1041900000
92.39	0.1799800000
92.4	0.2314800000
92.41	0.1942700000
92.42	0.0420240000
92.43	-0.1328100000
92.44	-0.2216600000
92.45	-0.1779600000
92.46	-0.0360180000
92.47	0.1382600000
92.48	0.2930700000
92.49	0.3025100000
92.5	0.1219100000
92.51	-0.1253600000
92.52	-0.2901200000
92.53	-0.2827100000
92.54	-0.1504200000
92.55	0.0264580000
92.56	0.1816900000
92.57	0.2243400000
92.58	0.1607900000
92.59	0.1014300000
92.6	0.1019600000
92.61	0.1333400000
92.62	0.1302800000
92.63	0.0198320000
92.64	-0.1739700000
92.65	-0.3444000000
92.66	-0.4045100000
92.67	-0.3295700000
92.68	-0.1700100000
92.69	0.0052160000
92.7	0.1451300000
92.71	0.2341100000
92.72	0.2688600000
92.73	0.2505700000
92.74	0.2327000000
92.75	0.2078800000
92.76	0.1073200000
92.77	-0.0713640000
92.78	-0.2768900000
92.79	-0.3924800000
92.8	-0.3545900000
92.81	-0.2050500000
92.82	0.0053089000
92.83	0.1664300000
92.84	0.1830600000
92.85	0.0682480000
92.86	-0.0906420000
92.87	-0.1778700000
92.88	-0.1298400000
92.89	0.0314760000
92.9	0.2605800000
92.91	0.4490600000
92.92	0.4224400000
92.93	0.1915800000
92.94	-0.1001400000
92.95	-0.3611800000
92.96	-0.4951300000
92.97	-0.4259400000
92.98	-0.1753300000
92.99	0.1347700000
93	0.3863800000
93.01	0.4772400000
93.02	0.3745300000
93.03	0.1849000000
93.04	-0.0123080000
93.05	-0.2077200000
93.06	-0.3619100000
93.07	-0.3935800000
93.08	-0.2829200000
93.09	-0.0830520000
93.1	0.1320100000
93.11	0.2367800000
93.12	0.1729100000
93.13	0.0128400000
93.14	-0.1427900000
93.15	-0.1945900000
93.16	-0.1021800000
93.17	0.0498380000
93.18	0.1493300000
93.19	0.1578200000
93.2	0.0895100000
93.21	-0.0181480000
93.22	-0.1127100000
93.23	-0.1647700000
93.24	-0.2021300000
93.25	-0.2162200000
93.26	-0.1619500000
93.27	-0.0700100000
93.28	0.0194350000
93.29	0.0995590000
93.3	0.1789500000
93.31	0.2578000000
93.32	0.2980500000
93.33	0.2400600000
93.34	0.0533350000
93.35	-0.1503000000
93.36	-0.2522600000
93.37	-0.2652500000
93.38	-0.2179200000
93.39	-0.1480300000
93.4	-0.0692700000
93.41	0.0202090000
93.42	0.0739690000
93.43	0.0848080000
93.44	0.0906770000
93.45	0.1200100000
93.46	0.1595800000
93.47	0.1644300000
93.48	0.1024400000
93.49	-0.0464850000
93.5	-0.2170600000
93.51	-0.2966600000
93.52	-0.2530300000
93.53	-0.1005200000
93.54	0.0925230000
93.55	0.2275200000
93.56	0.2661700000
93.57	0.1971800000
93.58	0.0550950000
93.59	-0.0653890000
93.6	-0.1520900000
93.61	-0.2477700000
93.62	-0.3246000000
93.63	-0.3183100000
93.64	-0.1819000000
93.65	0.0322200000
93.66	0.2203800000
93.67	0.3351900000
93.68	0.3615400000
93.69	0.3113300000
93.7	0.2014700000
93.71	0.0662350000
93.72	-0.0609290000
93.73	-0.1583000000
93.74	-0.1625400000
93.75	-0.0599920000
93.76	0.0901250000
93.77	0.2235500000
93.78	0.2632900000
93.79	0.1830300000
93.8	0.0171840000
93.81	-0.1960100000
93.82	-0.3356300000
93.83	-0.2805000000
93.84	-0.0916690000
93.85	0.1051600000
93.86	0.2526200000
93.87	0.3215100000
93.88	0.2840800000
93.89	0.1483600000
93.9	-0.0429450000
93.91	-0.1927000000
93.92	-0.2087200000
93.93	-0.1290100000
93.94	-0.0043064000
93.95	0.1008100000
93.96	0.1124100000
93.97	0.0426860000
93.98	-0.0826370000
93.99	-0.1651700000
94	-0.1215400000
94.01	0.0337240000
94.02	0.2143700000
94.03	0.2722700000
94.04	0.1708300000
94.05	0.0035951000
94.06	-0.1052000000
94.07	-0.1234100000
94.08	-0.0927660000
94.09	-0.0639430000
94.1	-0.0772840000
94.11	-0.0963570000
94.12	-0.1048600000
94.13	-0.0734900000
94.14	0.0494970000
94.15	0.2405200000
94.16	0.4017200000
94.17	0.4085900000
94.18	0.2370600000
94.19	-0.0400430000
94.2	-0.2936800000
94.21	-0.3895700000
94.22	-0.3021500000
94.23	-0.1341200000
94.24	-0.0044802000
94.25	0.0788500000
94.26	0.1731700000
94.27	0.2648600000
94.28	0.2477700000
94.29	0.0720940000
94.3	-0.1523600000
94.31	-0.2596000000
94.32	-0.2132800000
94.33	-0.0908770000
94.34	0.0448820000
94.35	0.1443600000
94.36	0.1810100000
94.37	0.1419400000
94.38	0.0147270000
94.39	-0.1723400000
94.4	-0.3335800000
94.41	-0.3824600000
94.42	-0.2970300000
94.43	-0.0993740000
94.44	0.1319000000
94.45	0.2826400000
94.46	0.2663500000
94.47	0.0946010000
94.48	-0.1245300000
94.49	-0.3239500000
94.5	-0.4275900000
94.51	-0.3266500000
94.52	-0.0601140000
94.53	0.2036200000
94.54	0.3405900000
94.55	0.3331300000
94.56	0.2216700000
94.57	0.0732010000
94.58	-0.0712540000
94.59	-0.1992900000
94.6	-0.2471700000
94.61	-0.1689800000
94.62	-0.0160410000
94.63	0.1062600000
94.64	0.1337800000
94.65	0.0957950000
94.66	0.0334400000
94.67	-0.0352440000
94.68	-0.0865480000
94.69	-0.0958850000
94.7	-0.0308410000
94.71	0.1017300000
94.72	0.2104800000
94.73	0.2206700000
94.74	0.1442700000
94.75	0.0235470000
94.76	-0.1021700000
94.77	-0.2081200000
94.78	-0.2715300000
94.79	-0.2564000000
94.8	-0.1651900000
94.81	-0.0330250000
94.82	0.1161500000
94.83	0.2271100000
94.84	0.2584600000
94.85	0.2514400000
94.86	0.2404600000
94.87	0.2012200000
94.88	0.0968950000
94.89	-0.0573390000
94.9	-0.2038600000
94.91	-0.2968100000
94.92	-0.2920400000
94.93	-0.1953800000
94.94	-0.0590860000
94.95	0.0873650000
94.96	0.2027000000
94.97	0.2474700000
94.98	0.2027900000
94.99	0.0783140000
95	-0.0562210000
95.01	-0.1374100000
95.02	-0.1437000000
95.03	-0.0931670000
95.04	-0.0281330000
95.05	0.0079698000
95.06	-0.0234160000
95.07	-0.0906930000
95.08	-0.1277000000
95.09	-0.1179700000
95.1	-0.0672730000
95.11	0.0165940000
95.12	0.1096900000
95.13	0.1709300000
95.14	0.1728900000
95.15	0.1266700000
95.16	0.0516220000
95.17	-0.0428190000
95.18	-0.1192600000
95.19	-0.1237800000
95.2	-0.0641210000
95.21	0.0076470000
95.22	0.0807810000
95.23	0.1656100000
95.24	0.2433300000
95.25	0.2647600000
95.26	0.1804800000
95.27	0.0004331000
95.28	-0.2092500000
95.29	-0.3503400000
95.3	-0.3450500000
95.31	-0.2233300000
95.32	-0.0708040000
95.33	0.0510840000
95.34	0.1096800000
95.35	0.1189500000
95.36	0.0903060000
95.37	0.0234900000
95.38	-0.0393300000
95.39	-0.0679640000
95.4	-0.0620440000
95.41	-0.0563210000
95.42	-0.0767120000
95.43	-0.1183500000
95.44	-0.2019900000
95.45	-0.2489600000
95.46	-0.1475200000
95.47	0.0769560000
95.48	0.2971800000
95.49	0.3666500000
95.5	0.2644300000
95.51	0.0899180000
95.52	-0.0385260000
95.53	-0.0826270000
95.54	-0.1073200000
95.55	-0.1314900000
95.56	-0.1295100000
95.57	-0.1073200000
95.58	-0.0596230000
95.59	0.0358370000
95.6	0.1466100000
95.61	0.1598500000
95.62	0.0291890000
95.63	-0.1534600000
95.64	-0.2964100000
95.65	-0.3263400000
95.66	-0.2001300000
95.67	0.0367300000
95.68	0.2900700000
95.69	0.4124900000
95.7	0.3262400000
95.71	0.1187900000
95.72	-0.0988310000
95.73	-0.2373100000
95.74	-0.2641900000
95.75	-0.2448500000
95.76	-0.1840800000
95.77	-0.0255010000
95.78	0.1771800000
95.79	0.2919400000
95.8	0.2404700000
95.81	0.0731920000
95.82	-0.0933380000
95.83	-0.1805300000
95.84	-0.1560800000
95.85	-0.0369960000
95.86	0.1160900000
95.87	0.2263200000
95.88	0.2347100000
95.89	0.1341500000
95.9	-0.0180300000
95.91	-0.1370700000
95.92	-0.1593800000
95.93	-0.0877590000
95.94	0.0010997000
95.95	0.0312900000
95.96	-0.0232910000
95.97	-0.1190300000
95.98	-0.1852800000
95.99	-0.1810400000
96	-0.1085100000
96.01	-0.0300530000
96.02	0.0138170000
96.03	0.0597510000
96.04	0.1269500000
96.05	0.1561500000
96.06	0.1008500000
96.07	0.0145710000
96.08	-0.0155130000
96.09	0.0245900000
96.1	0.0733120000
96.11	0.0696440000
96.12	-0.0151850000
96.13	-0.1570100000
96.14	-0.2860500000
96.15	-0.3293700000
96.16	-0.2409900000
96.17	-0.0559910000
96.18	0.1599800000
96.19	0.3283600000
96.2	0.3437300000
96.21	0.1723100000
96.22	-0.1179000000
96.23	-0.3519500000
96.24	-0.3653900000
96.25	-0.1602400000
96.26	0.1210800000
96.27	0.2749700000
96.28	0.2066100000
96.29	0.0122670000
96.3	-0.1565900000
96.31	-0.2007400000
96.32	-0.1210500000
96.33	0.0106310000
96.34	0.1260900000
96.35	0.1618200000
96.36	0.1037500000
96.37	0.0119330000
96.38	-0.0451300000
96.39	-0.0487120000
96.4	-0.0408510000
96.41	-0.0493710000
96.42	-0.0711680000
96.43	-0.0808630000
96.44	-0.0370260000
96.45	0.0471580000
96.46	0.1182500000
96.47	0.1363800000
96.48	0.0965870000
96.49	0.0333460000
96.5	-0.0013873000
96.51	0.0124580000
96.52	0.0428440000
96.53	0.0533650000
96.54	0.0272300000
96.55	-0.0315790000
96.56	-0.0948840000
96.57	-0.1287600000
96.58	-0.1392500000
96.59	-0.1393900000
96.6	-0.0955580000
96.61	0.0042244000
96.62	0.1179900000
96.63	0.1632200000
96.64	0.0967710000
96.65	-0.0133320000
96.66	-0.0806640000
96.67	-0.0516850000
96.68	0.0534050000
96.69	0.1546400000
96.7	0.2242300000
96.71	0.2432800000
96.72	0.1862600000
96.73	0.0703580000
96.74	-0.0672630000
96.75	-0.1495500000
96.76	-0.1340900000
96.77	-0.0643150000
96.78	0.0239750000
96.79	0.0840030000
96.8	0.0709490000
96.81	0.0089955000
96.82	-0.0350690000
96.83	-0.0055530000
96.84	0.0722160000
96.85	0.1265900000
96.86	0.1144500000
96.87	0.0242340000
96.88	-0.1084400000
96.89	-0.1931200000
96.9	-0.1718600000
96.91	-0.0820320000
96.92	0.0278940000
96.93	0.1232100000
96.94	0.1907500000
96.95	0.2231500000
96.96	0.1640500000
96.97	0.0198180000
96.98	-0.1254000000
96.99	-0.2010100000
97	-0.1792900000
97.01	-0.0924160000
97.02	0.0171800000
97.03	0.1103400000
97.04	0.1502000000
97.05	0.1380100000
97.06	0.0820390000
97.07	-0.0076355000
97.08	-0.0723890000
97.09	-0.0434850000
97.1	0.0720070000
97.11	0.1767600000
97.12	0.1790500000
97.13	0.0894070000
97.14	-0.0141230000
97.15	-0.0642900000
97.16	-0.0401260000
97.17	0.0187600000
97.18	0.0428140000
97.19	0.0046951000
97.2	-0.0590760000
97.21	-0.0861810000
97.22	-0.0420410000
97.23	0.0536710000
97.24	0.1422900000
97.25	0.1592600000
97.26	0.0979590000
97.27	-0.0149830000
97.28	-0.1509200000
97.29	-0.2459900000
97.3	-0.2449400000
97.31	-0.1474500000
97.32	-0.0236370000
97.33	0.0462160000
97.34	0.0380440000
97.35	-0.0119490000
97.36	-0.0383000000
97.37	-0.0245930000
97.38	0.0087163000
97.39	0.0322120000
97.4	0.0224300000
97.41	-0.0026647000
97.42	-0.0112900000
97.43	0.0056908000
97.44	0.0389090000
97.45	0.0852790000
97.46	0.1313700000
97.47	0.1394700000
97.48	0.1075800000
97.49	0.0926220000
97.5	0.1184500000
97.51	0.1530700000
97.52	0.1694200000
97.53	0.1491500000
97.54	0.0779470000
97.55	-0.0497110000
97.56	-0.2067300000
97.57	-0.3193200000
97.58	-0.3039500000
97.59	-0.1515500000
97.6	0.0467370000
97.61	0.1806600000
97.62	0.1957500000
97.63	0.1105600000
97.64	-0.0347830000
97.65	-0.1696800000
97.66	-0.2134800000
97.67	-0.1734400000
97.68	-0.1082500000
97.69	-0.0719730000
97.7	-0.0804570000
97.71	-0.0939310000
97.72	-0.0668670000
97.73	0.0180910000
97.74	0.1313100000
97.75	0.2141000000
97.76	0.2154500000
97.77	0.1305300000
97.78	0.0196410000
97.79	-0.0641990000
97.8	-0.0927430000
97.81	-0.0441180000
97.82	0.0350640000
97.83	0.0568400000
97.84	-0.0069022000
97.85	-0.0969960000
97.86	-0.1465100000
97.87	-0.1398900000
97.88	-0.0734840000
97.89	0.0228180000
97.9	0.0769900000
97.91	0.0540300000
97.92	-0.0014873000
97.93	-0.0217020000
97.94	-0.0019722000
97.95	0.0372390000
97.96	0.0881810000
97.97	0.1188400000
97.98	0.0992320000
97.99	0.0396900000
98	-0.0129840000
98.01	-0.0349910000
98.02	-0.0408160000
98.03	-0.0215960000
98.04	0.0239000000
98.05	0.0656250000
98.06	0.0643900000
98.07	-0.0055708000
98.08	-0.1104100000
98.09	-0.1945900000
98.1	-0.2205500000
98.11	-0.1727100000
98.12	-0.0798760000
98.13	0.0247090000
98.14	0.1315800000
98.15	0.1982400000
98.16	0.1679200000
98.17	0.0590930000
98.18	-0.0370330000
98.19	-0.0620690000
98.2	-0.0502630000
98.21	-0.0366780000
98.22	-0.0240030000
98.23	-0.0136650000
98.24	-0.0055112000
98.25	-0.0138500000
98.26	-0.0343970000
98.27	-0.0500130000
98.28	-0.0702740000
98.29	-0.1125200000
98.3	-0.1520100000
98.31	-0.1432900000
98.32	-0.0958880000
98.33	-0.0538510000
98.34	-0.0452880000
98.35	-0.0525200000
98.36	-0.0165520000
98.37	0.0910040000
98.38	0.2312700000
98.39	0.3299000000
98.4	0.3194700000
98.41	0.1899000000
98.42	0.0040125000
98.43	-0.1622400000
98.44	-0.2669700000
98.45	-0.2973400000
98.46	-0.2569700000
98.47	-0.1828200000
98.48	-0.1300500000
98.49	-0.0876540000
98.5	0.0010749000
98.51	0.1520000000
98.52	0.3203000000
98.53	0.3869000000
98.54	0.2525400000
98.55	-0.0296800000
98.56	-0.2783300000
98.57	-0.3445400000
98.58	-0.2535900000
98.59	-0.0908640000
98.6	0.0952240000
98.61	0.2223900000
98.62	0.2382000000
98.63	0.1497200000
98.64	-0.0156770000
98.65	-0.1645500000
98.66	-0.1969200000
98.67	-0.1210900000
98.68	-0.0062319000
98.69	0.0829250000
98.7	0.0863240000
98.71	0.0149240000
98.72	-0.0690910000
98.73	-0.1277200000
98.74	-0.1147600000
98.75	-0.0176190000
98.76	0.0949480000
98.77	0.1462800000
98.78	0.1173400000
98.79	0.0449380000
98.8	-0.0356300000
98.81	-0.1083900000
98.82	-0.1446300000
98.83	-0.1221000000
98.84	-0.0480870000
98.85	0.0553500000
98.86	0.1345400000
98.87	0.1370600000
98.88	0.0916310000
98.89	0.0573820000
98.9	0.0364030000
98.91	-0.0090418000
98.92	-0.0807130000
98.93	-0.1366400000
98.94	-0.1347800000
98.95	-0.0545140000
98.96	0.0550060000
98.97	0.1315500000
98.98	0.1627400000
98.99	0.1635900000
99	0.1662500000
99.01	0.1588400000
99.02	0.1196100000
99.03	0.0432820000
99.04	-0.0821910000
99.05	-0.2125000000
99.06	-0.2619600000
99.07	-0.1897600000
99.08	-0.0543020000
99.09	0.0667140000
99.1	0.1613300000
99.11	0.2267900000
99.12	0.2249500000
99.13	0.1338200000
99.14	0.0182500000
99.15	-0.0291630000
99.16	0.0139210000
99.17	0.0822950000
99.18	0.0896500000
99.19	0.0312510000
99.2	-0.0383300000
99.21	-0.0730580000
99.22	-0.0457420000
99.23	0.0235580000
99.24	0.0762360000
99.25	0.0902250000
99.26	0.0818980000
99.27	0.0623850000
99.28	0.0316940000
99.29	-0.0127510000
99.3	-0.0500200000
99.31	-0.0710530000
99.32	-0.0927440000
99.33	-0.1001300000
99.34	-0.0769820000
99.35	-0.0437620000
99.36	-0.0290640000
99.37	-0.0372420000
99.38	-0.0426100000
99.39	-0.0299330000
99.4	-0.0018549000
99.41	0.0400920000
99.42	0.0857300000
99.43	0.1091600000
99.44	0.0598660000
99.45	-0.0717270000
99.46	-0.2253800000
99.47	-0.3352000000
99.48	-0.3287000000
99.49	-0.1855500000
99.5	0.0432720000
99.51	0.2618400000
99.52	0.3481800000
99.53	0.2866800000
99.54	0.1484200000
99.55	0.0231030000
99.56	-0.0253550000
99.57	-0.0321020000
99.58	-0.0320350000
99.59	-0.0226920000
99.6	-0.0116000000
99.61	-0.0106410000
99.62	-0.0323010000
99.63	-0.0543940000
99.64	-0.0454930000
99.65	-0.0069487000
99.66	0.0484960000
99.67	0.0973050000
99.68	0.1012600000
99.69	0.0426030000
99.7	-0.0564800000
99.71	-0.1583100000
99.72	-0.2142700000
99.73	-0.1904400000
99.74	-0.0914140000
99.75	0.0546500000
99.76	0.1723500000
99.77	0.1864300000
99.78	0.1098000000
99.79	0.0201120000
99.8	-0.0323750000
99.81	-0.0664110000
99.82	-0.1004000000
99.83	-0.1142100000
99.84	-0.0931830000
99.85	-0.0462290000
99.86	0.0139520000
99.87	0.0720730000
99.88	0.1008400000
99.89	0.0840260000
99.9	0.0317850000
99.91	-0.0253520000
99.92	-0.0634020000
99.93	-0.0792060000
99.94	-0.0711100000
99.95	-0.0393280000
99.96	0.0183010000
99.97	0.0848600000
99.98	0.1111200000
99.99	0.0788570000
100	0.0286140000
100.01	0.0103890000
100.02	0.0250940000
100.03	0.0488480000
100.04	0.0607500000
100.05	0.0368650000
100.06	-0.0156780000
100.07	-0.0784640000
100.08	-0.1165100000
100.09	-0.0929730000
100.1	-0.0290880000
100.11	0.0363510000
100.12	0.0631660000
100.13	0.0327190000
100.14	-0.0272600000
100.15	-0.0625850000
100.16	-0.0309500000
100.17	0.0461660000
100.18	0.1249600000
100.19	0.1643600000
100.2	0.1416700000
100.21	0.0645240000
100.22	-0.0486590000
100.23	-0.1304900000
100.24	-0.1201500000
100.25	-0.0446500000
100.26	0.0204010000
100.27	0.0351320000
100.28	0.0149560000
100.29	-0.0115090000
100.3	-0.0242580000
100.31	-0.0275950000
100.32	-0.0254340000
100.33	-0.0097499000
100.34	0.0192840000
100.35	0.0470360000
100.36	0.0590890000
100.37	0.0432060000
100.38	-0.0285300000
100.39	-0.1225300000
100.4	-0.1557800000
100.41	-0.1034200000
100.42	-0.0110170000
100.43	0.0479140000
100.44	0.0548470000
100.45	0.0285330000
100.46	-0.0059198000
100.47	-0.0093865000
100.48	0.0256530000
100.49	0.0954340000
100.5	0.1466200000
100.51	0.0948310000
100.52	-0.0439710000
100.53	-0.1673100000
100.54	-0.1670400000
100.55	-0.0422810000
100.56	0.0868680000
100.57	0.1262500000
100.58	0.0867880000
100.59	0.0340630000
100.6	0.0008684700
100.61	-0.0072952000
100.62	0.0255560000
100.63	0.1069600000
100.64	0.1882900000
100.65	0.1862800000
100.66	0.0864000000
100.67	-0.0589790000
100.68	-0.1844900000
100.69	-0.2442800000
100.7	-0.2302000000
100.71	-0.1441200000
100.72	-0.0090730000
100.73	0.1368900000
100.74	0.2488400000
100.75	0.2705800000
100.76	0.1798800000
100.77	0.0272740000
100.78	-0.0899660000
100.79	-0.1307400000
100.8	-0.1242300000
100.81	-0.1105600000
100.82	-0.1037300000
100.83	-0.0818460000
100.84	-0.0320530000
100.85	0.0260410000
100.86	0.0447970000
100.87	-0.0111430000
100.88	-0.1165800000
100.89	-0.1762200000
100.9	-0.1077000000
100.91	0.0462230000
100.92	0.1762200000
100.93	0.2070400000
100.94	0.1364300000
100.95	0.0263610000
100.96	-0.0756200000
100.97	-0.1537400000
100.98	-0.1922500000
100.99	-0.1709600000
101	-0.0872550000
101.01	0.0205740000
101.02	0.0959170000
101.03	0.1093500000
101.04	0.0773990000
101.05	0.0272420000
101.06	-0.0087365000
101.07	-0.0086936000
101.08	-0.0112030000
101.09	-0.0355360000
101.1	-0.0262960000
101.11	0.0365530000
101.12	0.1129200000
101.13	0.1655100000
101.14	0.1457900000
101.15	0.0415020000
101.16	-0.0952420000
101.17	-0.2040300000
101.18	-0.2331000000
101.19	-0.1797900000
101.2	-0.0713300000
101.21	0.0743750000
101.22	0.2134100000
101.23	0.2773200000
101.24	0.2277700000
101.25	0.0848970000
101.26	-0.0856060000
101.27	-0.1969300000
101.28	-0.2100000000
101.29	-0.1597500000
101.3	-0.1049300000
101.31	-0.0640830000
101.32	-0.0050126000
101.33	0.0770690000
101.34	0.1433600000
101.35	0.1690600000
101.36	0.1652000000
101.37	0.1435800000
101.38	0.1082400000
101.39	0.0660070000
101.4	0.0004388100
101.41	-0.0938770000
101.42	-0.1660000000
101.43	-0.1565700000
101.44	-0.0822520000
101.45	-0.0099408000
101.46	0.0257120000
101.47	0.0158560000
101.48	-0.0298320000
101.49	-0.0667330000
101.5	-0.0448590000
101.51	0.0347400000
101.52	0.1226500000
101.53	0.1749100000
101.54	0.1693900000
101.55	0.1040300000
101.56	-0.0022560000
101.57	-0.1095500000
101.58	-0.1562000000
101.59	-0.1115900000
101.6	-0.0136830000
101.61	0.0789980000
101.62	0.1073300000
101.63	0.0452310000
101.64	-0.0665930000
101.65	-0.1664300000
101.66	-0.1904500000
101.67	-0.1123400000
101.68	0.0328660000
101.69	0.1899600000
101.7	0.2786800000
101.71	0.2458000000
101.72	0.1283900000
101.73	-0.0118180000
101.74	-0.1339500000
101.75	-0.2044500000
101.76	-0.2135200000
101.77	-0.1749800000
101.78	-0.1054900000
101.79	-0.0288030000
101.8	0.0381680000
101.81	0.0948720000
101.82	0.1376800000
101.83	0.1529500000
101.84	0.1255600000
101.85	0.0474110000
101.86	-0.0655220000
101.87	-0.1522100000
101.88	-0.1755900000
101.89	-0.1628900000
101.9	-0.1292000000
101.91	-0.0618140000
101.92	0.0289770000
101.93	0.1013000000
101.94	0.1054700000
101.95	0.0189850000
101.96	-0.0917960000
101.97	-0.1367900000
101.98	-0.0907120000
101.99	0.0149900000
102	0.0953310000
102.01	0.1075700000
102.02	0.0641680000
102.03	-0.0076944000
102.04	-0.0509630000
102.05	-0.0549140000
102.06	-0.0472710000
102.07	-0.0409140000
102.08	-0.0387910000
102.09	-0.0361530000
102.1	-0.0279590000
102.11	-0.0040017000
102.12	0.0315860000
102.13	0.0678600000
102.14	0.0949460000
102.15	0.0946660000
102.16	0.0650000000
102.17	0.0135220000
102.18	-0.0247240000
102.19	-0.0240640000
102.2	-0.0102510000
102.21	0.0059696000
102.22	0.0136890000
102.23	0.0036365000
102.24	-0.0200310000
102.25	-0.0653780000
102.26	-0.1032200000
102.27	-0.0920910000
102.28	-0.0271330000
102.29	0.0607660000
102.3	0.1251200000
102.31	0.1458500000
102.32	0.1285500000
102.33	0.0963960000
102.34	0.0650740000
102.35	0.0211390000
102.36	-0.0457900000
102.37	-0.1081800000
102.38	-0.1111000000
102.39	-0.0409140000
102.4	0.0321830000
102.41	0.0339280000
102.42	-0.0202750000
102.43	-0.0738960000
102.44	-0.0999240000
102.45	-0.0989640000
102.46	-0.0795620000
102.47	-0.0274330000
102.48	0.0671210000
102.49	0.1590400000
102.5	0.1919800000
102.51	0.1652500000
102.52	0.1154800000
102.53	0.0469610000
102.54	-0.0497960000
102.55	-0.1370000000
102.56	-0.1691800000
102.57	-0.1339900000
102.58	-0.0476140000
102.59	0.0598690000
102.6	0.1477500000
102.61	0.1601500000
102.62	0.0895160000
102.63	-0.0107680000
102.64	-0.0768970000
102.65	-0.0749550000
102.66	-0.0342480000
102.67	0.0064778000
102.68	0.0252500000
102.69	0.0154810000
102.7	0.0019281000
102.71	-0.0017612000
102.72	0.0042412000
102.73	0.0144670000
102.74	0.0222850000
102.75	0.0303170000
102.76	0.0347030000
102.77	0.0454110000
102.78	0.0682140000
102.79	0.0672510000
102.8	0.0090261000
102.81	-0.0948980000
102.82	-0.1829700000
102.83	-0.1802800000
102.84	-0.0881730000
102.85	0.0195620000
102.86	0.0829030000
102.87	0.0846020000
102.88	0.0490930000
102.89	0.0009147700
102.9	-0.0586570000
102.91	-0.1046600000
102.92	-0.1000800000
102.93	-0.0543340000
102.94	-0.0223490000
102.95	-0.0395970000
102.96	-0.0685570000
102.97	-0.0425190000
102.98	0.0426210000
102.99	0.1266300000
103	0.1569400000
103.01	0.1114500000
103.02	0.0144460000
103.03	-0.0732320000
103.04	-0.1257400000
103.05	-0.1503200000
103.06	-0.1476300000
103.07	-0.1134300000
103.08	-0.0542210000
103.09	0.0183610000
103.1	0.0935660000
103.11	0.1623000000
103.12	0.2183100000
103.13	0.2295300000
103.14	0.1580300000
103.15	0.0064756000
103.16	-0.1536400000
103.17	-0.2137900000
103.18	-0.1382500000
103.19	0.0145400000
103.2	0.1480000000
103.21	0.1852100000
103.22	0.1241700000
103.23	0.0170650000
103.24	-0.0793900000
103.25	-0.1157200000
103.26	-0.0832500000
103.27	-0.0176240000
103.28	0.0522890000
103.29	0.1088900000
103.3	0.1412000000
103.31	0.1388700000
103.32	0.0918530000
103.33	0.0160320000
103.34	-0.0658360000
103.35	-0.1233200000
103.36	-0.1194400000
103.37	-0.0615960000
103.38	0.0085665000
103.39	0.0380750000
103.4	0.0084923000
103.41	-0.0231190000
103.42	-0.0154450000
103.43	0.0185370000
103.44	0.0528390000
103.45	0.0577940000
103.46	0.0354210000
103.47	0.0128550000
103.48	-0.0057858000
103.49	-0.0261230000
103.5	-0.0370900000
103.51	-0.0265490000
103.52	0.0065516000
103.53	0.0524280000
103.54	0.0743710000
103.55	0.0494310000
103.56	0.0106940000
103.57	-0.0104110000
103.58	-0.0263530000
103.59	-0.0596560000
103.6	-0.0815750000
103.61	-0.0488810000
103.62	0.0277850000
103.63	0.0930300000
103.64	0.0817910000
103.65	-0.0052938000
103.66	-0.1187400000
103.67	-0.1945800000
103.68	-0.1732800000
103.69	-0.0773140000
103.7	0.0379550000
103.71	0.1328500000
103.72	0.1721200000
103.73	0.1439400000
103.74	0.0580150000
103.75	-0.0563940000
103.76	-0.1517300000
103.77	-0.1741300000
103.78	-0.1153300000
103.79	-0.0180700000
103.8	0.0698610000
103.81	0.1116700000
103.82	0.1067400000
103.83	0.0756260000
103.84	0.0393040000
103.85	0.0206240000
103.86	0.0294130000
103.87	0.0451330000
103.88	0.0349680000
103.89	0.0074397000
103.9	-0.0175730000
103.91	-0.0459400000
103.92	-0.0811550000
103.93	-0.1104200000
103.94	-0.1095700000
103.95	-0.0775520000
103.96	-0.0377140000
103.97	-0.0016129000
103.98	0.0340150000
103.99	0.0703250000
104	0.0960000000
104.01	0.0962690000
104.02	0.0616320000
104.03	-0.0024305000
104.04	-0.0707780000
104.05	-0.1127100000
104.06	-0.1052400000
104.07	-0.0604240000
104.08	-0.0210680000
104.09	-0.0000261650
104.1	0.0244140000
104.11	0.0587760000
104.12	0.0798290000
104.13	0.0578540000
104.14	-0.0021999000
104.15	-0.0573580000
104.16	-0.0780340000
104.17	-0.0726190000
104.18	-0.0635560000
104.19	-0.0524210000
104.2	-0.0192690000
104.21	0.0312610000
104.22	0.0571790000
104.23	0.0320970000
104.24	-0.0080819000
104.25	-0.0088659000
104.26	0.0307840000
104.27	0.0673760000
104.28	0.0640790000
104.29	0.0241240000
104.3	-0.0268490000
104.31	-0.0671210000
104.32	-0.0774470000
104.33	-0.0436580000
104.34	0.0291150000
104.35	0.0957370000
104.36	0.1013800000
104.37	0.0386730000
104.38	-0.0528570000
104.39	-0.1179200000
104.4	-0.1175900000
104.41	-0.0586270000
104.42	0.0040185000
104.43	0.0247240000
104.44	0.0230270000
104.45	0.0366240000
104.46	0.0619000000
104.47	0.0771100000
104.48	0.0703630000
104.49	0.0346280000
104.5	-0.0247100000
104.51	-0.0813940000
104.52	-0.0978060000
104.53	-0.0555570000
104.54	0.0332280000
104.55	0.1284100000
104.56	0.1662700000
104.57	0.1197900000
104.58	0.0114490000
104.59	-0.0950660000
104.6	-0.1201800000
104.61	-0.0539220000
104.62	0.0385400000
104.63	0.0742360000
104.64	0.0352530000
104.65	-0.0286400000
104.66	-0.0720030000
104.67	-0.0801390000
104.68	-0.0808960000
104.69	-0.0895360000
104.7	-0.0757720000
104.71	-0.0203500000
104.72	0.0501110000
104.73	0.0859300000
104.74	0.0811290000
104.75	0.0655880000
104.76	0.0494310000
104.77	0.0325450000
104.78	0.0121550000
104.79	-0.0127850000
104.8	-0.0315470000
104.81	-0.0429550000
104.82	-0.0588160000
104.83	-0.0743630000
104.84	-0.0764810000
104.85	-0.0658670000
104.86	-0.0542020000
104.87	-0.0491680000
104.88	-0.0328450000
104.89	0.0084516000
104.9	0.0557190000
104.91	0.0723480000
104.92	0.0454760000
104.93	0.0017349000
104.94	-0.0342720000
104.95	-0.0498800000
104.96	-0.0334300000
104.97	0.0189980000
104.98	0.0818380000
104.99	0.1212100000
105	0.1063600000
105.01	0.0274520000
105.02	-0.0600790000
105.03	-0.0941130000
105.04	-0.0530130000
105.05	0.0166470000
105.06	0.0387210000
105.07	0.0033574000
105.08	-0.0447440000
105.09	-0.0473310000
105.1	0.0061362000
105.11	0.0607230000
105.12	0.0606780000
105.13	-0.0027182000
105.14	-0.0835450000
105.15	-0.1234100000
105.16	-0.1001500000
105.17	-0.0291150000
105.18	0.0504680000
105.19	0.0942960000
105.2	0.0992990000
105.21	0.0992120000
105.22	0.0968090000
105.23	0.0777480000
105.24	0.0504070000
105.25	0.0114960000
105.26	-0.0467120000
105.27	-0.1173000000
105.28	-0.1682200000
105.29	-0.1527300000
105.3	-0.0594130000
105.31	0.0708240000
105.32	0.1584500000
105.33	0.1645800000
105.34	0.1081500000
105.35	0.0238110000
105.36	-0.0460530000
105.37	-0.0809540000
105.38	-0.0875410000
105.39	-0.0793420000
105.4	-0.0533130000
105.41	-0.0199270000
105.42	-0.0060788000
105.43	-0.0031813000
105.44	0.0135470000
105.45	0.0545920000
105.46	0.0969830000
105.47	0.1044800000
105.48	0.0797350000
105.49	0.0468360000
105.5	0.0078435000
105.51	-0.0498720000
105.52	-0.1116200000
105.53	-0.1403700000
105.54	-0.1283300000
105.55	-0.0955900000
105.56	-0.0508220000
105.57	0.0092020000
105.58	0.0797440000
105.59	0.1310200000
105.6	0.1185800000
105.61	0.0388030000
105.62	-0.0633290000
105.63	-0.1405000000
105.64	-0.1693300000
105.65	-0.1620400000
105.66	-0.1351800000
105.67	-0.0800080000
105.68	0.0082316000
105.69	0.1128500000
105.7	0.1970300000
105.71	0.2268000000
105.72	0.2061100000
105.73	0.1511900000
105.74	0.0651100000
105.75	-0.0359940000
105.76	-0.1220300000
105.77	-0.1686600000
105.78	-0.1650800000
105.79	-0.1204700000
105.8	-0.0521060000
105.81	0.0186580000
105.82	0.0790940000
105.83	0.1328000000
105.84	0.1636200000
105.85	0.1468600000
105.86	0.0827760000
105.87	-0.0035519000
105.88	-0.0884130000
105.89	-0.1528400000
105.9	-0.1452600000
105.91	-0.0454930000
105.92	0.0794940000
105.93	0.1431500000
105.94	0.1050700000
105.95	0.0044058000
105.96	-0.0866430000
105.97	-0.1249500000
105.98	-0.0995690000
105.99	-0.0386890000
106	0.0204840000
106.01	0.0614520000
106.02	0.0859520000
106.03	0.1018900000
106.04	0.0931650000
106.05	0.0409480000
106.06	-0.0469330000
106.07	-0.1328000000
106.08	-0.1640100000
106.09	-0.1224500000
106.1	-0.0331540000
106.11	0.0686030000
106.12	0.1606300000
106.13	0.2125900000
106.14	0.1840500000
106.15	0.0909490000
106.16	-0.0002872400
106.17	-0.0375250000
106.18	-0.0127970000
106.19	0.0347630000
106.2	0.0578700000
106.21	0.0322640000
106.22	-0.0327820000
106.23	-0.1029000000
106.24	-0.1470500000
106.25	-0.1255500000
106.26	-0.0219870000
106.27	0.1174500000
106.28	0.2155100000
106.29	0.1999900000
106.3	0.0729750000
106.31	-0.0783890000
106.32	-0.1608100000
106.33	-0.1454800000
106.34	-0.0841700000
106.35	-0.0407970000
106.36	-0.0328970000
106.37	-0.0374220000
106.38	-0.0283530000
106.39	-0.0021867000
106.4	0.0268300000
106.41	0.0473150000
106.42	0.0642480000
106.43	0.0757410000
106.44	0.0580890000
106.45	-0.0026594000
106.46	-0.0701300000
106.47	-0.0847970000
106.48	-0.0414630000
106.49	0.0052205000
106.5	0.0223490000
106.51	0.0419420000
106.52	0.0845480000
106.53	0.1125200000
106.54	0.0965860000
106.55	0.0351620000
106.56	-0.0576400000
106.57	-0.1338800000
106.58	-0.1467700000
106.59	-0.0973190000
106.6	-0.0252290000
106.61	0.0368140000
106.62	0.0738050000
106.63	0.0685500000
106.64	0.0183300000
106.65	-0.0553300000
106.66	-0.1052000000
106.67	-0.0917160000
106.68	-0.0270350000
106.69	0.0568420000
106.7	0.1210200000
106.71	0.1247900000
106.72	0.0608220000
106.73	-0.0284290000
106.74	-0.0757260000
106.75	-0.0648560000
106.76	-0.0375400000
106.77	-0.0281130000
106.78	-0.0371530000
106.79	-0.0494950000
106.8	-0.0579150000
106.81	-0.0594930000
106.82	-0.0475800000
106.83	-0.0195130000
106.84	0.0099909000
106.85	0.0214960000
106.86	0.0224380000
106.87	0.0275360000
106.88	0.0315640000
106.89	0.0261190000
106.9	0.0050732000
106.91	-0.0277660000
106.92	-0.0469530000
106.93	-0.0351220000
106.94	0.0023692000
106.95	0.0480720000
106.96	0.0725350000
106.97	0.0594080000
106.98	0.0253340000
106.99	-0.0046153000
107	-0.0298830000
107.01	-0.0548140000
107.02	-0.0528750000
107.03	-0.0147550000
107.04	0.0173180000
107.05	0.0080059000
107.06	-0.0334060000
107.07	-0.0743070000
107.08	-0.0751010000
107.09	-0.0156020000
107.1	0.0777880000
107.11	0.1597600000
107.12	0.1839900000
107.13	0.1244300000
107.14	0.0148080000
107.15	-0.0812370000
107.16	-0.1323700000
107.17	-0.1471100000
107.18	-0.1381900000
107.19	-0.1099400000
107.2	-0.0615330000
107.21	-0.0007904800
107.22	0.0447210000
107.23	0.0536550000
107.24	0.0373830000
107.25	0.0314470000
107.26	0.0401920000
107.27	0.0248080000
107.28	-0.0370940000
107.29	-0.1217100000
107.3	-0.1644100000
107.31	-0.1159200000
107.32	-0.0102550000
107.33	0.0787660000
107.34	0.1182200000
107.35	0.1133700000
107.36	0.0769660000
107.37	0.0304950000
107.38	-0.0008307500
107.39	-0.0017682000
107.4	0.0256430000
107.41	0.0451950000
107.42	0.0211360000
107.43	-0.0320980000
107.44	-0.0711490000
107.45	-0.0598250000
107.46	0.0016061000
107.47	0.0698630000
107.48	0.0923750000
107.49	0.0521070000
107.5	-0.0217660000
107.51	-0.0846820000
107.52	-0.1026000000
107.53	-0.0673630000
107.54	-0.0062151000
107.55	0.0279320000
107.56	0.0198860000
107.57	0.0082144000
107.58	0.0154020000
107.59	0.0338250000
107.6	0.0484100000
107.61	0.0558400000
107.62	0.0661020000
107.63	0.0663600000
107.64	0.0332390000
107.65	-0.0171160000
107.66	-0.0448390000
107.67	-0.0213400000
107.68	0.0513800000
107.69	0.1279200000
107.7	0.1516600000
107.71	0.0926800000
107.72	-0.0247560000
107.73	-0.1421200000
107.74	-0.2141600000
107.75	-0.2177400000
107.76	-0.1547300000
107.77	-0.0576210000
107.78	0.0121990000
107.79	0.0176210000
107.8	-0.0113000000
107.81	-0.0150500000
107.82	0.0376170000
107.83	0.1123200000
107.84	0.1502600000
107.85	0.1315600000
107.86	0.0742490000
107.87	0.0141200000
107.88	-0.0291220000
107.89	-0.0579810000
107.9	-0.0688960000
107.91	-0.0602950000
107.92	-0.0380050000
107.93	-0.0144650000
107.94	-0.0039828000
107.95	-0.0084231000
107.96	-0.0153140000
107.97	-0.0115120000
107.98	-0.0031166000
107.99	0.0128600000
108	0.0397620000
108.01	0.0609210000
108.02	0.0691670000
108.03	0.0578340000
108.04	0.0316260000
108.05	-0.0020863000
108.06	-0.0515340000
108.07	-0.0977750000
108.08	-0.1100300000
108.09	-0.0867400000
108.1	-0.0431100000
108.11	0.0019043000
108.12	0.0317660000
108.13	0.0359670000
108.14	0.0034038000
108.15	-0.0530200000
108.16	-0.0935160000
108.17	-0.0986170000
108.18	-0.0744920000
108.19	-0.0336390000
108.2	0.0132670000
108.21	0.0506920000
108.22	0.0628880000
108.23	0.0561810000
108.24	0.0423150000
108.25	0.0233210000
108.26	0.0027061000
108.27	-0.0099493000
108.28	-0.0152090000
108.29	-0.0238160000
108.3	-0.0331060000
108.31	-0.0365320000
108.32	-0.0336030000
108.33	-0.0265680000
108.34	-0.0158090000
108.35	0.0077823000
108.36	0.0365990000
108.37	0.0454320000
108.38	0.0375320000
108.39	0.0340950000
108.4	0.0312410000
108.41	0.0159320000
108.42	0.0113880000
108.43	0.0322660000
108.44	0.0369120000
108.45	0.0010217000
108.46	-0.0477200000
108.47	-0.0611960000
108.48	-0.0233900000
108.49	0.0351210000
108.5	0.0791710000
108.51	0.0744310000
108.52	0.0198130000
108.53	-0.0536280000
108.54	-0.1136900000
108.55	-0.1248000000
108.56	-0.0764400000
108.57	0.0023878000
108.58	0.0710720000
108.59	0.1058100000
108.6	0.0983880000
108.61	0.0663780000
108.62	0.0292630000
108.63	-0.0133910000
108.64	-0.0543140000
108.65	-0.0876760000
108.66	-0.1091200000
108.67	-0.1241600000
108.68	-0.1266400000
108.69	-0.0890640000
108.7	-0.0136120000
108.71	0.0827540000
108.72	0.1671800000
108.73	0.2017200000
108.74	0.1782000000
108.75	0.1124100000
108.76	0.0358980000
108.77	-0.0329900000
108.78	-0.0803320000
108.79	-0.0953550000
108.8	-0.0760480000
108.81	-0.0264990000
108.82	0.0196970000
108.83	0.0337650000
108.84	0.0175160000
108.85	-0.0047334000
108.86	-0.0110640000
108.87	0.0026811000
108.88	0.0354850000
108.89	0.0637150000
108.9	0.0651670000
108.91	0.0419900000
108.92	0.0025394000
108.93	-0.0469070000
108.94	-0.0948420000
108.95	-0.1089300000
108.96	-0.0692470000
108.97	0.0063790000
108.98	0.0832310000
108.99	0.1337600000
109	0.1487300000
109.01	0.1315800000
109.02	0.0855850000
109.03	0.0154070000
109.04	-0.0539500000
109.05	-0.0802210000
109.06	-0.0362380000
109.07	0.0474080000
109.08	0.1126700000
109.09	0.1246600000
109.1	0.0775530000
109.11	-0.0080523000
109.12	-0.1035400000
109.13	-0.1508300000
109.14	-0.1086700000
109.15	-0.0115090000
109.16	0.0647190000
109.17	0.0683110000
109.18	0.0281770000
109.19	-0.0159470000
109.2	-0.0415100000
109.21	-0.0286350000
109.22	0.0127860000
109.23	0.0630190000
109.24	0.0970980000
109.25	0.1016600000
109.26	0.0722180000
109.27	0.0197670000
109.28	-0.0207210000
109.29	-0.0305860000
109.3	-0.0239600000
109.31	-0.0228640000
109.32	-0.0070317000
109.33	0.0505640000
109.34	0.1297700000
109.35	0.1663400000
109.36	0.1086600000
109.37	-0.0069978000
109.38	-0.0971390000
109.39	-0.1095900000
109.4	-0.0686100000
109.41	-0.0320540000
109.42	-0.0165990000
109.43	-0.0106680000
109.44	-0.0052302000
109.45	-0.0056335000
109.46	-0.0022034000
109.47	0.0247410000
109.48	0.0648660000
109.49	0.0832780000
109.5	0.0503030000
109.51	-0.0136810000
109.52	-0.0548990000
109.53	-0.0483710000
109.54	-0.0105270000
109.55	0.0270940000
109.56	0.0420690000
109.57	0.0313690000
109.58	0.0118460000
109.59	-0.0016161000
109.6	-0.0159830000
109.61	-0.0359240000
109.62	-0.0470470000
109.63	-0.0477410000
109.64	-0.0498870000
109.65	-0.0498830000
109.66	-0.0323100000
109.67	0.0102560000
109.68	0.0664140000
109.69	0.1164500000
109.7	0.1338000000
109.71	0.0994400000
109.72	0.0238150000
109.73	-0.0649400000
109.74	-0.1231400000
109.75	-0.1176200000
109.76	-0.0567000000
109.77	0.0224220000
109.78	0.0804640000
109.79	0.1015400000
109.8	0.0793850000
109.81	0.0119120000
109.82	-0.0766040000
109.83	-0.1432500000
109.84	-0.1443300000
109.85	-0.0657740000
109.86	0.0502220000
109.87	0.1303300000
109.88	0.1335300000
109.89	0.0808650000
109.9	0.0132700000
109.91	-0.0374400000
109.92	-0.0536950000
109.93	-0.0376840000
109.94	0.0012118000
109.95	0.0447810000
109.96	0.0659640000
109.97	0.0437690000
109.98	-0.0126870000
109.99	-0.0673380000
110	-0.0905030000
110.01	-0.0720250000
110.02	-0.0167990000
110.03	0.0507530000
110.04	0.0783400000
110.05	0.0455430000
110.06	-0.0029094000
110.07	-0.0261100000
110.08	-0.0280390000
110.09	-0.0289440000
110.1	-0.0327000000
110.11	-0.0348700000
110.12	-0.0307700000
110.13	-0.0247450000
110.14	-0.0286120000
110.15	-0.0386210000
110.16	-0.0480260000
110.17	-0.0604740000
110.18	-0.0727720000
110.19	-0.0638200000
110.2	-0.0153080000
110.21	0.0533170000
110.22	0.0845390000
110.23	0.0425470000
110.24	-0.0486740000
110.25	-0.1328700000
110.26	-0.1616200000
110.27	-0.1246500000
110.28	-0.0441230000
110.29	0.0472750000
110.3	0.1166500000
110.31	0.1454100000
110.32	0.1323400000
110.33	0.0886760000
110.34	0.0438160000
110.35	0.0185470000
110.36	-0.0017314000
110.37	-0.0332060000
110.38	-0.0629650000
110.39	-0.0690650000
110.4	-0.0522400000
110.41	-0.0274580000
110.42	0.0011861000
110.43	0.0369030000
110.44	0.0642850000
110.45	0.0592360000
110.46	0.0237340000
110.47	-0.0163610000
110.48	-0.0331710000
110.49	-0.0281500000
110.5	-0.0225510000
110.51	-0.0175250000
110.52	-0.0027517000
110.53	0.0152270000
110.54	0.0154750000
110.55	-0.0060769000
110.56	-0.0259990000
110.57	-0.0252850000
110.58	-0.0145510000
110.59	-0.0132450000
110.6	-0.0219120000
110.61	-0.0204950000
110.62	0.0016313000
110.63	0.0307410000
110.64	0.0493670000
110.65	0.0404800000
110.66	0.0023994000
110.67	-0.0453770000
110.68	-0.0794010000
110.69	-0.0888940000
110.7	-0.0824250000
110.71	-0.0629490000
110.72	-0.0225260000
110.73	0.0366560000
110.74	0.0883830000
110.75	0.1030000000
110.76	0.0854370000
110.77	0.0647310000
110.78	0.0430160000
110.79	-0.0105720000
110.8	-0.0954000000
110.81	-0.1592300000
110.82	-0.1463300000
110.83	-0.0561470000
110.84	0.0447850000
110.85	0.1002800000
110.86	0.1055800000
110.87	0.0795260000
110.88	0.0397400000
110.89	-0.0105860000
110.9	-0.0599410000
110.91	-0.0815000000
110.92	-0.0609240000
110.93	-0.0096350000
110.94	0.0372390000
110.95	0.0476780000
110.96	0.0280910000
110.97	0.0079822000
110.98	0.0011642000
110.99	0.0073219000
111	0.0197850000
111.01	0.0268110000
111.02	0.0230380000
111.03	0.0133080000
111.04	0.0022123000
111.05	-0.0176450000
111.06	-0.0508930000
111.07	-0.0875590000
111.08	-0.1150300000
111.09	-0.1158300000
111.1	-0.0779170000
111.11	-0.0132790000
111.12	0.0520310000
111.13	0.0923800000
111.14	0.0949760000
111.15	0.0597950000
111.16	0.0042404000
111.17	-0.0360670000
111.18	-0.0412800000
111.19	-0.0230510000
111.2	-0.0067188000
111.21	-0.0130580000
111.22	-0.0454060000
111.23	-0.0828860000
111.24	-0.0889490000
111.25	-0.0459100000
111.26	0.0190450000
111.27	0.0684050000
111.28	0.0898640000
111.29	0.0801420000
111.3	0.0339240000
111.31	-0.0371240000
111.32	-0.1012400000
111.33	-0.1351700000
111.34	-0.1350800000
111.35	-0.1029700000
111.36	-0.0379600000
111.37	0.0527070000
111.38	0.1376100000
111.39	0.1745300000
111.4	0.1484000000
111.41	0.0818160000
111.42	0.0106850000
111.43	-0.0302030000
111.44	-0.0282830000
111.45	0.0034531000
111.46	0.0332620000
111.47	0.0211830000
111.48	-0.0274270000
111.49	-0.0768220000
111.5	-0.0962140000
111.51	-0.0630300000
111.52	0.0078502000
111.53	0.0776680000
111.54	0.1097800000
111.55	0.0931730000
111.56	0.0511280000
111.57	0.0134820000
111.58	-0.0050889000
111.59	-0.0037618000
111.6	0.0198050000
111.61	0.0479300000
111.62	0.0501550000
111.63	0.0205320000
111.64	-0.0247090000
111.65	-0.0591900000
111.66	-0.0735500000
111.67	-0.0784770000
111.68	-0.0812130000
111.69	-0.0821630000
111.7	-0.0708390000
111.71	-0.0380320000
111.72	0.0067844000
111.73	0.0378420000
111.74	0.0409960000
111.75	0.0373450000
111.76	0.0472030000
111.77	0.0603250000
111.78	0.0436910000
111.79	-0.0117330000
111.8	-0.0680510000
111.81	-0.0983390000
111.82	-0.1015700000
111.83	-0.0854110000
111.84	-0.0562000000
111.85	-0.0169530000
111.86	0.0155430000
111.87	0.0265630000
111.88	0.0160520000
111.89	-0.0020929000
111.9	-0.0106110000
111.91	-0.0058838000
111.92	0.0096357000
111.93	0.0347050000
111.94	0.0690620000
111.95	0.1019000000
111.96	0.1132300000
111.97	0.0906240000
111.98	0.0409280000
111.99	-0.0025122000
112	-0.0200460000
112.01	-0.0302280000
112.02	-0.0485280000
112.03	-0.0644900000
112.04	-0.0595410000
112.05	-0.0366290000
112.06	-0.0194410000
112.07	-0.0162670000
112.08	-0.0034869000
112.09	0.0391840000
112.1	0.0908070000
112.11	0.1096800000
112.12	0.0740340000
112.13	0.0031777000
112.14	-0.0684650000
112.15	-0.1262500000
112.16	-0.1513700000
112.17	-0.1186700000
112.18	-0.0378920000
112.19	0.0426120000
112.2	0.0762800000
112.21	0.0578240000
112.22	0.0140620000
112.23	-0.0337520000
112.24	-0.0751970000
112.25	-0.0980790000
112.26	-0.0901100000
112.27	-0.0527180000
112.28	-0.0071961000
112.29	0.0300410000
112.3	0.0558320000
112.31	0.0660680000
112.32	0.0539390000
112.33	0.0104210000
112.34	-0.0508180000
112.35	-0.0879440000
112.36	-0.0733210000
112.37	-0.0266230000
112.38	0.0079911000
112.39	0.0198990000
112.4	0.0243700000
112.41	0.0252760000
112.42	0.0161390000
112.43	0.0026690000
112.44	0.0034840000
112.45	0.0162780000
112.46	0.0234890000
112.47	0.0101510000
112.48	-0.0223940000
112.49	-0.0462230000
112.5	-0.0353340000
112.51	0.0140300000
112.52	0.0693300000
112.53	0.0872190000
112.54	0.0766590000
112.55	0.0731530000
112.56	0.0701530000
112.57	0.0323820000
112.58	-0.0393390000
112.59	-0.1028400000
112.6	-0.1278300000
112.61	-0.1104400000
112.62	-0.0659820000
112.63	-0.0108770000
112.64	0.0521480000
112.65	0.1106100000
112.66	0.1361800000
112.67	0.1037700000
112.68	0.0252690000
112.69	-0.0488340000
112.7	-0.0799130000
112.71	-0.0691600000
112.72	-0.0449290000
112.73	-0.0264620000
112.74	-0.0110170000
112.75	0.0064162000
112.76	0.0256630000
112.77	0.0462570000
112.78	0.0725510000
112.79	0.0961530000
112.8	0.0885710000
112.81	0.0341040000
112.82	-0.0451420000
112.83	-0.0908330000
112.84	-0.0634720000
112.85	0.0063619000
112.86	0.0597690000
112.87	0.0759050000
112.88	0.0683210000
112.89	0.0443500000
112.9	0.0099871000
112.91	-0.0239050000
112.92	-0.0439110000
112.93	-0.0311030000
112.94	0.0096817000
112.95	0.0467890000
112.96	0.0488750000
112.97	0.0093189000
112.98	-0.0457880000
112.99	-0.0827160000
113	-0.0771140000
113.01	-0.0289610000
113.02	0.0294940000
113.03	0.0602860000
113.04	0.0444940000
113.05	-0.0019424000
113.06	-0.0447900000
113.07	-0.0618250000
113.08	-0.0469540000
113.09	-0.0154290000
113.1	0.0163930000
113.11	0.0373330000
113.12	0.0339180000
113.13	0.0062708000
113.14	-0.0281990000
113.15	-0.0394070000
113.16	-0.0236600000
113.17	-0.0029256000
113.18	0.0117710000
113.19	0.0165800000
113.2	0.0160880000
113.21	0.0177140000
113.22	0.0330650000
113.23	0.0660600000
113.24	0.0974800000
113.25	0.1060600000
113.26	0.0822120000
113.27	0.0322540000
113.28	-0.0265300000
113.29	-0.0632370000
113.3	-0.0540720000
113.31	-0.0132250000
113.32	0.0312960000
113.33	0.0663980000
113.34	0.0941760000
113.35	0.1067600000
113.36	0.0885600000
113.37	0.0433140000
113.38	-0.0136860000
113.39	-0.0672330000
113.4	-0.1007800000
113.41	-0.0960450000
113.42	-0.0578880000
113.43	-0.0116170000
113.44	0.0318710000
113.45	0.0676580000
113.46	0.0845800000
113.47	0.0664180000
113.48	0.0160070000
113.49	-0.0317670000
113.5	-0.0560720000
113.51	-0.0665840000
113.52	-0.0767560000
113.53	-0.0872620000
113.54	-0.0892760000
113.55	-0.0717060000
113.56	-0.0271780000
113.57	0.0289040000
113.58	0.0750500000
113.59	0.1140600000
113.6	0.1547000000
113.61	0.1770800000
113.62	0.1439600000
113.63	0.0549240000
113.64	-0.0479420000
113.65	-0.1104200000
113.66	-0.1050000000
113.67	-0.0579680000
113.68	-0.0007522300
113.69	0.0518260000
113.7	0.0741870000
113.71	0.0515250000
113.72	-0.0023029000
113.73	-0.0590540000
113.74	-0.0862870000
113.75	-0.0629470000
113.76	0.0006422400
113.77	0.0581450000
113.78	0.0688590000
113.79	0.0424090000
113.8	0.0140460000
113.81	0.0077103000
113.82	0.0260440000
113.83	0.0456210000
113.84	0.0413540000
113.85	0.0177410000
113.86	-0.0064072000
113.87	-0.0243780000
113.88	-0.0380990000
113.89	-0.0505970000
113.9	-0.0586310000
113.91	-0.0522560000
113.92	-0.0296430000
113.93	0.0066257000
113.94	0.0517750000
113.95	0.0875980000
113.96	0.0892530000
113.97	0.0479790000
113.98	-0.0103480000
113.99	-0.0486230000
114	-0.0528940000
114.01	-0.0340600000
114.02	-0.0194550000
114.03	-0.0237820000
114.04	-0.0334920000
114.05	-0.0314340000
114.06	-0.0123150000
114.07	0.0086035000
114.08	0.0105310000
114.09	-0.0078450000
114.1	-0.0338680000
114.11	-0.0484730000
114.12	-0.0391420000
114.13	-0.0060919000
114.14	0.0299330000
114.15	0.0356540000
114.16	0.0058461000
114.17	-0.0288700000
114.18	-0.0331620000
114.19	-0.0100370000
114.2	0.0112560000
114.21	0.0211680000
114.22	0.0263420000
114.23	0.0258310000
114.24	0.0052284000
114.25	-0.0394160000
114.26	-0.0771820000
114.27	-0.0657530000
114.28	-0.0082757000
114.29	0.0445160000
114.3	0.0585810000
114.31	0.0403920000
114.32	0.0034312000
114.33	-0.0412850000
114.34	-0.0815180000
114.35	-0.1080300000
114.36	-0.1069100000
114.37	-0.0730190000
114.38	-0.0175280000
114.39	0.0362950000
114.4	0.0690760000
114.41	0.0935510000
114.42	0.1156300000
114.43	0.1114700000
114.44	0.0691790000
114.45	0.0033295000
114.46	-0.0544850000
114.47	-0.0838750000
114.48	-0.0812330000
114.49	-0.0486360000
114.5	-0.0080841000
114.51	0.0236440000
114.52	0.0495180000
114.53	0.0708590000
114.54	0.0757460000
114.55	0.0425660000
114.56	-0.0227290000
114.57	-0.0921510000
114.58	-0.1442200000
114.59	-0.1592700000
114.6	-0.1298900000
114.61	-0.0624720000
114.62	0.0228640000
114.63	0.0879080000
114.64	0.1020500000
114.65	0.0688880000
114.66	0.0254220000
114.67	0.0006475100
114.68	-0.0113770000
114.69	-0.0230660000
114.7	-0.0393230000
114.71	-0.0571800000
114.72	-0.0541110000
114.73	-0.0140620000
114.74	0.0424780000
114.75	0.0851220000
114.76	0.1013500000
114.77	0.0915800000
114.78	0.0634400000
114.79	0.0273910000
114.8	-0.0065489000
114.81	-0.0367840000
114.82	-0.0700600000
114.83	-0.0983590000
114.84	-0.1095000000
114.85	-0.0981820000
114.86	-0.0531270000
114.87	0.0124830000
114.88	0.0599340000
114.89	0.0645760000
114.9	0.0379750000
114.91	0.0204410000
114.92	0.0311140000
114.93	0.0539240000
114.94	0.0603100000
114.95	0.0342760000
114.96	-0.0046396000
114.97	-0.0219100000
114.98	-0.0043892000
114.99	0.0290440000
115	0.0553290000
115.01	0.0686550000
115.02	0.0597670000
115.03	0.0136480000
115.04	-0.0632990000
115.05	-0.1376000000
115.06	-0.1743600000
115.07	-0.1639500000
115.08	-0.1218300000
115.09	-0.0684320000
115.1	-0.0168030000
115.11	0.0230070000
115.12	0.0423670000
115.13	0.0347460000
115.14	-0.0055539000
115.15	-0.0676910000
115.16	-0.1202700000
115.17	-0.1320700000
115.18	-0.0926290000
115.19	-0.0241240000
115.2	0.0380320000
115.21	0.0749410000
115.22	0.0870210000
115.23	0.0813750000
115.24	0.0548010000
115.25	0.0068688000
115.26	-0.0376400000
115.27	-0.0544910000
115.28	-0.0444440000
115.29	-0.0280820000
115.3	-0.0199810000
115.31	-0.0110870000
115.32	0.0154860000
115.33	0.0603010000
115.34	0.0972840000
115.35	0.1072600000
115.36	0.0917980000
115.37	0.0603910000
115.38	0.0289740000
115.39	-0.0005529200
115.4	-0.0288180000
115.41	-0.0431850000
115.42	-0.0364160000
115.43	-0.0128860000
115.44	0.0123410000
115.45	0.0267290000
115.46	0.0339320000
115.47	0.0331190000
115.48	0.0119810000
115.49	-0.0204400000
115.5	-0.0389290000
115.51	-0.0385120000
115.52	-0.0301170000
115.53	-0.0271050000
115.54	-0.0342760000
115.55	-0.0405460000
115.56	-0.0381280000
115.57	-0.0281530000
115.58	-0.0185420000
115.59	-0.0184880000
115.6	-0.0256990000
115.61	-0.0356310000
115.62	-0.0395770000
115.63	-0.0219850000
115.64	0.0169980000
115.65	0.0567980000
115.66	0.0737660000
115.67	0.0605050000
115.68	0.0225520000
115.69	-0.0327640000
115.7	-0.0855670000
115.71	-0.1069800000
115.72	-0.0806640000
115.73	-0.0235290000
115.74	0.0306720000
115.75	0.0653210000
115.76	0.0738350000
115.77	0.0592630000
115.78	0.0335480000
115.79	0.0021803000
115.8	-0.0233390000
115.81	-0.0239080000
115.82	0.0045356000
115.83	0.0494380000
115.84	0.0906470000
115.85	0.1100700000
115.86	0.1002200000
115.87	0.0626400000
115.88	0.0191120000
115.89	-0.0043486000
115.9	-0.0071391000
115.91	-0.0001597900
115.92	0.0165340000
115.93	0.0474820000
115.94	0.0687410000
115.95	0.0511520000
115.96	0.0104350000
115.97	-0.0190420000
115.98	-0.0269130000
115.99	-0.0256930000
116	-0.0248150000
116.01	-0.0183160000
116.02	0.0044373000
116.03	0.0404040000
116.04	0.0683210000
116.05	0.0651370000
116.06	0.0271090000
116.07	-0.0293630000
116.08	-0.0826680000
116.09	-0.1073400000
116.1	-0.0879270000
116.11	-0.0353790000
116.12	0.0270520000
116.13	0.0830750000
116.14	0.1144400000
116.15	0.1021500000
116.16	0.0617040000
116.17	0.0231740000
116.18	-0.0070035000
116.19	-0.0242870000
116.2	-0.0196260000
116.21	-0.0009317800
116.22	0.0125950000
116.23	0.0097398000
116.24	-0.0040499000
116.25	-0.0160650000
116.26	-0.0272160000
116.27	-0.0441400000
116.28	-0.0570130000
116.29	-0.0513140000
116.3	-0.0231190000
116.31	0.0247120000
116.32	0.0740760000
116.33	0.0951430000
116.34	0.0720570000
116.35	0.0087379000
116.36	-0.0754350000
116.37	-0.1537000000
116.38	-0.2005300000
116.39	-0.1928500000
116.4	-0.1280300000
116.41	-0.0310500000
116.42	0.0651030000
116.43	0.1238600000
116.44	0.1258500000
116.45	0.0910340000
116.46	0.0526240000
116.47	0.0362750000
116.48	0.0425690000
116.49	0.0518120000
116.5	0.0518670000
116.51	0.0333370000
116.52	-0.0022869000
116.53	-0.0360480000
116.54	-0.0460360000
116.55	-0.0270230000
116.56	0.0024610000
116.57	0.0273350000
116.58	0.0447490000
116.59	0.0564180000
116.6	0.0587360000
116.61	0.0415470000
116.62	0.0057604000
116.63	-0.0313320000
116.64	-0.0463470000
116.65	-0.0378680000
116.66	-0.0222910000
116.67	-0.0067249000
116.68	0.0097246000
116.69	0.0345300000
116.7	0.0581890000
116.71	0.0512850000
116.72	0.0073226000
116.73	-0.0523690000
116.74	-0.0891050000
116.75	-0.0764010000
116.76	-0.0323260000
116.77	0.0104320000
116.78	0.0338590000
116.79	0.0392790000
116.8	0.0346510000
116.81	0.0194460000
116.82	0.0011845000
116.83	-0.0037914000
116.84	0.0084131000
116.85	0.0262380000
116.86	0.0332250000
116.87	0.0235160000
116.88	0.0115350000
116.89	0.0168260000
116.9	0.0388230000
116.91	0.0587080000
116.92	0.0628210000
116.93	0.0522880000
116.94	0.0350730000
116.95	0.0172310000
116.96	-0.0053479000
116.97	-0.0421100000
116.98	-0.0832980000
116.99	-0.1010500000
117	-0.0763340000
117.01	-0.0149480000
117.02	0.0551700000
117.03	0.0997880000
117.04	0.0931660000
117.05	0.0402260000
117.06	-0.0238170000
117.07	-0.0714550000
117.08	-0.0987410000
117.09	-0.1057700000
117.1	-0.0934950000
117.11	-0.0752080000
117.12	-0.0591520000
117.13	-0.0376510000
117.14	-0.0063514000
117.15	0.0207910000
117.16	0.0277810000
117.17	0.0219230000
117.18	0.0159950000
117.19	0.0065515000
117.2	-0.0078166000
117.21	-0.0187980000
117.22	-0.0259560000
117.23	-0.0351610000
117.24	-0.0474900000
117.25	-0.0591410000
117.26	-0.0655580000
117.27	-0.0638860000
117.28	-0.0484930000
117.29	-0.0168230000
117.3	0.0246840000
117.31	0.0620820000
117.32	0.0776680000
117.33	0.0649680000
117.34	0.0310190000
117.35	-0.0102520000
117.36	-0.0409920000
117.37	-0.0476920000
117.38	-0.0214130000
117.39	0.0315890000
117.4	0.0792860000
117.41	0.0910590000
117.42	0.0633250000
117.43	0.0168800000
117.44	-0.0232980000
117.45	-0.0433170000
117.46	-0.0384220000
117.47	-0.0177420000
117.48	0.0012724000
117.49	0.0105320000
117.5	0.0069307000
117.51	-0.0122600000
117.52	-0.0389540000
117.53	-0.0487290000
117.54	-0.0192750000
117.55	0.0402110000
117.56	0.0903040000
117.57	0.0934050000
117.58	0.0500840000
117.59	-0.0086500000
117.6	-0.0548060000
117.61	-0.0661170000
117.62	-0.0360010000
117.63	0.0152650000
117.64	0.0555520000
117.65	0.0634650000
117.66	0.0364680000
117.67	-0.0116680000
117.68	-0.0507360000
117.69	-0.0581950000
117.7	-0.0305510000
117.71	0.0210460000
117.72	0.0672400000
117.73	0.0802730000
117.74	0.0521650000
117.75	-0.0015292000
117.76	-0.0516650000
117.77	-0.0749820000
117.78	-0.0701060000
117.79	-0.0515190000
117.8	-0.0258110000
117.81	0.0004478600
117.82	0.0079059000
117.83	-0.0188910000
117.84	-0.0693970000
117.85	-0.1100900000
117.86	-0.1111300000
117.87	-0.0644420000
117.88	0.0135900000
117.89	0.0871790000
117.9	0.1181600000
117.91	0.0911590000
117.92	0.0223800000
117.93	-0.0505170000
117.94	-0.0948700000
117.95	-0.1018700000
117.96	-0.0770680000
117.97	-0.0359610000
117.98	-0.0002192000
117.99	0.0204820000
118	0.0334550000
118.01	0.0373870000
118.02	0.0220120000
118.03	0.0025269000
118.04	-0.0010236000
118.05	0.0091873000
118.06	0.0186190000
118.07	0.0104440000
118.08	-0.0073798000
118.09	-0.0167340000
118.1	-0.0171380000
118.11	-0.0185110000
118.12	-0.0264760000
118.13	-0.0230290000
118.14	-0.0006588500
118.15	0.0266610000
118.16	0.0489040000
118.17	0.0491330000
118.18	0.0261460000
118.19	-0.0005915700
118.2	-0.0166090000
118.21	-0.0123870000
118.22	0.0063443000
118.23	0.0201510000
118.24	0.0157050000
118.25	-0.0018997000
118.26	-0.0190640000
118.27	-0.0328320000
118.28	-0.0439410000
118.29	-0.0513850000
118.3	-0.0528200000
118.31	-0.0426250000
118.32	-0.0213440000
118.33	-0.0000463140
118.34	0.0118340000
118.35	0.0185270000
118.36	0.0262010000
118.37	0.0386340000
118.38	0.0572200000
118.39	0.0709780000
118.4	0.0667230000
118.41	0.0367390000
118.42	-0.0147160000
118.43	-0.0666500000
118.44	-0.0943720000
118.45	-0.0883780000
118.46	-0.0547230000
118.47	0.0019700000
118.48	0.0684640000
118.49	0.1115000000
118.5	0.1010500000
118.51	0.0405990000
118.52	-0.0336620000
118.53	-0.0776250000
118.54	-0.0681660000
118.55	-0.0228140000
118.56	0.0211840000
118.57	0.0378360000
118.58	0.0237050000
118.59	-0.0037884000
118.6	-0.0264280000
118.61	-0.0351390000
118.62	-0.0255530000
118.63	0.0000934520
118.64	0.0287930000
118.65	0.0385500000
118.66	0.0265900000
118.67	0.0174530000
118.68	0.0258980000
118.69	0.0356930000
118.7	0.0241020000
118.71	-0.0026815000
118.72	-0.0251300000
118.73	-0.0283980000
118.74	-0.0073430000
118.75	0.0247940000
118.76	0.0488740000
118.77	0.0457810000
118.78	0.0161870000
118.79	-0.0184280000
118.8	-0.0347520000
118.81	-0.0160710000
118.82	0.0262530000
118.83	0.0638800000
118.84	0.0801400000
118.85	0.0784220000
118.86	0.0670020000
118.87	0.0492230000
118.88	0.0335470000
118.89	0.0232140000
118.9	0.0158360000
118.91	0.0102070000
118.92	0.0109180000
118.93	0.0279400000
118.94	0.0531100000
118.95	0.0701920000
118.96	0.0709470000
118.97	0.0502820000
118.98	0.0097609000
118.99	-0.0378180000
119	-0.0677040000
119.01	-0.0655180000
119.02	-0.0395020000
119.03	-0.0092001000
119.04	0.0090383000
119.05	0.0174030000
119.06	0.0244810000
119.07	0.0298440000
119.08	0.0311670000
119.09	0.0278300000
119.1	0.0150600000
119.11	-0.0103640000
119.12	-0.0347340000
119.13	-0.0414610000
119.14	-0.0327360000
119.15	-0.0159420000
119.16	0.0016351000
119.17	0.0063371000
119.18	-0.0050046000
119.19	-0.0198120000
119.2	-0.0254570000
119.21	-0.0151490000
119.22	0.0102290000
119.23	0.0404750000
119.24	0.0599660000
119.25	0.0488660000
119.26	0.0012972000
119.27	-0.0511790000
119.28	-0.0679240000
119.29	-0.0439600000
119.3	-0.0099424000
119.31	0.0042489000
119.32	0.0021451000
119.33	0.0000560540
119.34	-0.0004476500
119.35	-0.0055861000
119.36	-0.0178100000
119.37	-0.0267920000
119.38	-0.0247030000
119.39	-0.0183320000
119.4	-0.0148180000
119.41	-0.0057225000
119.42	0.0136860000
119.43	0.0218700000
119.44	0.0129250000
119.45	0.0041718000
119.46	0.0052401000
119.47	0.0151300000
119.48	0.0180280000
119.49	0.0090844000
119.5	-0.0017071000
119.51	-0.0102410000
119.52	-0.0104600000
119.53	-0.0055403000
119.54	-0.0037190000
119.55	-0.0076529000
119.56	-0.0187560000
119.57	-0.0262050000
119.58	-0.0219760000
119.59	-0.0091642000
119.6	0.0111230000
119.61	0.0318470000
119.62	0.0452520000
119.63	0.0539660000
119.64	0.0581960000
119.65	0.0487100000
119.66	0.0216130000
119.67	-0.0164170000
119.68	-0.0564620000
119.69	-0.0885590000
119.7	-0.1039500000
119.71	-0.0961040000
119.72	-0.0661720000
119.73	-0.0314340000
119.74	-0.0071027000
119.75	0.0103860000
119.76	0.0258900000
119.77	0.0342410000
119.78	0.0344480000
119.79	0.0382490000
119.8	0.0488820000
119.81	0.0527830000
119.82	0.0431690000
119.83	0.0181950000
119.84	-0.0176830000
119.85	-0.0483530000
119.86	-0.0624260000
119.87	-0.0498070000
119.88	-0.0158040000
119.89	0.0088525000
119.9	0.0099132000
119.91	-0.0021727000
119.92	-0.0186230000
119.93	-0.0337450000
119.94	-0.0386810000
119.95	-0.0236990000
119.96	0.0049754000
119.97	0.0249720000
119.98	0.0265270000
119.99	0.0207080000
120	0.0142430000
120.01	-0.0002378600
120.02	-0.0166430000
120.03	-0.0176810000
120.04	-0.0021722000
120.05	0.0204210000
120.06	0.0424440000
120.07	0.0576160000
120.08	0.0551900000
120.09	0.0327690000
120.1	0.0093682000
120.11	0.0010379000
120.12	0.0011111000
120.13	-0.0069164000
120.14	-0.0197340000
120.15	-0.0140210000
120.16	0.0116900000
120.17	0.0333970000
120.18	0.0409300000
120.19	0.0388990000
120.2	0.0272360000
120.21	0.0100330000
120.22	-0.0062090000
120.23	-0.0238010000
120.24	-0.0410340000
120.25	-0.0482970000
120.26	-0.0418460000
120.27	-0.0275070000
120.28	-0.0104640000
120.29	0.0123170000
120.3	0.0399340000
120.31	0.0591080000
120.32	0.0561630000
120.33	0.0279510000
120.34	-0.0169430000
120.35	-0.0668890000
120.36	-0.1036100000
120.37	-0.1042200000
120.38	-0.0657690000
120.39	-0.0038390000
120.4	0.0579620000
120.41	0.0942750000
120.42	0.0899840000
120.43	0.0541280000
120.44	0.0189860000
120.45	-0.0013557000
120.46	-0.0185520000
120.47	-0.0354740000
120.48	-0.0399300000
120.49	-0.0241890000
120.5	-0.0009709200
120.51	0.0137350000
120.52	0.0187040000
120.53	0.0184370000
120.54	0.0106470000
120.55	-0.0089721000
120.56	-0.0351170000
120.57	-0.0540620000
120.58	-0.0533950000
120.59	-0.0376940000
120.6	-0.0196670000
120.61	-0.0055662000
120.62	0.0047994000
120.63	0.0204120000
120.64	0.0418290000
120.65	0.0590330000
120.66	0.0658200000
120.67	0.0596670000
120.68	0.0395610000
120.69	0.0046815000
120.7	-0.0381300000
120.71	-0.0772990000
120.72	-0.0994510000
120.73	-0.0902160000
120.74	-0.0533670000
120.75	-0.0109460000
120.76	0.0191910000
120.77	0.0347070000
120.78	0.0331870000
120.79	0.0055305000
120.8	-0.0363450000
120.81	-0.0568670000
120.82	-0.0352770000
120.83	0.0073552000
120.84	0.0296190000
120.85	0.0175300000
120.86	-0.0088359000
120.87	-0.0257260000
120.88	-0.0247680000
120.89	-0.0090676000
120.9	0.0131980000
120.91	0.0246540000
120.92	0.0124980000
120.93	-0.0143370000
120.94	-0.0350530000
120.95	-0.0347810000
120.96	-0.0143340000
120.97	0.0117740000
120.98	0.0289970000
120.99	0.0305870000
121	0.0201750000
121.01	0.0106760000
121.02	-0.0018705000
121.03	-0.0319140000
121.04	-0.0696160000
121.05	-0.0909320000
121.06	-0.0785760000
121.07	-0.0367810000
121.08	0.0155100000
121.09	0.0626260000
121.1	0.0863700000
121.11	0.0744490000
121.12	0.0334350000
121.13	-0.0148070000
121.14	-0.0502870000
121.15	-0.0704570000
121.16	-0.0775640000
121.17	-0.0673020000
121.18	-0.0357390000
121.19	0.0086953000
121.2	0.0473810000
121.21	0.0672280000
121.22	0.0653560000
121.23	0.0456550000
121.24	0.0142600000
121.25	-0.0169710000
121.26	-0.0377010000
121.27	-0.0522740000
121.28	-0.0671850000
121.29	-0.0803710000
121.3	-0.0792490000
121.31	-0.0514250000
121.32	0.0015009000
121.33	0.0683300000
121.34	0.1255000000
121.35	0.1437700000
121.36	0.1088000000
121.37	0.0324680000
121.38	-0.0477000000
121.39	-0.0925950000
121.4	-0.0902020000
121.41	-0.0536270000
121.42	-0.0045286000
121.43	0.0334210000
121.44	0.0455690000
121.45	0.0301490000
121.46	0.0016254000
121.47	-0.0149430000
121.48	-0.0177450000
121.49	-0.0244330000
121.5	-0.0418510000
121.51	-0.0539710000
121.52	-0.0405600000
121.53	-0.0111360000
121.54	0.0131660000
121.55	0.0272300000
121.56	0.0357670000
121.57	0.0376440000
121.58	0.0198780000
121.59	-0.0147940000
121.6	-0.0407530000
121.61	-0.0386760000
121.62	-0.0145040000
121.63	0.0059364000
121.64	0.0106110000
121.65	0.0168860000
121.66	0.0368540000
121.67	0.0534650000
121.68	0.0525970000
121.69	0.0417720000
121.7	0.0342590000
121.71	0.0291310000
121.72	0.0105130000
121.73	-0.0198320000
121.74	-0.0463710000
121.75	-0.0488550000
121.76	-0.0128660000
121.77	0.0404790000
121.78	0.0767200000
121.79	0.0747760000
121.8	0.0395630000
121.81	-0.0049635000
121.82	-0.0375740000
121.83	-0.0456470000
121.84	-0.0345900000
121.85	-0.0166430000
121.86	-0.0003881500
121.87	0.0070450000
121.88	0.0023875000
121.89	-0.0133170000
121.9	-0.0317930000
121.91	-0.0393130000
121.92	-0.0236820000
121.93	0.0102030000
121.94	0.0448420000
121.95	0.0669210000
121.96	0.0661900000
121.97	0.0406880000
121.98	-0.0011611000
121.99	-0.0410670000
122	-0.0578480000
122.01	-0.0521980000
122.02	-0.0405970000
122.03	-0.0330800000
122.04	-0.0306030000
122.05	-0.0235360000
122.06	-0.0076856000
122.07	0.0096440000
122.08	0.0273170000
122.09	0.0469800000
122.1	0.0671420000
122.11	0.0796750000
122.12	0.0697880000
122.13	0.0326990000
122.14	-0.0165380000
122.15	-0.0534730000
122.16	-0.0637970000
122.17	-0.0485320000
122.18	-0.0197490000
122.19	0.0071200000
122.2	0.0264680000
122.21	0.0381620000
122.22	0.0421070000
122.23	0.0399630000
122.24	0.0265960000
122.25	-0.0009548200
122.26	-0.0341970000
122.27	-0.0593610000
122.28	-0.0579510000
122.29	-0.0254880000
122.3	0.0193160000
122.31	0.0544640000
122.32	0.0652270000
122.33	0.0530710000
122.34	0.0272820000
122.35	-0.0052256000
122.36	-0.0261210000
122.37	-0.0221320000
122.38	-0.0003562300
122.39	0.0216860000
122.4	0.0249640000
122.41	0.0080871000
122.42	-0.0137290000
122.43	-0.0211990000
122.44	-0.0045131000
122.45	0.0208360000
122.46	0.0356530000
122.47	0.0366590000
122.48	0.0275010000
122.49	0.0108410000
122.5	-0.0181500000
122.51	-0.0579090000
122.52	-0.0862600000
122.53	-0.0802500000
122.54	-0.0395280000
122.55	0.0095275000
122.56	0.0387450000
122.57	0.0442440000
122.58	0.0375980000
122.59	0.0309720000
122.6	0.0277190000
122.61	0.0195130000
122.62	0.0050173000
122.63	-0.0080052000
122.64	-0.0168250000
122.65	-0.0198940000
122.66	-0.0197350000
122.67	-0.0206040000
122.68	-0.0179540000
122.69	-0.0126160000
122.7	-0.0174920000
122.71	-0.0365970000
122.72	-0.0468510000
122.73	-0.0208170000
122.74	0.0352280000
122.75	0.0889250000
122.76	0.1071200000
122.77	0.0746960000
122.78	0.0081860000
122.79	-0.0583240000
122.8	-0.0992130000
122.81	-0.1100500000
122.82	-0.0967640000
122.83	-0.0643920000
122.84	-0.0228980000
122.85	0.0176420000
122.86	0.0499590000
122.87	0.0607040000
122.88	0.0417090000
122.89	0.0109920000
122.9	-0.0036970000
122.91	0.0003758200
122.92	0.0061302000
122.93	0.0005291300
122.94	-0.0155150000
122.95	-0.0341830000
122.96	-0.0504550000
122.97	-0.0581590000
122.98	-0.0556520000
122.99	-0.0472520000
123	-0.0305480000
123.01	-0.0002468900
123.02	0.0397590000
123.03	0.0760720000
123.04	0.0952730000
123.05	0.0933360000
123.06	0.0742200000
123.07	0.0428700000
123.08	0.0077551000
123.09	-0.0196420000
123.1	-0.0298760000
123.11	-0.0172870000
123.12	0.0090160000
123.13	0.0240020000
123.14	0.0112570000
123.15	-0.0174410000
123.16	-0.0376370000
123.17	-0.0341010000
123.18	-0.0059124000
123.19	0.0283910000
123.2	0.0426290000
123.21	0.0282400000
123.22	-0.0001109000
123.23	-0.0228280000
123.24	-0.0338380000
123.25	-0.0364460000
123.26	-0.0281350000
123.27	-0.0063650000
123.28	0.0175730000
123.29	0.0294680000
123.3	0.0230330000
123.31	0.0078736000
123.32	0.0046016000
123.33	0.0139800000
123.34	0.0122400000
123.35	-0.0178320000
123.36	-0.0611270000
123.37	-0.0866630000
123.38	-0.0780880000
123.39	-0.0418690000
123.4	-0.0014266000
123.41	0.0257340000
123.42	0.0404980000
123.43	0.0470820000
123.44	0.0397080000
123.45	0.0112620000
123.46	-0.0306110000
123.47	-0.0652400000
123.48	-0.0749460000
123.49	-0.0566180000
123.5	-0.0224740000
123.51	0.0105570000
123.52	0.0336140000
123.53	0.0480250000
123.54	0.0576670000
123.55	0.0575440000
123.56	0.0408960000
123.57	0.0157890000
123.58	-0.0016550000
123.59	-0.0064346000
123.6	-0.0039358000
123.61	0.0027896000
123.62	0.0126790000
123.63	0.0243740000
123.64	0.0306890000
123.65	0.0250190000
123.66	0.0105300000
123.67	-0.0087281000
123.68	-0.0280180000
123.69	-0.0417720000
123.7	-0.0430130000
123.71	-0.0322760000
123.72	-0.0218130000
123.73	-0.0161620000
123.74	-0.0113410000
123.75	-0.0016996000
123.76	0.0152120000
123.77	0.0310210000
123.78	0.0350990000
123.79	0.0264750000
123.8	0.0100360000
123.81	-0.0133530000
123.82	-0.0421430000
123.83	-0.0682880000
123.84	-0.0851820000
123.85	-0.0822650000
123.86	-0.0490800000
123.87	0.0079804000
123.88	0.0726360000
123.89	0.1210900000
123.9	0.1322400000
123.91	0.0982980000
123.92	0.0288390000
123.93	-0.0417060000
123.94	-0.0816520000
123.95	-0.0851010000
123.96	-0.0678180000
123.97	-0.0466070000
123.98	-0.0213080000
123.99	0.0096082000
124	0.0370620000
124.01	0.0489630000
124.02	0.0424110000
124.03	0.0260430000
124.04	0.0083915000
124.05	-0.0079457000
124.06	-0.0245130000
124.07	-0.0394280000
124.08	-0.0399020000
124.09	-0.0203370000
124.1	0.0020669000
124.11	0.0091825000
124.12	0.0000482150
124.13	-0.0078293000
124.14	0.0083100000
124.15	0.0439700000
124.16	0.0702680000
124.17	0.0679160000
124.18	0.0403490000
124.19	0.0066580000
124.2	-0.0199140000
124.21	-0.0344800000
124.22	-0.0290930000
124.23	-0.0056255000
124.24	0.0192590000
124.25	0.0305960000
124.26	0.0234140000
124.27	0.0024479000
124.28	-0.0181080000
124.29	-0.0225280000
124.3	-0.0036061000
124.31	0.0236770000
124.32	0.0334220000
124.33	0.0202650000
124.34	0.0005492700
124.35	-0.0036900000
124.36	0.0120260000
124.37	0.0332410000
124.38	0.0430400000
124.39	0.0295920000
124.4	-0.0037968000
124.41	-0.0414850000
124.42	-0.0605690000
124.43	-0.0476020000
124.44	-0.0139640000
124.45	0.0188670000
124.46	0.0307050000
124.47	0.0150300000
124.48	-0.0142200000
124.49	-0.0327950000
124.5	-0.0228530000
124.51	0.0068458000
124.52	0.0317190000
124.53	0.0395520000
124.54	0.0352750000
124.55	0.0253660000
124.56	0.0103110000
124.57	-0.0030477000
124.58	-0.0075989000
124.59	-0.0118250000
124.6	-0.0277340000
124.61	-0.0525360000
124.62	-0.0649340000
124.63	-0.0455570000
124.64	-0.0015621000
124.65	0.0439290000
124.66	0.0696770000
124.67	0.0641850000
124.68	0.0311350000
124.69	-0.0114160000
124.7	-0.0381910000
124.71	-0.0404190000
124.72	-0.0290810000
124.73	-0.0166640000
124.74	-0.0080827000
124.75	-0.0008964000
124.76	0.0051248000
124.77	0.0126690000
124.78	0.0257990000
124.79	0.0403920000
124.8	0.0472620000
124.81	0.0356820000
124.82	0.0027097000
124.83	-0.0386510000
124.84	-0.0670530000
124.85	-0.0701380000
124.86	-0.0525080000
124.87	-0.0310180000
124.88	-0.0145650000
124.89	0.0015062000
124.9	0.0185150000
124.91	0.0364100000
124.92	0.0525010000
124.93	0.0626430000
124.94	0.0618510000
124.95	0.0374480000
124.96	-0.0102890000
124.97	-0.0597650000
124.98	-0.0866640000
124.99	-0.0796510000
125	-0.0475870000
125.01	-0.0110870000
125.02	0.0155080000
125.03	0.0313690000
125.04	0.0388700000
125.05	0.0346480000
125.06	0.0136810000
125.07	-0.0209510000
125.08	-0.0541010000
125.09	-0.0672580000
125.1	-0.0495140000
125.11	-0.0066547000
125.12	0.0417730000
125.13	0.0791180000
125.14	0.0931510000
125.15	0.0797900000
125.16	0.0508410000
125.17	0.0198190000
125.18	-0.0086384000
125.19	-0.0357510000
125.2	-0.0602570000
125.21	-0.0778420000
125.22	-0.0881770000
125.23	-0.0900820000
125.24	-0.0766950000
125.25	-0.0417140000
125.26	0.0046070000
125.27	0.0381930000
125.28	0.0529790000
125.29	0.0647020000
125.3	0.0808600000
125.31	0.0850940000
125.32	0.0592180000
125.33	0.0088860000
125.34	-0.0429340000
125.35	-0.0693140000
125.36	-0.0589120000
125.37	-0.0249960000
125.38	0.0119610000
125.39	0.0350810000
125.4	0.0435320000
125.41	0.0491730000
125.42	0.0546570000
125.43	0.0523020000
125.44	0.0364470000
125.45	0.0116610000
125.46	-0.0166890000
125.47	-0.0418670000
125.48	-0.0514360000
125.49	-0.0440350000
125.5	-0.0308530000
125.51	-0.0213690000
125.52	-0.0080303000
125.53	0.0192920000
125.54	0.0486430000
125.55	0.0582960000
125.56	0.0410530000
125.57	0.0135500000
125.58	-0.0099018000
125.59	-0.0286170000
125.6	-0.0384200000
125.61	-0.0356440000
125.62	-0.0205760000
125.63	0.0032063000
125.64	0.0261470000
125.65	0.0351130000
125.66	0.0266390000
125.67	0.0122960000
125.68	0.0005514700
125.69	-0.0079520000
125.7	-0.0096453000
125.71	0.0027278000
125.72	0.0335440000
125.73	0.0749680000
125.74	0.1052200000
125.75	0.1064500000
125.76	0.0723980000
125.77	0.0046073000
125.78	-0.0725850000
125.79	-0.1171900000
125.8	-0.1089000000
125.81	-0.0660890000
125.82	-0.0207300000
125.83	0.0061781000
125.84	0.0095600000
125.85	-0.0030887000
125.86	-0.0205450000
125.87	-0.0296410000
125.88	-0.0216930000
125.89	-0.0018736000
125.9	0.0204110000
125.91	0.0360700000
125.92	0.0315610000
125.93	0.0074876000
125.94	-0.0116440000
125.95	-0.0066883000
125.96	0.0165020000
125.97	0.0371260000
125.98	0.0410560000
125.99	0.0260150000
126	-0.0073851000
126.01	-0.0471910000
126.02	-0.0735200000
126.03	-0.0753450000
126.04	-0.0495050000
126.05	-0.0052713000
126.06	0.0350930000
126.07	0.0585490000
126.08	0.0652250000
126.09	0.0570540000
126.1	0.0364120000
126.11	0.0040077000
126.12	-0.0314520000
126.13	-0.0498080000
126.14	-0.0384670000
126.15	-0.0050203000
126.16	0.0258640000
126.17	0.0343420000
126.18	0.0223500000
126.19	0.0088665000
126.2	0.0158440000
126.21	0.0411640000
126.22	0.0583870000
126.23	0.0548700000
126.24	0.0395320000
126.25	0.0260650000
126.26	0.0189590000
126.27	0.0090558000
126.28	-0.0073490000
126.29	-0.0242690000
126.3	-0.0376820000
126.31	-0.0486580000
126.32	-0.0585610000
126.33	-0.0585180000
126.34	-0.0370910000
126.35	0.0037444000
126.36	0.0475430000
126.37	0.0678340000
126.38	0.0465700000
126.39	-0.0090097000
126.4	-0.0663880000
126.41	-0.0829290000
126.42	-0.0448800000
126.43	0.0219530000
126.44	0.0733010000
126.45	0.0740900000
126.46	0.0265360000
126.47	-0.0386670000
126.48	-0.0834030000
126.49	-0.0852110000
126.5	-0.0557160000
126.51	-0.0194400000
126.52	0.0063050000
126.53	0.0157780000
126.54	0.0157170000
126.55	0.0112180000
126.56	0.0065833000
126.57	0.0042960000
126.58	-0.0035588000
126.59	-0.0174970000
126.6	-0.0241390000
126.61	-0.0154550000
126.62	0.0023098000
126.63	0.0219850000
126.64	0.0368530000
126.65	0.0376780000
126.66	0.0268140000
126.67	0.0157750000
126.68	0.0083494000
126.69	-0.0040612000
126.7	-0.0251550000
126.71	-0.0454650000
126.72	-0.0526830000
126.73	-0.0395850000
126.74	-0.0164530000
126.75	0.0004346800
126.76	0.0094381000
126.77	0.0170230000
126.78	0.0313400000
126.79	0.0531810000
126.8	0.0714620000
126.81	0.0724720000
126.82	0.0496700000
126.83	0.0127660000
126.84	-0.0233150000
126.85	-0.0508490000
126.86	-0.0645280000
126.87	-0.0613870000
126.88	-0.0468470000
126.89	-0.0295710000
126.9	-0.0103220000
126.91	0.0107630000
126.92	0.0280940000
126.93	0.0329900000
126.94	0.0152750000
126.95	-0.0224780000
126.96	-0.0591800000
126.97	-0.0729710000
126.98	-0.0642770000
126.99	-0.0509540000
127	-0.0385320000
127.01	-0.0157310000
127.02	0.0202880000
127.03	0.0510060000
127.04	0.0572030000
127.05	0.0400010000
127.06	0.0104270000
127.07	-0.0220710000
127.08	-0.0429020000
127.09	-0.0375600000
127.1	-0.0065843000
127.11	0.0331430000
127.12	0.0568050000
127.13	0.0484220000
127.14	0.0167980000
127.15	-0.0144540000
127.16	-0.0300140000
127.17	-0.0245620000
127.18	-0.0010768000
127.19	0.0234450000
127.2	0.0339820000
127.21	0.0291620000
127.22	0.0170100000
127.23	0.0088770000
127.24	0.0072141000
127.25	0.0100110000
127.26	0.0133350000
127.27	0.0154030000
127.28	0.0178520000
127.29	0.0135700000
127.3	0.0015808000
127.31	-0.0129920000
127.32	-0.0264680000
127.33	-0.0308680000
127.34	-0.0248990000
127.35	-0.0143390000
127.36	-0.0015566000
127.37	0.0144370000
127.38	0.0310040000
127.39	0.0425390000
127.4	0.0434430000
127.41	0.0333650000
127.42	0.0170030000
127.43	-0.0018113000
127.44	-0.0178840000
127.45	-0.0266510000
127.46	-0.0246090000
127.47	-0.0126780000
127.48	0.0024197000
127.49	0.0144040000
127.5	0.0199650000
127.51	0.0213040000
127.52	0.0219300000
127.53	0.0167660000
127.54	-0.0027081000
127.55	-0.0332810000
127.56	-0.0561250000
127.57	-0.0493320000
127.58	-0.0098536000
127.59	0.0395440000
127.6	0.0637570000
127.61	0.0481070000
127.62	0.0088609000
127.63	-0.0307030000
127.64	-0.0504450000
127.65	-0.0451490000
127.66	-0.0236090000
127.67	0.0016097000
127.68	0.0187070000
127.69	0.0267990000
127.7	0.0272230000
127.71	0.0209980000
127.72	0.0119030000
127.73	0.0026473000
127.74	-0.0026148000
127.75	-0.0047084000
127.76	-0.0108750000
127.77	-0.0266810000
127.78	-0.0503890000
127.79	-0.0675480000
127.8	-0.0636620000
127.81	-0.0443330000
127.82	-0.0249680000
127.83	-0.0120850000
127.84	-0.0036496000
127.85	0.0045588000
127.86	0.0109750000
127.87	0.0084459000
127.88	-0.0036626000
127.89	-0.0143960000
127.9	-0.0131200000
127.91	-0.0016304000
127.92	0.0098272000
127.93	0.0160090000
127.94	0.0236320000
127.95	0.0398010000
127.96	0.0524440000
127.97	0.0391470000
127.98	-0.0012616000
127.99	-0.0456550000
128	-0.0645530000
128.01	-0.0482090000
128.02	-0.0152850000
128.03	0.0143910000
128.04	0.0291700000
128.05	0.0266390000
128.06	0.0139820000
128.07	-0.0014447000
128.08	-0.0105200000
128.09	-0.0068489000
128.1	0.0084212000
128.11	0.0310230000
128.12	0.0439850000
128.13	0.0248270000
128.14	-0.0204990000
128.15	-0.0607770000
128.16	-0.0666280000
128.17	-0.0342420000
128.18	0.0125020000
128.19	0.0489320000
128.2	0.0611550000
128.21	0.0528620000
128.22	0.0365450000
128.23	0.0152200000
128.24	-0.0085104000
128.25	-0.0281070000
128.26	-0.0362400000
128.27	-0.0273190000
128.28	-0.0052376000
128.29	0.0170180000
128.3	0.0269250000
128.31	0.0240760000
128.32	0.0163960000
128.33	0.0078468000
128.34	-0.0012852000
128.35	-0.0119620000
128.36	-0.0227360000
128.37	-0.0306210000
128.38	-0.0357260000
128.39	-0.0349410000
128.4	-0.0263750000
128.41	-0.0151030000
128.42	-0.0033422000
128.43	0.0085737000
128.44	0.0201510000
128.45	0.0316110000
128.46	0.0376640000
128.47	0.0332290000
128.48	0.0218050000
128.49	0.0083601000
128.5	-0.0066981000
128.51	-0.0210450000
128.52	-0.0258340000
128.53	-0.0135580000
128.54	0.0118190000
128.55	0.0383990000
128.56	0.0529840000
128.57	0.0444610000
128.58	0.0120850000
128.59	-0.0310930000
128.6	-0.0651770000
128.61	-0.0758030000
128.62	-0.0627270000
128.63	-0.0384620000
128.64	-0.0155100000
128.65	0.0045849000
128.66	0.0247590000
128.67	0.0376690000
128.68	0.0326720000
128.69	0.0155780000
128.7	0.0002739200
128.71	-0.0078853000
128.72	-0.0153100000
128.73	-0.0274940000
128.74	-0.0377990000
128.75	-0.0426070000
128.76	-0.0457940000
128.77	-0.0489230000
128.78	-0.0491090000
128.79	-0.0395860000
128.8	-0.0139370000
128.81	0.0275940000
128.82	0.0720310000
128.83	0.1005100000
128.84	0.0997390000
128.85	0.0670890000
128.86	0.0153870000
128.87	-0.0370390000
128.88	-0.0771750000
128.89	-0.0943170000
128.9	-0.0832160000
128.91	-0.0475770000
128.92	-0.0002348400
128.93	0.0398810000
128.94	0.0607580000
128.95	0.0627180000
128.96	0.0508310000
128.97	0.0285350000
128.98	-0.0001573000
128.99	-0.0264640000
129	-0.0387580000
129.01	-0.0291030000
129.02	-0.0006502800
129.03	0.0287790000
129.04	0.0366500000
129.05	0.0193580000
129.06	-0.0049898000
129.07	-0.0183720000
129.08	-0.0179310000
129.09	-0.0166280000
129.1	-0.0224870000
129.11	-0.0254110000
129.12	-0.0158830000
129.13	0.0021828000
129.14	0.0188970000
129.15	0.0279070000
129.16	0.0254090000
129.17	0.0127820000
129.18	0.0009339000
129.19	-0.0012504000
129.2	0.0107320000
129.21	0.0362000000
129.22	0.0644830000
129.23	0.0728550000
129.24	0.0454940000
129.25	-0.0005256600
129.26	-0.0418520000
129.27	-0.0573460000
129.28	-0.0376120000
129.29	-0.0077543000
129.3	0.0105220000
129.31	0.0074080000
129.32	-0.0180310000
129.33	-0.0470740000
129.34	-0.0586050000
129.35	-0.0451030000
129.36	-0.0112130000
129.37	0.0412000000
129.38	0.0868540000
129.39	0.0884000000
129.4	0.0511200000
129.41	0.0046569000
129.42	-0.0237010000
129.43	-0.0288370000
129.44	-0.0229760000
129.45	-0.0110300000
129.46	-0.0043776000
129.47	-0.0042706000
129.48	0.0015249000
129.49	0.0114940000
129.5	0.0179850000
129.51	0.0098561000
129.52	-0.0101850000
129.53	-0.0193490000
129.54	-0.0137520000
129.55	-0.0044108000
129.56	-0.0028816000
129.57	-0.0177480000
129.58	-0.0365210000
129.59	-0.0412680000
129.6	-0.0254050000
129.61	-0.0014378000
129.62	0.0147380000
129.63	0.0259370000
129.64	0.0338790000
129.65	0.0328580000
129.66	0.0164970000
129.67	-0.0073137000
129.68	-0.0238960000
129.69	-0.0364850000
129.7	-0.0433310000
129.71	-0.0336410000
129.72	-0.0088157000
129.73	0.0113270000
129.74	0.0068523000
129.75	-0.0110880000
129.76	-0.0183760000
129.77	-0.0099794000
129.78	-0.0000613870
129.79	0.0058115000
129.8	0.0186530000
129.81	0.0364920000
129.82	0.0486450000
129.83	0.0485410000
129.84	0.0364030000
129.85	0.0224390000
129.86	0.0181690000
129.87	0.0286290000
129.88	0.0395450000
129.89	0.0341630000
129.9	0.0124140000
129.91	-0.0176830000
129.92	-0.0409710000
129.93	-0.0429750000
129.94	-0.0185740000
129.95	0.0222370000
129.96	0.0566500000
129.97	0.0661690000
129.98	0.0482300000
129.99	0.0130590000
130	-0.0236480000
130.01	-0.0458200000
130.02	-0.0457790000
130.03	-0.0226430000
130.04	0.0012522000
130.05	-0.0091743000
130.06	-0.0491560000
130.07	-0.0826940000
130.08	-0.0817010000
130.09	-0.0487000000
130.1	-0.0029783000
130.11	0.0338940000
130.12	0.0389870000
130.13	0.0248200000
130.14	0.0079210000
130.15	-0.0252860000
130.16	-0.0597980000
130.17	-0.0643460000
130.18	-0.0386740000
130.19	0.0023618000
130.2	0.0335090000
130.21	0.0407980000
130.22	0.0378240000
130.23	0.0424040000
130.24	0.0559430000
130.25	0.0509230000
130.26	0.0189310000
130.27	-0.0191170000
130.28	-0.0406590000
130.29	-0.0153770000
130.3	0.0401810000
130.31	0.0710020000
130.32	0.0626960000
130.33	0.0338690000
130.34	0.0091011000
130.35	0.0042285000
130.36	0.0059182000
130.37	-0.0019372000
130.38	-0.0123970000
130.39	-0.0111000000
130.4	0.0052327000
130.41	0.0184150000
130.42	0.0148390000
130.43	-0.0047387000
130.44	-0.0418830000
130.45	-0.0756490000
130.46	-0.0719230000
130.47	-0.0236570000
130.48	0.0545840000
130.49	0.1197300000
130.5	0.1178300000
130.51	0.0483360000
130.52	-0.0437450000
130.53	-0.0987900000
130.54	-0.0796440000
130.55	-0.0108670000
130.56	0.0563350000
130.57	0.0823860000
130.58	0.0580040000
130.59	0.0022119000
130.6	-0.0486530000
130.61	-0.0616450000
130.62	-0.0322120000
130.63	0.0214580000
130.64	0.0588050000
130.65	0.0534350000
130.66	0.0135010000
130.67	-0.0342010000
130.68	-0.0545700000
130.69	-0.0410750000
130.7	-0.0064718000
130.71	0.0304860000
130.72	0.0388820000
130.73	0.0195430000
130.74	0.0092392000
130.75	0.0246060000
130.76	0.0445130000
130.77	0.0360360000
130.78	-0.0063181000
130.79	-0.0509660000
130.8	-0.0697400000
130.81	-0.0597060000
130.82	-0.0388050000
130.83	-0.0213590000
130.84	-0.0041109000
130.85	0.0123460000
130.86	0.0230430000
130.87	0.0300550000
130.88	0.0416480000
130.89	0.0557890000
130.9	0.0574130000
130.91	0.0342080000
130.92	-0.0090326000
130.93	-0.0469300000
130.94	-0.0654820000
130.95	-0.0725030000
130.96	-0.0631550000
130.97	-0.0228150000
130.98	0.0346530000
130.99	0.0770190000
131	0.0848000000
131.01	0.0545290000
131.02	0.0026744000
131.03	-0.0420830000
131.04	-0.0661160000
131.05	-0.0666910000
131.06	-0.0428190000
131.07	-0.0099038000
131.08	0.0113760000
131.09	0.0142620000
131.1	0.0087266000
131.11	0.0090274000
131.12	0.0252820000
131.13	0.0492610000
131.14	0.0501620000
131.15	0.0236860000
131.16	-0.0077950000
131.17	-0.0305790000
131.18	-0.0342360000
131.19	-0.0179330000
131.2	-0.0021878000
131.21	-0.0064651000
131.22	-0.0183750000
131.23	-0.0171470000
131.24	-0.0057061000
131.25	0.0057574000
131.26	0.0094869000
131.27	0.0032152000
131.28	-0.0136790000
131.29	-0.0458020000
131.3	-0.0776960000
131.31	-0.0799820000
131.32	-0.0457210000
131.33	0.0053503000
131.34	0.0443760000
131.35	0.0510260000
131.36	0.0307840000
131.37	0.0061149000
131.38	-0.0081121000
131.39	-0.0117030000
131.4	-0.0110280000
131.41	-0.0077269000
131.42	-0.0073812000
131.43	-0.0135590000
131.44	-0.0166130000
131.45	-0.0104830000
131.46	0.0031556000
131.47	0.0178760000
131.48	0.0227860000
131.49	0.0033484000
131.5	-0.0361020000
131.51	-0.0618780000
131.52	-0.0548610000
131.53	-0.0219640000
131.54	0.0178830000
131.55	0.0418700000
131.56	0.0433840000
131.57	0.0271210000
131.58	0.0021609000
131.59	-0.0184930000
131.6	-0.0247690000
131.61	-0.0158860000
131.62	-0.0096668000
131.63	-0.0191830000
131.64	-0.0306590000
131.65	-0.0310400000
131.66	-0.0160630000
131.67	0.0092618000
131.68	0.0268500000
131.69	0.0305690000
131.7	0.0205470000
131.71	0.0025828000
131.72	-0.0146150000
131.73	-0.0278070000
131.74	-0.0262940000
131.75	-0.0188240000
131.76	-0.0238260000
131.77	-0.0424200000
131.78	-0.0622980000
131.79	-0.0596170000
131.8	-0.0297030000
131.81	0.0043874000
131.82	0.0166960000
131.83	0.0033815000
131.84	-0.0165370000
131.85	-0.0242310000
131.86	-0.0124770000
131.87	0.0118410000
131.88	0.0362890000
131.89	0.0466890000
131.9	0.0303140000
131.91	-0.0126760000
131.92	-0.0665930000
131.93	-0.1053100000
131.94	-0.1151800000
131.95	-0.1036100000
131.96	-0.0742400000
131.97	-0.0282730000
131.98	0.0234050000
131.99	0.0631320000
132	0.0694200000
132.01	0.0409980000
132.02	0.0005934500
132.03	-0.0303460000
132.04	-0.0416930000
132.05	-0.0341800000
132.06	-0.0098267000
132.07	0.0231490000
132.08	0.0418880000
132.09	0.0310000000
132.1	-0.0009288000
132.11	-0.0280750000
132.12	-0.0284950000
132.13	-0.0047546000
132.14	0.0262080000
132.15	0.0481290000
132.16	0.0490870000
132.17	0.0276650000
132.18	-0.0004600200
132.19	-0.0138700000
132.2	-0.0132310000
132.21	-0.0052461000
132.22	0.0118530000
132.23	0.0372250000
132.24	0.0669150000
132.25	0.0813930000
132.26	0.0708430000
132.27	0.0437610000
132.28	-0.0023326000
132.29	-0.0580190000
132.3	-0.0868850000
132.31	-0.0621480000
132.32	-0.0067295000
132.33	0.0384880000
132.34	0.0578430000
132.35	0.0440190000
132.36	0.0058445000
132.37	-0.0245510000
132.38	-0.0191110000
132.39	0.0082440000
132.4	0.0222320000
132.41	0.0243010000
132.42	0.0175180000
132.43	-0.0117120000
132.44	-0.0594870000
132.45	-0.0992850000
132.46	-0.1009600000
132.47	-0.0631270000
132.48	-0.0069848000
132.49	0.0421270000
132.5	0.0738640000
132.51	0.0956590000
132.52	0.0995680000
132.53	0.0734310000
132.54	0.0281890000
132.55	-0.0169450000
132.56	-0.0459490000
132.57	-0.0386740000
132.58	0.0067095000
132.59	0.0566460000
132.6	0.0799930000
132.61	0.0642680000
132.62	0.0144260000
132.63	-0.0406200000
132.64	-0.0751630000
132.65	-0.0727030000
132.66	-0.0324510000
132.67	0.0148170000
132.68	0.0460940000
132.69	0.0574700000
132.7	0.0527550000
132.71	0.0428940000
132.72	0.0323370000
132.73	0.0234900000
132.74	0.0114960000
132.75	-0.0041062000
132.76	-0.0190290000
132.77	-0.0374490000
132.78	-0.0474320000
132.79	-0.0405470000
132.8	-0.0190680000
132.81	0.0117670000
132.82	0.0297480000
132.83	0.0198910000
132.84	-0.0145130000
132.85	-0.0489360000
132.86	-0.0542620000
132.87	-0.0287360000
132.88	0.0058286000
132.89	0.0255410000
132.9	0.0259220000
132.91	0.0116420000
132.92	-0.0070596000
132.93	-0.0130900000
132.94	0.0006722500
132.95	0.0204400000
132.96	0.0221190000
132.97	0.0019724000
132.98	-0.0291080000
132.99	-0.0490810000
133	-0.0401900000
133.01	-0.0149870000
133.02	0.0149450000
133.03	0.0451000000
133.04	0.0681150000
133.05	0.0791060000
133.06	0.0690300000
133.07	0.0385710000
133.08	0.0058527000
133.09	-0.0123990000
133.1	-0.0185110000
133.11	-0.0261610000
133.12	-0.0346310000
133.13	-0.0339580000
133.14	-0.0177970000
133.15	0.0132600000
133.16	0.0428930000
133.17	0.0542700000
133.18	0.0457940000
133.19	0.0263660000
133.2	0.0031404000
133.21	-0.0190740000
133.22	-0.0326760000
133.23	-0.0311090000
133.24	-0.0073702000
133.25	0.0275450000
133.26	0.0483440000
133.27	0.0473530000
133.28	0.0316140000
133.29	0.0173040000
133.3	0.0163330000
133.31	0.0236550000
133.32	0.0306830000
133.33	0.0337030000
133.34	0.0323450000
133.35	0.0202100000
133.36	-0.0021314000
133.37	-0.0197640000
133.38	-0.0271080000
133.39	-0.0277770000
133.4	-0.0269050000
133.41	-0.0263200000
133.42	-0.0242630000
133.43	-0.0220310000
133.44	-0.0188540000
133.45	-0.0149560000
133.46	-0.0048828000
133.47	0.0115460000
133.48	0.0074026000
133.49	-0.0294990000
133.5	-0.0685610000
133.51	-0.0667690000
133.52	-0.0156350000
133.53	0.0497890000
133.54	0.0909940000
133.55	0.0881930000
133.56	0.0545330000
133.57	0.0201530000
133.58	-0.0010286000
133.59	-0.0103310000
133.6	-0.0137990000
133.61	-0.0078448000
133.62	0.0110980000
133.63	0.0298430000
133.64	0.0327270000
133.65	0.0251560000
133.66	0.0269720000
133.67	0.0337900000
133.68	0.0301700000
133.69	0.0220000000
133.7	0.0158520000
133.71	0.0191640000
133.72	0.0328020000
133.73	0.0363110000
133.74	0.0226480000
133.75	0.0100030000
133.76	0.0222070000
133.77	0.0490440000
133.78	0.0502050000
133.79	0.0209170000
133.8	-0.0098800000
133.81	-0.0188370000
133.82	-0.0057460000
133.83	0.0070488000
133.84	0.0070778000
133.85	-0.0008843100
133.86	-0.0058408000
133.87	0.0044873000
133.88	0.0225830000
133.89	0.0262780000
133.9	0.0116180000
133.91	-0.0063641000
133.92	-0.0221400000
133.93	-0.0365880000
133.94	-0.0422500000
133.95	-0.0334470000
133.96	-0.0148120000
133.97	0.0049360000
133.98	0.0220920000
133.99	0.0257190000
134	0.0055676000
134.01	-0.0243120000
134.02	-0.0458300000
134.03	-0.0605240000
134.04	-0.0705480000
134.05	-0.0655570000
134.06	-0.0377220000
134.07	0.0087483000
134.08	0.0476850000
134.09	0.0580170000
134.1	0.0492130000
134.11	0.0340210000
134.12	0.0170370000
134.13	-0.0009894600
134.14	-0.0160590000
134.15	-0.0215150000
134.16	-0.0212340000
134.17	-0.0263080000
134.18	-0.0394940000
134.19	-0.0465040000
134.2	-0.0319730000
134.21	0.0019698000
134.22	0.0373100000
134.23	0.0514580000
134.24	0.0381710000
134.25	0.0110460000
134.26	-0.0130550000
134.27	-0.0224800000
134.28	-0.0217550000
134.29	-0.0194630000
134.3	-0.0150510000
134.31	-0.0121990000
134.32	-0.0087356000
134.33	0.0036976000
134.34	0.0246160000
134.35	0.0410090000
134.36	0.0336830000
134.37	0.0075528000
134.38	-0.0127120000
134.39	-0.0143440000
134.4	-0.0015139000
134.41	0.0113670000
134.42	0.0149070000
134.43	0.0113850000
134.44	0.0065989000
134.45	0.0007430700
134.46	-0.0088893000
134.47	-0.0168390000
134.48	-0.0150770000
134.49	-0.0060723000
134.5	-0.0043924000
134.51	-0.0131180000
134.52	-0.0156170000
134.53	-0.0068117000
134.54	0.0027039000
134.55	-0.0013086000
134.56	-0.0222340000
134.57	-0.0389670000
134.58	-0.0356180000
134.59	-0.0190320000
134.6	-0.0049407000
134.61	0.0014549000
134.62	0.0051998000
134.63	0.0022062000
134.64	-0.0070244000
134.65	-0.0143440000
134.66	-0.0162120000
134.67	-0.0120730000
134.68	-0.0076799000
134.69	-0.0065374000
134.7	-0.0020756000
134.71	0.0059868000
134.72	0.0067642000
134.73	-0.0003410800
134.74	-0.0058459000
134.75	-0.0064466000
134.76	-0.0101720000
134.77	-0.0217090000
134.78	-0.0313730000
134.79	-0.0310940000
134.8	-0.0161450000
134.81	0.0105290000
134.82	0.0344980000
134.83	0.0453420000
134.84	0.0388080000
134.85	0.0150180000
134.86	-0.0183730000
134.87	-0.0446180000
134.88	-0.0477370000
134.89	-0.0236450000
134.9	0.0169030000
134.91	0.0539190000
134.92	0.0717050000
134.93	0.0651120000
134.94	0.0425260000
134.95	0.0154980000
134.96	-0.0129980000
134.97	-0.0412380000
134.98	-0.0610160000
134.99	-0.0581040000
135	-0.0283970000
135.01	0.0028639000
135.02	0.0025290000
135.03	-0.0288780000
135.04	-0.0572600000
135.05	-0.0536910000
135.06	-0.0232920000
135.07	0.0081629000
135.08	0.0186020000
135.09	0.0101330000
135.1	0.0025761000
135.11	-0.0031725000
135.12	-0.0162910000
135.13	-0.0361200000
135.14	-0.0466590000
135.15	-0.0339260000
135.16	-0.0158870000
135.17	-0.0093677000
135.18	-0.0121240000
135.19	-0.0150540000
135.2	-0.0062229000
135.21	0.0109500000
135.22	0.0241340000
135.23	0.0247950000
135.24	0.0228460000
135.25	0.0391280000
135.26	0.0654480000
135.27	0.0715490000
135.28	0.0427370000
135.29	-0.0015742000
135.3	-0.0358540000
135.31	-0.0547910000
135.32	-0.0629000000
135.33	-0.0653090000
135.34	-0.0527120000
135.35	-0.0211340000
135.36	0.0109760000
135.37	0.0263770000
135.38	0.0272160000
135.39	0.0275350000
135.4	0.0187250000
135.41	-0.0029852000
135.42	-0.0151810000
135.43	-0.0078571000
135.44	0.0103990000
135.45	0.0133970000
135.46	-0.0146910000
135.47	-0.0531640000
135.48	-0.0674510000
135.49	-0.0386120000
135.5	0.0136040000
135.51	0.0544050000
135.52	0.0681270000
135.53	0.0555800000
135.54	0.0259940000
135.55	-0.0096286000
135.56	-0.0350580000
135.57	-0.0325330000
135.58	-0.0004089900
135.59	0.0379240000
135.6	0.0522970000
135.61	0.0341440000
135.62	-0.0028752000
135.63	-0.0289170000
135.64	-0.0255490000
135.65	-0.0022311000
135.66	0.0190050000
135.67	0.0137670000
135.68	-0.0176880000
135.69	-0.0508810000
135.7	-0.0569820000
135.71	-0.0275020000
135.72	0.0098416000
135.73	0.0284290000
135.74	0.0196760000
135.75	-0.0059932000
135.76	-0.0232400000
135.77	-0.0220000000
135.78	-0.0089392000
135.79	0.0062749000
135.8	0.0165270000
135.81	0.0153200000
135.82	0.0013584000
135.83	-0.0118070000
135.84	-0.0118190000
135.85	0.0001532600
135.86	0.0122500000
135.87	0.0135820000
135.88	0.0013051000
135.89	-0.0194690000
135.9	-0.0284080000
135.91	-0.0109400000
135.92	0.0209650000
135.93	0.0482880000
135.94	0.0642530000
135.95	0.0646050000
135.96	0.0397100000
135.97	-0.0060068000
135.98	-0.0464410000
135.99	-0.0573250000
136	-0.0402600000
136.01	-0.0137900000
136.02	0.0087185000
136.03	0.0244770000
136.04	0.0360450000
136.05	0.0395990000
136.06	0.0285020000
136.07	0.0034340000
136.08	-0.0258260000
136.09	-0.0428650000
136.1	-0.0365800000
136.11	-0.0085804000
136.12	0.0226060000
136.13	0.0325030000
136.14	0.0147550000
136.15	-0.0154480000
136.16	-0.0383230000
136.17	-0.0490810000
136.18	-0.0490210000
136.19	-0.0342430000
136.2	-0.0109900000
136.21	0.0065878000
136.22	0.0109880000
136.23	0.0065192000
136.24	0.0030673000
136.25	0.0023190000
136.26	0.0032285000
136.27	0.0084968000
136.28	0.0164910000
136.29	0.0183750000
136.3	0.0053825000
136.31	-0.0181560000
136.32	-0.0345680000
136.33	-0.0289640000
136.34	-0.0019206000
136.35	0.0311380000
136.36	0.0536880000
136.37	0.0595780000
136.38	0.0470590000
136.39	0.0151270000
136.4	-0.0279500000
136.41	-0.0664940000
136.42	-0.0838210000
136.43	-0.0677620000
136.44	-0.0241230000
136.45	0.0248500000
136.46	0.0573550000
136.47	0.0622610000
136.48	0.0421660000
136.49	0.0070778000
136.5	-0.0313800000
136.51	-0.0581280000
136.52	-0.0627650000
136.53	-0.0481610000
136.54	-0.0229140000
136.55	0.0025713000
136.56	0.0184500000
136.57	0.0219790000
136.58	0.0176020000
136.59	0.0127150000
136.6	0.0067380000
136.61	-0.0033240000
136.62	-0.0147890000
136.63	-0.0268510000
136.64	-0.0359890000
136.65	-0.0384610000
136.66	-0.0303700000
136.67	-0.0069077000
136.68	0.0201530000
136.69	0.0312930000
136.7	0.0248080000
136.71	0.0121200000
136.72	-0.0045704000
136.73	-0.0316010000
136.74	-0.0656180000
136.75	-0.0881150000
136.76	-0.0808030000
136.77	-0.0418520000
136.78	0.0155350000
136.79	0.0660780000
136.8	0.0863960000
136.81	0.0770260000
136.82	0.0515690000
136.83	0.0183410000
136.84	-0.0153050000
136.85	-0.0380260000
136.86	-0.0398980000
136.87	-0.0249720000
136.88	-0.0079022000
136.89	0.0027841000
136.9	0.0112680000
136.91	0.0265970000
136.92	0.0446330000
136.93	0.0497640000
136.94	0.0373040000
136.95	0.0216820000
136.96	0.0155280000
136.97	0.0133160000
136.98	0.0052662000
136.99	-0.0110850000
137	-0.0318700000
137.01	-0.0444010000
137.02	-0.0314830000
137.03	0.0099414000
137.04	0.0593530000
137.05	0.0862480000
137.06	0.0734940000
137.07	0.0275890000
137.08	-0.0299990000
137.09	-0.0738670000
137.1	-0.0870550000
137.11	-0.0687710000
137.12	-0.0305800000
137.13	0.0076729000
137.14	0.0257180000
137.15	0.0184530000
137.16	0.0001289000
137.17	-0.0097295000
137.18	-0.0040980000
137.19	0.0073672000
137.2	0.0101850000
137.21	-0.0042647000
137.22	-0.0273440000
137.23	-0.0348150000
137.24	-0.0152140000
137.25	0.0175440000
137.26	0.0448880000
137.27	0.0619310000
137.28	0.0686900000
137.29	0.0592090000
137.3	0.0312910000
137.31	-0.0036805000
137.32	-0.0274320000
137.33	-0.0345350000
137.34	-0.0288200000
137.35	-0.0063661000
137.36	0.0312420000
137.37	0.0723900000
137.38	0.0977790000
137.39	0.0864690000
137.4	0.0418840000
137.41	-0.0122300000
137.42	-0.0522950000
137.43	-0.0698530000
137.44	-0.0706430000
137.45	-0.0560620000
137.46	-0.0274570000
137.47	0.0050569000
137.48	0.0307880000
137.49	0.0455260000
137.5	0.0481060000
137.51	0.0376000000
137.52	0.0210810000
137.53	0.0101520000
137.54	0.0040429000
137.55	-0.0041048000
137.56	-0.0131350000
137.57	-0.0188520000
137.58	-0.0196330000
137.59	-0.0131060000
137.6	0.0021508000
137.61	0.0169610000
137.62	0.0245290000
137.63	0.0268870000
137.64	0.0237780000
137.65	0.0156730000
137.66	0.0037081000
137.67	-0.0062859000
137.68	-0.0104820000
137.69	-0.0138680000
137.7	-0.0172160000
137.71	-0.0205180000
137.72	-0.0277120000
137.73	-0.0378950000
137.74	-0.0386440000
137.75	-0.0163730000
137.76	0.0251510000
137.77	0.0642040000
137.78	0.0727710000
137.79	0.0378270000
137.8	-0.0206840000
137.81	-0.0648180000
137.82	-0.0739890000
137.83	-0.0552530000
137.84	-0.0232830000
137.85	0.0107690000
137.86	0.0365060000
137.87	0.0482780000
137.88	0.0460570000
137.89	0.0310570000
137.9	0.0072775000
137.91	-0.0176430000
137.92	-0.0329920000
137.93	-0.0301350000
137.94	-0.0114890000
137.95	0.0112320000
137.96	0.0270850000
137.97	0.0316670000
137.98	0.0269000000
137.99	0.0198230000
138	0.0173120000
138.01	0.0174730000
138.02	0.0160290000
138.03	0.0144080000
138.04	0.0122120000
138.05	0.0062453000
138.06	-0.0040559000
138.07	-0.0136490000
138.08	-0.0168000000
138.09	-0.0145080000
138.1	-0.0092077000
138.11	-0.0004828500
138.12	0.0098886000
138.13	0.0152690000
138.14	0.0116560000
138.15	0.0006635400
138.16	-0.0119200000
138.17	-0.0160480000
138.18	-0.0058819000
138.19	0.0130860000
138.2	0.0265140000
138.21	0.0235800000
138.22	0.0069093000
138.23	-0.0113570000
138.24	-0.0204620000
138.25	-0.0215680000
138.26	-0.0228200000
138.27	-0.0231210000
138.28	-0.0127680000
138.29	0.0106580000
138.3	0.0377030000
138.31	0.0534190000
138.32	0.0438490000
138.33	0.0084732000
138.34	-0.0318960000
138.35	-0.0483730000
138.36	-0.0296790000
138.37	0.0071080000
138.38	0.0329530000
138.39	0.0308550000
138.4	0.0054072000
138.41	-0.0250200000
138.42	-0.0407990000
138.43	-0.0319130000
138.44	-0.0061985000
138.45	0.0169290000
138.46	0.0275580000
138.47	0.0278520000
138.48	0.0177360000
138.49	-0.0023082000
138.5	-0.0249110000
138.51	-0.0348440000
138.52	-0.0204140000
138.53	0.0100780000
138.54	0.0391130000
138.55	0.0521240000
138.56	0.0465820000
138.57	0.0319800000
138.58	0.0115120000
138.59	-0.0133980000
138.6	-0.0360110000
138.61	-0.0470480000
138.62	-0.0394460000
138.63	-0.0164790000
138.64	0.0094708000
138.65	0.0236190000
138.66	0.0192750000
138.67	-0.0010445000
138.68	-0.0252660000
138.69	-0.0387890000
138.7	-0.0359670000
138.71	-0.0184320000
138.72	0.0024709000
138.73	0.0163410000
138.74	0.0208680000
138.75	0.0195820000
138.76	0.0176420000
138.77	0.0102720000
138.78	-0.0044246000
138.79	-0.0219750000
138.8	-0.0403760000
138.81	-0.0511540000
138.82	-0.0460080000
138.83	-0.0303200000
138.84	-0.0164040000
138.85	-0.0071725000
138.86	0.0044061000
138.87	0.0155680000
138.88	0.0153950000
138.89	0.0051694000
138.9	-0.0024079000
138.91	0.0028231000
138.92	0.0184470000
138.93	0.0334900000
138.94	0.0381400000
138.95	0.0274460000
138.96	0.0053542000
138.97	-0.0161220000
138.98	-0.0246150000
138.99	-0.0138170000
139	0.0130140000
139.01	0.0437220000
139.02	0.0625060000
139.03	0.0592110000
139.04	0.0388030000
139.05	0.0115580000
139.06	-0.0157790000
139.07	-0.0358860000
139.08	-0.0422290000
139.09	-0.0282640000
139.1	0.0032290000
139.11	0.0343460000
139.12	0.0431310000
139.13	0.0213300000
139.14	-0.0157590000
139.15	-0.0468540000
139.16	-0.0592220000
139.17	-0.0496520000
139.18	-0.0236940000
139.19	0.0066794000
139.2	0.0278930000
139.21	0.0326950000
139.22	0.0204450000
139.23	-0.0005954000
139.24	-0.0173970000
139.25	-0.0247320000
139.26	-0.0173430000
139.27	0.0082447000
139.28	0.0360200000
139.29	0.0409610000
139.3	0.0155440000
139.31	-0.0183840000
139.32	-0.0348890000
139.33	-0.0302650000
139.34	-0.0131850000
139.35	0.0036789000
139.36	0.0115920000
139.37	0.0121400000
139.38	0.0098196000
139.39	0.0075438000
139.4	0.0054334000
139.41	0.0013334000
139.42	-0.0067198000
139.43	-0.0154510000
139.44	-0.0171170000
139.45	-0.0084130000
139.46	0.0074552000
139.47	0.0246320000
139.48	0.0363440000
139.49	0.0371300000
139.5	0.0247280000
139.51	0.0033931000
139.52	-0.0156850000
139.53	-0.0211230000
139.54	-0.0082514000
139.55	0.0102960000
139.56	0.0148570000
139.57	0.0027697000
139.58	-0.0124590000
139.59	-0.0134550000
139.6	0.0013965000
139.61	0.0145270000
139.62	0.0132070000
139.63	0.0023237000
139.64	-0.0047784000
139.65	-0.0043417000
139.66	-0.0007439300
139.67	0.0052152000
139.68	0.0170170000
139.69	0.0333170000
139.7	0.0387530000
139.71	0.0225400000
139.72	-0.0074906000
139.73	-0.0347070000
139.74	-0.0435310000
139.75	-0.0329180000
139.76	-0.0142300000
139.77	0.0022089000
139.78	0.0114530000
139.79	0.0136170000
139.8	0.0064426000
139.81	-0.0129920000
139.82	-0.0375190000
139.83	-0.0543010000
139.84	-0.0558400000
139.85	-0.0435210000
139.86	-0.0260490000
139.87	-0.0102130000
139.88	0.0048522000
139.89	0.0181370000
139.9	0.0224010000
139.91	0.0145390000
139.92	0.0053881000
139.93	0.0080617000
139.94	0.0171250000
139.95	0.0173730000
139.96	0.0020556000
139.97	-0.0231200000
139.98	-0.0483410000
139.99	-0.0676540000
140	-0.0681970000
140.01	-0.0405670000
140.02	0.0043934000
140.03	0.0462940000
140.04	0.0640400000
140.05	0.0520380000
140.06	0.0251060000
140.07	0.0002108500
140.08	-0.0142560000
140.09	-0.0206490000
140.1	-0.0236960000
140.11	-0.0267590000
140.12	-0.0317260000
140.13	-0.0331190000
140.14	-0.0259060000
140.15	-0.0105390000
140.16	0.0111640000
140.17	0.0296090000
140.18	0.0287380000
140.19	0.0061431000
140.2	-0.0206860000
140.21	-0.0325640000
140.22	-0.0216810000
140.23	0.0080947000
140.24	0.0459460000
140.25	0.0733510000
140.26	0.0709370000
140.27	0.0389310000
140.28	-0.0025630000
140.29	-0.0247020000
140.3	-0.0147850000
140.31	0.0082649000
140.32	0.0198210000
140.33	0.0107260000
140.34	-0.0088594000
140.35	-0.0259120000
140.36	-0.0351550000
140.37	-0.0290320000
140.38	-0.0051409000
140.39	0.0288770000
140.4	0.0591290000
140.41	0.0722450000
140.42	0.0644230000
140.43	0.0426260000
140.44	0.0169270000
140.45	-0.0111830000
140.46	-0.0386010000
140.47	-0.0558170000
140.48	-0.0590790000
140.49	-0.0492350000
140.5	-0.0286350000
140.51	-0.0025630000
140.52	0.0207460000
140.53	0.0328700000
140.54	0.0269700000
140.55	0.0022860000
140.56	-0.0270040000
140.57	-0.0377150000
140.58	-0.0222480000
140.59	0.0056219000
140.6	0.0244420000
140.61	0.0188670000
140.62	-0.0051013000
140.63	-0.0294700000
140.64	-0.0379170000
140.65	-0.0241290000
140.66	0.0010546000
140.67	0.0239760000
140.68	0.0391520000
140.69	0.0489330000
140.7	0.0571720000
140.71	0.0619710000
140.72	0.0548790000
140.73	0.0320180000
140.74	0.0017398000
140.75	-0.0239820000
140.76	-0.0373240000
140.77	-0.0395320000
140.78	-0.0351230000
140.79	-0.0269210000
140.8	-0.0144010000
140.81	0.0011936000
140.82	0.0110070000
140.83	0.0098022000
140.84	-0.0022074000
140.85	-0.0205410000
140.86	-0.0404240000
140.87	-0.0601470000
140.88	-0.0768450000
140.89	-0.0851910000
140.9	-0.0744070000
140.91	-0.0410730000
140.92	0.0010871000
140.93	0.0344120000
140.94	0.0486220000
140.95	0.0440480000
140.96	0.0247450000
140.97	-0.0076247000
140.98	-0.0441830000
140.99	-0.0675190000
141	-0.0644870000
141.01	-0.0373160000
141.02	-0.0048691000
141.03	0.0139050000
141.04	0.0185990000
141.05	0.0236190000
141.06	0.0380700000
141.07	0.0516920000
141.08	0.0480630000
141.09	0.0274830000
141.1	0.0022284000
141.11	-0.0167220000
141.12	-0.0258250000
141.13	-0.0303330000
141.14	-0.0363200000
141.15	-0.0387240000
141.16	-0.0282930000
141.17	-0.0077657000
141.18	0.0168900000
141.19	0.0389610000
141.2	0.0475000000
141.21	0.0377350000
141.22	0.0154110000
141.23	-0.0102400000
141.24	-0.0319890000
141.25	-0.0400580000
141.26	-0.0301410000
141.27	-0.0105290000
141.28	0.0038031000
141.29	0.0026613000
141.3	-0.0070218000
141.31	-0.0149990000
141.32	-0.0186090000
141.33	-0.0163310000
141.34	-0.0098595000
141.35	-0.0046574000
141.36	-0.0034092000
141.37	-0.0038426000
141.38	-0.0035588000
141.39	-0.0049206000
141.4	-0.0116610000
141.41	-0.0209210000
141.42	-0.0282170000
141.43	-0.0305000000
141.44	-0.0263230000
141.45	-0.0159890000
141.46	0.0052287000
141.47	0.0348890000
141.48	0.0601180000
141.49	0.0663430000
141.5	0.0436990000
141.51	0.0013561000
141.52	-0.0435680000
141.53	-0.0772350000
141.54	-0.0857280000
141.55	-0.0646580000
141.56	-0.0228410000
141.57	0.0225410000
141.58	0.0508530000
141.59	0.0529940000
141.6	0.0408500000
141.61	0.0314990000
141.62	0.0288320000
141.63	0.0236110000
141.64	0.0111660000
141.65	-0.0028114000
141.66	-0.0153930000
141.67	-0.0230340000
141.68	-0.0223380000
141.69	-0.0122530000
141.7	0.0103260000
141.71	0.0386090000
141.72	0.0563460000
141.73	0.0499780000
141.74	0.0219850000
141.75	-0.0098878000
141.76	-0.0316440000
141.77	-0.0385740000
141.78	-0.0332420000
141.79	-0.0188350000
141.8	-0.0015012000
141.81	0.0059119000
141.82	-0.0011550000
141.83	-0.0138090000
141.84	-0.0189000000
141.85	-0.0115460000
141.86	0.0007182600
141.87	0.0065852000
141.88	-0.0000061315
141.89	-0.0134570000
141.9	-0.0213290000
141.91	-0.0181800000
141.92	-0.0078185000
141.93	0.0036704000
141.94	0.0135110000
141.95	0.0229280000
141.96	0.0274970000
141.97	0.0231170000
141.98	0.0159240000
141.99	0.0117960000
142	0.0138070000
142.01	0.0210210000
142.02	0.0260990000
142.03	0.0204120000
142.04	0.0063226000
142.05	-0.0044047000
142.06	-0.0084271000
142.07	-0.0038797000
142.08	0.0096242000
142.09	0.0246800000
142.1	0.0344470000
142.11	0.0317010000
142.12	0.0175930000
142.13	0.0045960000
142.14	-0.0038033000
142.15	-0.0099254000
142.16	-0.0100480000
142.17	-0.0035117000
142.18	0.0096345000
142.19	0.0237140000
142.2	0.0272280000
142.21	0.0168210000
142.22	-0.0012904000
142.23	-0.0122020000
142.24	-0.0112700000
142.25	-0.0064441000
142.26	-0.0037226000
142.27	-0.0021323000
142.28	0.0032274000
142.29	0.0107360000
142.3	0.0165480000
142.31	0.0151200000
142.32	0.0058034000
142.33	-0.0023107000
142.34	0.0012460000
142.35	0.0166060000
142.36	0.0282490000
142.37	0.0256900000
142.38	0.0099318000
142.39	-0.0133540000
142.4	-0.0359300000
142.41	-0.0470580000
142.42	-0.0394080000
142.43	-0.0200060000
142.44	0.0034430000
142.45	0.0258420000
142.46	0.0389320000
142.47	0.0380380000
142.48	0.0228400000
142.49	0.0011352000
142.5	-0.0147920000
142.51	-0.0173030000
142.52	-0.0070316000
142.53	0.0096127000
142.54	0.0212580000
142.55	0.0160580000
142.56	-0.0038041000
142.57	-0.0268220000
142.58	-0.0382950000
142.59	-0.0280780000
142.6	-0.0032331000
142.61	0.0228740000
142.62	0.0421510000
142.63	0.0540430000
142.64	0.0574720000
142.65	0.0465300000
142.66	0.0211380000
142.67	-0.0106210000
142.68	-0.0352880000
142.69	-0.0419480000
142.7	-0.0299990000
142.71	-0.0070973000
142.72	0.0166780000
142.73	0.0343280000
142.74	0.0398300000
142.75	0.0275590000
142.76	0.0027863000
142.77	-0.0166460000
142.78	-0.0179100000
142.79	-0.0063403000
142.8	0.0031053000
142.81	0.0027633000
142.82	-0.0058070000
142.83	-0.0153060000
142.84	-0.0161570000
142.85	-0.0085460000
142.86	-0.0004966500
142.87	0.0051828000
142.88	0.0110950000
142.89	0.0159310000
142.9	0.0138070000
142.91	0.0038675000
142.92	-0.0095594000
142.93	-0.0196860000
142.94	-0.0185870000
142.95	-0.0075866000
142.96	0.0039220000
142.97	0.0075257000
142.98	-0.0001514700
142.99	-0.0108900000
143	-0.0125650000
143.01	-0.0050284000
143.02	0.0028049000
143.03	0.0081993000
143.04	0.0125190000
143.05	0.0115140000
143.06	0.0015239000
143.07	-0.0185290000
143.08	-0.0429250000
143.09	-0.0581470000
143.1	-0.0579810000
143.11	-0.0448290000
143.12	-0.0240400000
143.13	-0.0006505000
143.14	0.0214440000
143.15	0.0381420000
143.16	0.0450850000
143.17	0.0381860000
143.18	0.0210240000
143.19	0.0034161000
143.2	-0.0060264000
143.21	-0.0084416000
143.22	-0.0145120000
143.23	-0.0269030000
143.24	-0.0364640000
143.25	-0.0339280000
143.26	-0.0205590000
143.27	-0.0050633000
143.28	0.0085169000
143.29	0.0205280000
143.3	0.0303080000
143.31	0.0342260000
143.32	0.0273310000
143.33	0.0102530000
143.34	-0.0076779000
143.35	-0.0160170000
143.36	-0.0118400000
143.37	0.0010471000
143.38	0.0184150000
143.39	0.0372220000
143.4	0.0510010000
143.41	0.0521850000
143.42	0.0381290000
143.43	0.0134350000
143.44	-0.0115280000
143.45	-0.0287590000
143.46	-0.0329230000
143.47	-0.0217840000
143.48	-0.0041179000
143.49	0.0075301000
143.5	0.0114270000
143.51	0.0123270000
143.52	0.0088789000
143.53	-0.0017241000
143.54	-0.0122120000
143.55	-0.0117710000
143.56	-0.0012177000
143.57	0.0067763000
143.58	0.0022441000
143.59	-0.0119250000
143.6	-0.0263440000
143.61	-0.0300680000
143.62	-0.0182480000
143.63	-0.0020175000
143.64	0.0049747000
143.65	0.0013059000
143.66	-0.0047556000
143.67	-0.0050657000
143.68	0.0000864010
143.69	0.0033238000
143.7	-0.0002062300
143.71	-0.0095791000
143.72	-0.0207180000
143.73	-0.0304120000
143.74	-0.0369190000
143.75	-0.0331000000
143.76	-0.0156910000
143.77	0.0063999000
143.78	0.0214340000
143.79	0.0232500000
143.8	0.0131690000
143.81	-0.0043801000
143.82	-0.0235480000
143.83	-0.0374030000
143.84	-0.0386580000
143.85	-0.0256880000
143.86	-0.0047375000
143.87	0.0148970000
143.88	0.0238930000
143.89	0.0210900000
143.9	0.0132400000
143.91	0.0092701000
143.92	0.0104940000
143.93	0.0113010000
143.94	0.0120790000
143.95	0.0145210000
143.96	0.0185310000
143.97	0.0192000000
143.98	0.0112700000
143.99	0.0009647600
144	-0.0023603000
144.01	0.0047201000
144.02	0.0171210000
144.03	0.0267210000
144.04	0.0271700000
144.05	0.0133090000
144.06	-0.0106730000
144.07	-0.0279420000
144.08	-0.0228070000
144.09	-0.0002714500
144.1	0.0187930000
144.11	0.0232690000
144.12	0.0172500000
144.13	0.0056668000
144.14	-0.0071120000
144.15	-0.0156580000
144.16	-0.0187200000
144.17	-0.0164490000
144.18	-0.0117570000
144.19	-0.0097241000
144.2	-0.0124490000
144.21	-0.0162150000
144.22	-0.0130150000
144.23	-0.0031194000
144.24	0.0057586000
144.25	0.0100880000
144.26	0.0134600000
144.27	0.0182090000
144.28	0.0194080000
144.29	0.0139000000
144.3	0.0018077000
144.31	-0.0138800000
144.32	-0.0276700000
144.33	-0.0342840000
144.34	-0.0271860000
144.35	-0.0097866000
144.36	0.0088348000
144.37	0.0231550000
144.38	0.0268120000
144.39	0.0216800000
144.4	0.0136970000
144.41	0.0073231000
144.42	0.0074459000
144.43	0.0122320000
144.44	0.0175300000
144.45	0.0207370000
144.46	0.0200340000
144.47	0.0137150000
144.48	0.0039531000
144.49	-0.0024804000
144.5	-0.0056941000
144.51	-0.0080615000
144.52	-0.0084325000
144.53	-0.0062553000
144.54	-0.0052644000
144.55	-0.0116880000
144.56	-0.0225760000
144.57	-0.0278100000
144.58	-0.0188610000
144.59	0.0022751000
144.6	0.0234010000
144.61	0.0344270000
144.62	0.0302840000
144.63	0.0134810000
144.64	-0.0062744000
144.65	-0.0201180000
144.66	-0.0237680000
144.67	-0.0141740000
144.68	0.0080303000
144.69	0.0320750000
144.7	0.0398150000
144.71	0.0216280000
144.72	-0.0118140000
144.73	-0.0410560000
144.74	-0.0504470000
144.75	-0.0356250000
144.76	-0.0077884000
144.77	0.0182970000
144.78	0.0335990000
144.79	0.0349630000
144.8	0.0284710000
144.81	0.0191240000
144.82	0.0065070000
144.83	-0.0037900000
144.84	-0.0074900000
144.85	-0.0065527000
144.86	-0.0040058000
144.87	-0.0008889100
144.88	0.0037837000
144.89	0.0064086000
144.9	0.0035592000
144.91	-0.0013183000
144.92	-0.0005731600
144.93	0.0093154000
144.94	0.0222910000
144.95	0.0307250000
144.96	0.0301790000
144.97	0.0193510000
144.98	0.0033703000
144.99	-0.0086397000
145	-0.0102280000
145.01	-0.0009530600
145.02	0.0110390000
145.03	0.0142260000
145.04	0.0033647000
145.05	-0.0172930000
145.06	-0.0360530000
145.07	-0.0436850000
145.08	-0.0379320000
145.09	-0.0226630000
145.1	-0.0055083000
145.11	0.0061377000
145.12	0.0102360000
145.13	0.0136480000
145.14	0.0200940000
145.15	0.0257910000
145.16	0.0240330000
145.17	0.0108490000
145.18	-0.0098211000
145.19	-0.0318510000
145.2	-0.0469760000
145.21	-0.0477990000
145.22	-0.0333270000
145.23	-0.0071686000
145.24	0.0214120000
145.25	0.0404850000
145.26	0.0422560000
145.27	0.0266250000
145.28	0.0042242000
145.29	-0.0115820000
145.3	-0.0172690000
145.31	-0.0165480000
145.32	-0.0128120000
145.33	-0.0056858000
145.34	0.0025864000
145.35	0.0049563000
145.36	0.0003740200
145.37	-0.0074799000
145.38	-0.0149000000
145.39	-0.0196650000
145.4	-0.0237450000
145.41	-0.0268010000
145.42	-0.0248360000
145.43	-0.0142430000
145.44	0.0020193000
145.45	0.0120290000
145.46	0.0093396000
145.47	-0.0007709800
145.48	-0.0071109000
145.49	-0.0038374000
145.5	0.0065620000
145.51	0.0180950000
145.52	0.0199960000
145.53	0.0107840000
145.54	0.0017958000
145.55	0.0006745700
145.56	0.0056971000
145.57	0.0125510000
145.58	0.0206450000
145.59	0.0276290000
145.6	0.0291600000
145.61	0.0255320000
145.62	0.0203590000
145.63	0.0165550000
145.64	0.0139850000
145.65	0.0107000000
145.66	0.0063974000
145.67	0.0001307000
145.68	-0.0093644000
145.69	-0.0197360000
145.7	-0.0282680000
145.71	-0.0329510000
145.72	-0.0327230000
145.73	-0.0287660000
145.74	-0.0227260000
145.75	-0.0150530000
145.76	-0.0054578000
145.77	0.0024871000
145.78	0.0027236000
145.79	-0.0040156000
145.8	-0.0086920000
145.81	-0.0051005000
145.82	0.0012337000
145.83	0.0020148000
145.84	-0.0010525000
145.85	-0.0025266000
145.86	-0.0020929000
145.87	-0.0016438000
145.88	-0.0004368400
145.89	0.0033413000
145.9	0.0075386000
145.91	0.0115650000
145.92	0.0147570000
145.93	0.0107150000
145.94	-0.0017610000
145.95	-0.0152680000
145.96	-0.0202470000
145.97	-0.0115210000
145.98	0.0063451000
145.99	0.0229690000
146	0.0310340000
146.01	0.0306020000
146.02	0.0269510000
146.03	0.0249560000
146.04	0.0210380000
146.05	0.0081579000
146.06	-0.0119820000
146.07	-0.0316520000
146.08	-0.0438200000
146.09	-0.0440950000
146.1	-0.0294070000
146.11	-0.0023487000
146.12	0.0262570000
146.13	0.0471580000
146.14	0.0528510000
146.15	0.0376960000
146.16	0.0077715000
146.17	-0.0215830000
146.18	-0.0357510000
146.19	-0.0314190000
146.2	-0.0173960000
146.21	-0.0038927000
146.22	0.0016689000
146.23	0.0003022600
146.24	-0.0016039000
146.25	-0.0018566000
146.26	0.0000876780
146.27	0.0044302000
146.28	0.0092829000
146.29	0.0092343000
146.3	0.0022395000
146.31	-0.0083014000
146.32	-0.0209250000
146.33	-0.0319140000
146.34	-0.0362740000
146.35	-0.0311630000
146.36	-0.0145260000
146.37	0.0078916000
146.38	0.0262270000
146.39	0.0338990000
146.4	0.0268500000
146.41	0.0114660000
146.42	-0.0015237000
146.43	-0.0077335000
146.44	-0.0038998000
146.45	0.0067293000
146.46	0.0134410000
146.47	0.0092480000
146.48	-0.0056387000
146.49	-0.0198990000
146.5	-0.0165660000
146.51	-0.0011060000
146.52	0.0039367000
146.53	-0.0020648000
146.54	-0.0030849000
146.55	0.0045953000
146.56	0.0097793000
146.57	0.0041160000
146.58	-0.0085258000
146.59	-0.0123510000
146.6	0.0084118000
146.61	0.0387550000
146.62	0.0415810000
146.63	0.0021938000
146.64	-0.0462840000
146.65	-0.0551070000
146.66	-0.0232110000
146.67	0.0101740000
146.68	0.0156480000
146.69	0.0046718000
146.7	0.0035936000
146.71	0.0114170000
146.72	0.0225240000
146.73	0.0284000000
146.74	0.0251610000
146.75	0.0211680000
146.76	0.0092941000
146.77	-0.0138550000
146.78	-0.0333260000
146.79	-0.0233570000
146.8	0.0145970000
146.81	0.0424210000
146.82	0.0411250000
146.83	0.0244840000
146.84	0.0098405000
146.85	-0.0015461000
146.86	-0.0098297000
146.87	-0.0110960000
146.88	-0.0056262000
146.89	0.0000835850
146.9	-0.0021009000
146.91	-0.0062058000
146.92	-0.0038935000
146.93	0.0026243000
146.94	0.0078462000
146.95	0.0093598000
146.96	0.0051811000
146.97	-0.0049669000
146.98	-0.0161400000
146.99	-0.0192350000
147	-0.0062160000
147.01	0.0094113000
147.02	0.0118740000
147.03	0.0059392000
147.04	-0.0033326000
147.05	-0.0168350000
147.06	-0.0299250000
147.07	-0.0247580000
147.08	0.0026383000
147.09	0.0290560000
147.1	0.0335700000
147.11	0.0130000000
147.12	-0.0127970000
147.13	-0.0147770000
147.14	0.0121130000
147.15	0.0405130000
147.16	0.0434910000
147.17	0.0246680000
147.18	0.0028433000
147.19	-0.0112010000
147.2	-0.0160500000
147.21	-0.0155170000
147.22	-0.0157340000
147.23	-0.0218330000
147.24	-0.0345760000
147.25	-0.0455020000
147.26	-0.0393150000
147.27	-0.0113030000
147.28	0.0215070000
147.29	0.0359050000
147.3	0.0293300000
147.31	0.0191030000
147.32	0.0146920000
147.33	0.0118920000
147.34	0.0065023000
147.35	-0.0023576000
147.36	-0.0092384000
147.37	-0.0083656000
147.38	-0.0054509000
147.39	-0.0061818000
147.4	-0.0069748000
147.41	-0.0080772000
147.42	-0.0153990000
147.43	-0.0254730000
147.44	-0.0294320000
147.45	-0.0256510000
147.46	-0.0170720000
147.47	-0.0095618000
147.48	-0.0079782000
147.49	-0.0100780000
147.5	-0.0124680000
147.51	-0.0149400000
147.52	-0.0111160000
147.53	0.0060089000
147.54	0.0251330000
147.55	0.0295850000
147.56	0.0154320000
147.57	-0.0126670000
147.58	-0.0326420000
147.59	-0.0220680000
147.6	0.0029679000
147.61	0.0123110000
147.62	-0.0024373000
147.63	-0.0266290000
147.64	-0.0370490000
147.65	-0.0201130000
147.66	0.0148000000
147.67	0.0381150000
147.68	0.0376740000
147.69	0.0198630000
147.7	-0.0058050000
147.71	-0.0210380000
147.72	-0.0175340000
147.73	-0.0050287000
147.74	-0.0061318000
147.75	-0.0271820000
147.76	-0.0378100000
147.77	-0.0176390000
147.78	0.0196610000
147.79	0.0423210000
147.8	0.0344600000
147.81	0.0117920000
147.82	-0.0101970000
147.83	-0.0162490000
147.84	-0.0075791000
147.85	-0.0029691000
147.86	-0.0050930000
147.87	-0.0107520000
147.88	-0.0126240000
147.89	-0.0089311000
147.9	-0.0045219000
147.91	-0.0031077000
147.92	-0.0085366000
147.93	-0.0125270000
147.94	-0.0104240000
147.95	-0.0092557000
147.96	-0.0085823000
147.97	-0.0084756000
147.98	-0.0155860000
147.99	-0.0149610000
148	-0.0002879500
148.01	0.0047194000
148.02	-0.0063408000
148.03	-0.0264100000
148.04	-0.0368040000
148.05	-0.0251000000
148.06	-0.0124320000
148.07	-0.0119240000
148.08	-0.0156020000
148.09	-0.0036326000
148.1	0.0240100000
148.11	0.0392910000
148.12	0.0368030000
148.13	0.0249330000
148.14	0.0099225000
148.15	-0.0073746000
148.16	-0.0294930000
148.17	-0.0389310000
148.18	-0.0244330000
148.19	0.0050630000
148.2	0.0332020000
148.21	0.0438660000
148.22	0.0354160000
148.23	0.0156540000
148.24	-0.0016836000
148.25	-0.0059034000
148.26	-0.0009317200
148.27	0.0042358000
148.28	0.0081745000
148.29	0.0095282000
148.3	-0.0010475000
148.31	-0.0225190000
148.32	-0.0369270000
148.33	-0.0283660000
148.34	-0.0007102000
148.35	0.0291840000
148.36	0.0466680000
148.37	0.0450160000
148.38	0.0256950000
148.39	-0.0028675000
148.4	-0.0229860000
148.41	-0.0255770000
148.42	-0.0171380000
148.43	-0.0040801000
148.44	0.0066887000
148.45	0.0073302000
148.46	0.0014327000
148.47	0.0027610000
148.48	0.0164900000
148.49	0.0339440000
148.5	0.0394800000
148.51	0.0277020000
148.52	0.0119460000
148.53	0.0042720000
148.54	0.0038786000
148.55	0.0043381000
148.56	0.0047635000
148.57	0.0059935000
148.58	0.0031082000
148.59	-0.0042406000
148.6	-0.0108470000
148.61	-0.0134850000
148.62	-0.0117220000
148.63	-0.0117300000
148.64	-0.0209370000
148.65	-0.0332230000
148.66	-0.0332870000
148.67	-0.0169200000
148.68	0.0084980000
148.69	0.0318080000
148.7	0.0399290000
148.71	0.0305770000
148.72	0.0106930000
148.73	-0.0101100000
148.74	-0.0213470000
148.75	-0.0203920000
148.76	-0.0096921000
148.77	0.0044725000
148.78	0.0168320000
148.79	0.0260810000
148.8	0.0267310000
148.81	0.0155650000
148.82	-0.0020133000
148.83	-0.0184810000
148.84	-0.0307450000
148.85	-0.0337020000
148.86	-0.0217900000
148.87	-0.0032303000
148.88	0.0074299000
148.89	0.0023809000
148.9	-0.0099736000
148.91	-0.0122910000
148.92	0.0000937740
148.93	0.0167960000
148.94	0.0207840000
148.95	0.0076178000
148.96	-0.0125760000
148.97	-0.0284340000
148.98	-0.0296900000
148.99	-0.0196440000
149	-0.0130970000
149.01	-0.0123690000
149.02	-0.0050107000
149.03	0.0084356000
149.04	0.0118530000
149.05	0.0061041000
149.06	0.0065335000
149.07	0.0152240000
149.08	0.0187950000
149.09	0.0074122000
149.1	-0.0106620000
149.11	-0.0210010000
149.12	-0.0188190000
149.13	-0.0075635000
149.14	0.0045716000
149.15	0.0065692000
149.16	-0.0029233000
149.17	-0.0077940000
149.18	0.0033999000
149.19	0.0224620000
149.2	0.0333370000
149.21	0.0285630000
149.22	0.0150890000
149.23	0.0011181000
149.24	-0.0090050000
149.25	-0.0123670000
149.26	-0.0101410000
149.27	-0.0059175000
149.28	-0.0058837000
149.29	-0.0130530000
149.3	-0.0199390000
149.31	-0.0170470000
149.32	-0.0011426000
149.33	0.0239230000
149.34	0.0430520000
149.35	0.0405250000
149.36	0.0178840000
149.37	-0.0090279000
149.38	-0.0205750000
149.39	-0.0118860000
149.4	0.0020078000
149.41	0.0067379000
149.42	0.0032286000
149.43	0.0039519000
149.44	0.0118730000
149.45	0.0210980000
149.46	0.0291800000
149.47	0.0334550000
149.48	0.0282100000
149.49	0.0065900000
149.5	-0.0269710000
149.51	-0.0562010000
149.52	-0.0659110000
149.53	-0.0505770000
149.54	-0.0223600000
149.55	-0.0023125000
149.56	0.0016216000
149.57	-0.0023219000
149.58	-0.0035071000
149.59	-0.0008178100
149.6	-0.0020137000
149.61	-0.0048789000
149.62	-0.0029158000
149.63	0.0034298000
149.64	0.0176650000
149.65	0.0265540000
149.66	0.0122530000
149.67	-0.0141220000
149.68	-0.0307120000
149.69	-0.0257980000
149.7	-0.0077600000
149.71	0.0139190000
149.72	0.0345490000
149.73	0.0447710000
149.74	0.0415690000
149.75	0.0245200000
149.76	-0.0007311000
149.77	-0.0222250000
149.78	-0.0271960000
149.79	-0.0139950000
149.8	-0.0004846700
149.81	-0.0008565700
149.82	-0.0096316000
149.83	-0.0085325000
149.84	0.0062706000
149.85	0.0167760000
149.86	0.0100750000
149.87	-0.0047331000
149.88	-0.0087402000
149.89	0.0015572000
149.9	0.0151740000
149.91	0.0205110000
149.92	0.0133020000
149.93	0.0006218700
149.94	-0.0075090000
149.95	-0.0064562000
149.96	-0.0005215900
149.97	0.0024278000
149.98	0.0002029300
149.99	-0.0068841000
150	-0.0135680000
150.01	-0.0133100000
150.02	-0.0074849000
150.03	0.0013394000
150.04	0.0081853000
150.05	0.0096082000
150.06	0.0086394000
150.07	0.0091304000
150.08	0.0136720000
150.09	0.0199450000
150.1	0.0240000000
150.11	0.0208170000
150.12	0.0080060000
150.13	-0.0049561000
150.14	-0.0057646000
150.15	0.0031878000
150.16	0.0077898000
150.17	0.0046334000
150.18	0.0004564300
150.19	0.0006239000
150.2	0.0064595000
150.21	0.0109480000
150.22	0.0062659000
150.23	-0.0073965000
150.24	-0.0162620000
150.25	-0.0083139000
150.26	0.0070811000
150.27	0.0190660000
150.28	0.0250010000
150.29	0.0219440000
150.3	0.0091180000
150.31	-0.0062186000
150.32	-0.0101040000
150.33	0.0022003000
150.34	0.0173580000
150.35	0.0149200000
150.36	-0.0079569000
150.37	-0.0376880000
150.38	-0.0593640000
150.39	-0.0572260000
150.4	-0.0305780000
150.41	0.0076450000
150.42	0.0414960000
150.43	0.0543840000
150.44	0.0400340000
150.45	0.0048008000
150.46	-0.0307300000
150.47	-0.0470440000
150.48	-0.0386400000
150.49	-0.0134160000
150.5	0.0111240000
150.51	0.0240770000
150.52	0.0216080000
150.53	0.0106840000
150.54	0.0026146000
150.55	-0.0038694000
150.56	-0.0133150000
150.57	-0.0224470000
150.58	-0.0214920000
150.59	-0.0106910000
150.6	-0.0005699100
150.61	-0.0006383700
150.62	-0.0141380000
150.63	-0.0296640000
150.64	-0.0296560000
150.65	-0.0044357000
150.66	0.0310570000
150.67	0.0449180000
150.68	0.0230490000
150.69	-0.0171880000
150.7	-0.0388130000
150.71	-0.0257360000
150.72	0.0049115000
150.73	0.0328550000
150.74	0.0465860000
150.75	0.0391760000
150.76	0.0042124000
150.77	-0.0429420000
150.78	-0.0622160000
150.79	-0.0328900000
150.8	0.0245300000
150.81	0.0668870000
150.82	0.0660290000
150.83	0.0281670000
150.84	-0.0193030000
150.85	-0.0522560000
150.86	-0.0569790000
150.87	-0.0282510000
150.88	0.0223390000
150.89	0.0710970000
150.9	0.0908590000
150.91	0.0658560000
150.92	0.0072636000
150.93	-0.0511650000
150.94	-0.0780490000
150.95	-0.0692380000
150.96	-0.0401510000
150.97	-0.0091687000
150.98	0.0177700000
150.99	0.0456720000
151	0.0656980000
151.01	0.0608960000
151.02	0.0332710000
151.03	0.0007048000
151.04	-0.0255390000
151.05	-0.0414650000
151.06	-0.0408490000
151.07	-0.0234940000
151.08	0.0023889000
151.09	0.0267490000
151.1	0.0388650000
151.11	0.0341430000
151.12	0.0134210000
151.13	-0.0185920000
151.14	-0.0456430000
151.15	-0.0513890000
151.16	-0.0325350000
151.17	0.0070715000
151.18	0.0469150000
151.19	0.0528810000
151.2	0.0204370000
151.21	-0.0200410000
151.22	-0.0428200000
151.23	-0.0483370000
151.24	-0.0475820000
151.25	-0.0340950000
151.26	-0.0008627100
151.27	0.0344650000
151.28	0.0501040000
151.29	0.0381320000
151.3	0.0113420000
151.31	-0.0070889000
151.32	-0.0090630000
151.33	-0.0005295800
151.34	0.0066159000
151.35	0.0047701000
151.36	-0.0068990000
151.37	-0.0229830000
151.38	-0.0312270000
151.39	-0.0256040000
151.4	-0.0082370000
151.41	0.0075607000
151.42	0.0074491000
151.43	-0.0076025000
151.44	-0.0223640000
151.45	-0.0206000000
151.46	-0.0060162000
151.47	0.0082909000
151.48	0.0158760000
151.49	0.0110620000
151.5	-0.0037054000
151.51	-0.0117400000
151.52	-0.0038580000
151.53	0.0143560000
151.54	0.0317330000
151.55	0.0371090000
151.56	0.0271040000
151.57	0.0026270000
151.58	-0.0229740000
151.59	-0.0307730000
151.6	-0.0202570000
151.61	-0.0021472000
151.62	0.0088340000
151.63	0.0034946000
151.64	-0.0096698000
151.65	-0.0154600000
151.66	-0.0070853000
151.67	0.0035550000
151.68	-0.0019701000
151.69	-0.0240810000
151.7	-0.0471530000
151.71	-0.0534300000
151.72	-0.0386520000
151.73	-0.0136410000
151.74	0.0104900000
151.75	0.0229260000
151.76	0.0187420000
151.77	0.0048445000
151.78	-0.0082877000
151.79	-0.0125140000
151.8	-0.0093394000
151.81	-0.0047526000
151.82	0.0010092000
151.83	0.0081672000
151.84	0.0153610000
151.85	0.0206230000
151.86	0.0197380000
151.87	0.0103660000
151.88	-0.0054157000
151.89	-0.0192690000
151.9	-0.0156230000
151.91	0.0079521000
151.92	0.0293710000
151.93	0.0273410000
151.94	0.0035297000
151.95	-0.0214870000
151.96	-0.0340110000
151.97	-0.0339400000
151.98	-0.0203340000
151.99	0.0036492000
152	0.0237610000
152.01	0.0230810000
152.02	0.0009415100
152.03	-0.0222600000
152.04	-0.0248990000
152.05	-0.0050463000
152.06	0.0205630000
152.07	0.0362340000
152.08	0.0364900000
152.09	0.0253190000
152.1	0.0113940000
152.11	-0.0014053000
152.12	-0.0128100000
152.13	-0.0203420000
152.14	-0.0201620000
152.15	-0.0093120000
152.16	0.0060090000
152.17	0.0110960000
152.18	0.0016413000
152.19	-0.0126870000
152.2	-0.0219860000
152.21	-0.0228990000
152.22	-0.0123940000
152.23	0.0107090000
152.24	0.0318370000
152.25	0.0343300000
152.26	0.0221450000
152.27	0.0110720000
152.28	0.0107320000
152.29	0.0166160000
152.3	0.0227870000
152.31	0.0342810000
152.32	0.0499540000
152.33	0.0589520000
152.34	0.0548640000
152.35	0.0368900000
152.36	0.0117980000
152.37	-0.0066760000
152.38	-0.0069149000
152.39	0.0094262000
152.4	0.0282120000
152.41	0.0339700000
152.42	0.0205560000
152.43	-0.0008399800
152.44	-0.0156280000
152.45	-0.0226630000
152.46	-0.0262080000
152.47	-0.0270800000
152.48	-0.0240310000
152.49	-0.0148680000
152.5	-0.0033301000
152.51	0.0000950560
152.52	-0.0092075000
152.53	-0.0209740000
152.54	-0.0217620000
152.55	-0.0128430000
152.56	-0.0009726000
152.57	0.0103090000
152.58	0.0169990000
152.59	0.0125450000
152.6	-0.0056558000
152.61	-0.0265910000
152.62	-0.0344460000
152.63	-0.0200680000
152.64	0.0109110000
152.65	0.0429000000
152.66	0.0565710000
152.67	0.0396610000
152.68	0.0016698000
152.69	-0.0375170000
152.7	-0.0544980000
152.71	-0.0364000000
152.72	0.0037926000
152.73	0.0368350000
152.74	0.0435500000
152.75	0.0321860000
152.76	0.0152120000
152.77	-0.0046317000
152.78	-0.0252630000
152.79	-0.0395670000
152.8	-0.0370170000
152.81	-0.0189760000
152.82	-0.0038241000
152.83	-0.0066317000
152.84	-0.0192470000
152.85	-0.0201710000
152.86	-0.0013958000
152.87	0.0230360000
152.88	0.0346800000
152.89	0.0304680000
152.9	0.0166010000
152.91	-0.0030959000
152.92	-0.0191250000
152.93	-0.0208890000
152.94	-0.0074456000
152.95	0.0140160000
152.96	0.0330830000
152.97	0.0426350000
152.98	0.0393690000
152.99	0.0265720000
153	0.0128310000
153.01	0.0049858000
153.02	0.0038423000
153.03	0.0061473000
153.04	0.0050581000
153.05	-0.0039550000
153.06	-0.0115060000
153.07	-0.0090223000
153.08	0.0009589600
153.09	0.0062882000
153.1	-0.0035291000
153.11	-0.0207360000
153.12	-0.0294520000
153.13	-0.0189970000
153.14	-0.0010436000
153.15	0.0063625000
153.16	0.0077506000
153.17	0.0073713000
153.18	0.0020800000
153.19	-0.0053471000
153.2	-0.0085340000
153.21	-0.0046389000
153.22	-0.0029998000
153.23	-0.0097024000
153.24	-0.0148210000
153.25	-0.0136840000
153.26	-0.0089075000
153.27	-0.0048891000
153.28	-0.0051011000
153.29	-0.0061501000
153.3	-0.0094328000
153.31	-0.0100890000
153.32	-0.0039895000
153.33	0.0000306520
153.34	-0.0026926000
153.35	-0.0120630000
153.36	-0.0130530000
153.37	0.0084445000
153.38	0.0357480000
153.39	0.0451760000
153.4	0.0354430000
153.41	0.0204960000
153.42	0.0071373000
153.43	-0.0042565000
153.44	-0.0123810000
153.45	-0.0161110000
153.46	-0.0117020000
153.47	-0.0001648400
153.48	0.0107060000
153.49	0.0163830000
153.5	0.0174390000
153.51	0.0143520000
153.52	0.0042757000
153.53	-0.0140790000
153.54	-0.0296290000
153.55	-0.0275100000
153.56	-0.0085119000
153.57	0.0160530000
153.58	0.0329670000
153.59	0.0309510000
153.6	0.0068541000
153.61	-0.0265820000
153.62	-0.0461790000
153.63	-0.0436710000
153.64	-0.0254010000
153.65	0.0008432300
153.66	0.0284300000
153.67	0.0486650000
153.68	0.0505350000
153.69	0.0366620000
153.7	0.0192680000
153.71	0.0071061000
153.72	0.0018277000
153.73	-0.0023480000
153.74	-0.0087049000
153.75	-0.0184280000
153.76	-0.0249450000
153.77	-0.0180050000
153.78	-0.0029125000
153.79	0.0115270000
153.8	0.0240810000
153.81	0.0305760000
153.82	0.0222090000
153.83	0.0004266200
153.84	-0.0209280000
153.85	-0.0320110000
153.86	-0.0328250000
153.87	-0.0287690000
153.88	-0.0240840000
153.89	-0.0177610000
153.9	-0.0062242000
153.91	0.0093220000
153.92	0.0243480000
153.93	0.0349950000
153.94	0.0373300000
153.95	0.0300740000
153.96	0.0114400000
153.97	-0.0180070000
153.98	-0.0496850000
153.99	-0.0673860000
154	-0.0580230000
154.01	-0.0286320000
154.02	0.0026750000
154.03	0.0210690000
154.04	0.0251420000
154.05	0.0256350000
154.06	0.0244420000
154.07	0.0184080000
154.08	0.0079756000
154.09	-0.0090338000
154.1	-0.0314830000
154.11	-0.0498960000
154.12	-0.0557890000
154.13	-0.0488850000
154.14	-0.0303860000
154.15	-0.0017115000
154.16	0.0265530000
154.17	0.0418670000
154.18	0.0404440000
154.19	0.0262070000
154.2	0.0105300000
154.21	-0.0027736000
154.22	-0.0197450000
154.23	-0.0348650000
154.24	-0.0354470000
154.25	-0.0192810000
154.26	-0.0002894800
154.27	0.0077167000
154.28	0.0036275000
154.29	-0.0057768000
154.3	-0.0082737000
154.31	-0.0004699100
154.32	0.0072804000
154.33	0.0042273000
154.34	-0.0074416000
154.35	-0.0170950000
154.36	-0.0220370000
154.37	-0.0219530000
154.38	-0.0141030000
154.39	0.0000337400
154.4	0.0114120000
154.41	0.0101520000
154.42	-0.0059792000
154.43	-0.0311350000
154.44	-0.0523750000
154.45	-0.0584950000
154.46	-0.0448240000
154.47	-0.0152240000
154.48	0.0168690000
154.49	0.0362010000
154.5	0.0373050000
154.51	0.0223130000
154.52	-0.0042335000
154.53	-0.0258060000
154.54	-0.0302060000
154.55	-0.0186370000
154.56	0.0022406000
154.57	0.0177000000
154.58	0.0165310000
154.59	-0.0008672700
154.6	-0.0192670000
154.61	-0.0224530000
154.62	-0.0133110000
154.63	-0.0038897000
154.64	-0.0028863000
154.65	-0.0089814000
154.66	-0.0117390000
154.67	-0.0090445000
154.68	-0.0065809000
154.69	-0.0050787000
154.7	-0.0031707000
154.71	-0.0024168000
154.72	-0.0044541000
154.73	-0.0038143000
154.74	0.0026150000
154.75	0.0086128000
154.76	0.0060415000
154.77	-0.0083182000
154.78	-0.0247940000
154.79	-0.0296050000
154.8	-0.0164670000
154.81	0.0094672000
154.82	0.0334490000
154.83	0.0441440000
154.84	0.0412600000
154.85	0.0324240000
154.86	0.0225280000
154.87	0.0102160000
154.88	-0.0048846000
154.89	-0.0192930000
154.9	-0.0273840000
154.91	-0.0236340000
154.92	-0.0061733000
154.93	0.0163640000
154.94	0.0298270000
154.95	0.0283450000
154.96	0.0149550000
154.97	-0.0001927700
154.98	-0.0042078000
154.99	0.0069283000
155	0.0228120000
155.01	0.0277360000
155.02	0.0183850000
155.03	0.0016717000
155.04	-0.0159000000
155.05	-0.0239920000
155.06	-0.0152680000
155.07	-0.0002721900
155.08	0.0054681000
155.09	0.0015634000
155.1	-0.0043000000
155.11	-0.0077379000
155.12	-0.0061488000
155.13	0.0032386000
155.14	0.0158370000
155.15	0.0182780000
155.16	0.0045919000
155.17	-0.0156610000
155.18	-0.0279160000
155.19	-0.0278950000
155.2	-0.0215820000
155.21	-0.0133370000
155.22	-0.0034951000
155.23	0.0049502000
155.24	0.0083013000
155.25	0.0057185000
155.26	-0.0013113000
155.27	-0.0054974000
155.28	-0.0031856000
155.29	0.0014939000
155.3	0.0034668000
155.31	0.0028061000
155.32	0.0055590000
155.33	0.0118800000
155.34	0.0166080000
155.35	0.0147500000
155.36	0.0084846000
155.37	0.0074055000
155.38	0.0113860000
155.39	0.0128870000
155.4	0.0087609000
155.41	0.0006924800
155.42	-0.0055540000
155.43	-0.0018551000
155.44	0.0142060000
155.45	0.0335820000
155.46	0.0442510000
155.47	0.0389350000
155.48	0.0202570000
155.49	0.0001700300
155.5	-0.0131610000
155.51	-0.0188490000
155.52	-0.0167750000
155.53	-0.0070232000
155.54	0.0073068000
155.55	0.0202740000
155.56	0.0227500000
155.57	0.0083385000
155.58	-0.0159220000
155.59	-0.0332420000
155.6	-0.0317900000
155.61	-0.0146470000
155.62	0.0036550000
155.63	0.0136680000
155.64	0.0188700000
155.65	0.0210340000
155.66	0.0163630000
155.67	0.0057606000
155.68	-0.0045755000
155.69	-0.0056210000
155.7	0.0053847000
155.71	0.0177200000
155.72	0.0174620000
155.73	0.0043331000
155.74	-0.0083634000
155.75	-0.0138200000
155.76	-0.0138410000
155.77	-0.0080940000
155.78	0.0012734000
155.79	0.0105590000
155.8	0.0152130000
155.81	0.0130460000
155.82	0.0098579000
155.83	0.0079280000
155.84	0.0068569000
155.85	0.0072190000
155.86	0.0063142000
155.87	-0.0009465400
155.88	-0.0156240000
155.89	-0.0260060000
155.9	-0.0208070000
155.91	-0.0014414000
155.92	0.0232760000
155.93	0.0431950000
155.94	0.0510200000
155.95	0.0426900000
155.96	0.0253860000
155.97	0.0123020000
155.98	0.0053148000
155.99	0.0049807000
156	0.0115270000
156.01	0.0148770000
156.02	0.0071417000
156.03	-0.0098287000
156.04	-0.0227530000
156.05	-0.0176130000
156.06	0.0034895000
156.07	0.0269850000
156.08	0.0387290000
156.09	0.0347460000
156.1	0.0220360000
156.11	0.0096304000
156.12	0.0026803000
156.13	-0.0029750000
156.14	-0.0139140000
156.15	-0.0267220000
156.16	-0.0313550000
156.17	-0.0236030000
156.18	-0.0092945000
156.19	0.0049849000
156.2	0.0146680000
156.21	0.0131820000
156.22	-0.0000299170
156.23	-0.0161610000
156.24	-0.0244980000
156.25	-0.0220430000
156.26	-0.0142960000
156.27	-0.0043457000
156.28	0.0043856000
156.29	0.0050933000
156.3	-0.0003250400
156.31	-0.0022453000
156.32	0.0023819000
156.33	0.0060779000
156.34	0.0017979000
156.35	-0.0094988000
156.36	-0.0226550000
156.37	-0.0313070000
156.38	-0.0326760000
156.39	-0.0268080000
156.4	-0.0135650000
156.41	0.0035609000
156.42	0.0199450000
156.43	0.0275910000
156.44	0.0203940000
156.45	0.0063214000
156.46	-0.0049665000
156.47	-0.0119700000
156.48	-0.0152640000
156.49	-0.0118440000
156.5	0.0011811000
156.51	0.0156000000
156.52	0.0205260000
156.53	0.0147870000
156.54	0.0038751000
156.55	-0.0063702000
156.56	-0.0117410000
156.57	-0.0082623000
156.58	0.0010296000
156.59	0.0080450000
156.6	0.0079245000
156.61	-0.0000639380
156.62	-0.0118530000
156.63	-0.0201010000
156.64	-0.0177640000
156.65	-0.0076815000
156.66	0.0010656000
156.67	0.0043709000
156.68	0.0008591000
156.69	-0.0099488000
156.7	-0.0241560000
156.71	-0.0326800000
156.72	-0.0320870000
156.73	-0.0260290000
156.74	-0.0184680000
156.75	-0.0142110000
156.76	-0.0136830000
156.77	-0.0122810000
156.78	-0.0060589000
156.79	0.0051702000
156.8	0.0147220000
156.81	0.0154480000
156.82	0.0081127000
156.83	-0.0030610000
156.84	-0.0132720000
156.85	-0.0185920000
156.86	-0.0162560000
156.87	-0.0055756000
156.88	0.0088547000
156.89	0.0203840000
156.9	0.0196560000
156.91	0.0058106000
156.92	-0.0103890000
156.93	-0.0202490000
156.94	-0.0173260000
156.95	-0.0025437000
156.96	0.0165890000
156.97	0.0304500000
156.98	0.0284540000
156.99	0.0104160000
157	-0.0132340000
157.01	-0.0304540000
157.02	-0.0355950000
157.03	-0.0291630000
157.04	-0.0148380000
157.05	-0.0014404000
157.06	0.0059585000
157.07	0.0071222000
157.08	0.0024059000
157.09	-0.0051264000
157.1	-0.0137350000
157.11	-0.0188270000
157.12	-0.0167330000
157.13	-0.0122200000
157.14	-0.0115700000
157.15	-0.0169840000
157.16	-0.0210070000
157.17	-0.0209460000
157.18	-0.0230580000
157.19	-0.0251350000
157.2	-0.0221600000
157.21	-0.0078723000
157.22	0.0130970000
157.23	0.0189890000
157.24	0.0064571000
157.25	-0.0089729000
157.26	-0.0184710000
157.27	-0.0186940000
157.28	-0.0088314000
157.29	0.0067065000
157.3	0.0217360000
157.31	0.0317700000
157.32	0.0326710000
157.33	0.0250630000
157.34	0.0131900000
157.35	0.0013115000
157.36	-0.0026067000
157.37	0.0052559000
157.38	0.0200290000
157.39	0.0315810000
157.4	0.0309320000
157.41	0.0193000000
157.42	0.0041690000
157.43	-0.0074754000
157.44	-0.0114870000
157.45	-0.0066900000
157.46	0.0044985000
157.47	0.0163220000
157.48	0.0218790000
157.49	0.0148880000
157.5	-0.0029456000
157.51	-0.0205580000
157.52	-0.0253000000
157.53	-0.0149030000
157.54	-0.0012384000
157.55	0.0070768000
157.56	0.0138400000
157.57	0.0221700000
157.58	0.0255860000
157.59	0.0164830000
157.6	-0.0038386000
157.61	-0.0236030000
157.62	-0.0302320000
157.63	-0.0243200000
157.64	-0.0135640000
157.65	-0.0030808000
157.66	0.0035980000
157.67	0.0090546000
157.68	0.0140540000
157.69	0.0113280000
157.7	0.0003697000
157.71	-0.0109770000
157.72	-0.0137990000
157.73	-0.0073044000
157.74	0.0001244200
157.75	0.0041038000
157.76	0.0020251000
157.77	-0.0049987000
157.78	-0.0084396000
157.79	-0.0050291000
157.8	-0.0023746000
157.81	-0.0067387000
157.82	-0.0134130000
157.83	-0.0178400000
157.84	-0.0168840000
157.85	-0.0094045000
157.86	-0.0002467400
157.87	0.0079130000
157.88	0.0124810000
157.89	0.0131870000
157.9	0.0119280000
157.91	0.0099061000
157.92	0.0061429000
157.93	-0.0042253000
157.94	-0.0164610000
157.95	-0.0188860000
157.96	-0.0058893000
157.97	0.0169440000
157.98	0.0360380000
157.99	0.0412000000
158	0.0315270000
158.01	0.0160730000
158.02	0.0019921000
158.03	-0.0084324000
158.04	-0.0109610000
158.05	-0.0062726000
158.06	-0.0005783700
158.07	-0.0007269700
158.08	-0.0091741000
158.09	-0.0193900000
158.1	-0.0218530000
158.11	-0.0119680000
158.12	0.0070107000
158.13	0.0262500000
158.14	0.0361710000
158.15	0.0337480000
158.16	0.0225150000
158.17	0.0061617000
158.18	-0.0101760000
158.19	-0.0174120000
158.2	-0.0109200000
158.21	0.0013403000
158.22	0.0115980000
158.23	0.0187320000
158.24	0.0198350000
158.25	0.0125770000
158.26	-0.0000427400
158.27	-0.0105940000
158.28	-0.0132740000
158.29	-0.0098415000
158.3	-0.0042680000
158.31	0.0031327000
158.32	0.0118870000
158.33	0.0196970000
158.34	0.0234940000
158.35	0.0200190000
158.36	0.0101420000
158.37	0.0014391000
158.38	-0.0000771510
158.39	0.0009573800
158.4	-0.0019657000
158.41	-0.0048441000
158.42	-0.0008252700
158.43	0.0065362000
158.44	0.0093431000
158.45	0.0053180000
158.46	-0.0014790000
158.47	-0.0022008000
158.48	0.0047106000
158.49	0.0104680000
158.5	0.0102330000
158.51	0.0064743000
158.52	0.0029863000
158.53	-0.0000786190
158.54	-0.0030226000
158.55	-0.0037381000
158.56	-0.0004755600
158.57	0.0091063000
158.58	0.0216090000
158.59	0.0292610000
158.6	0.0301050000
158.61	0.0248420000
158.62	0.0144070000
158.63	0.0031674000
158.64	-0.0037867000
158.65	-0.0065701000
158.66	-0.0076200000
158.67	-0.0076255000
158.68	-0.0085775000
158.69	-0.0130450000
158.7	-0.0177410000
158.71	-0.0146000000
158.72	-0.0008968200
158.73	0.0176750000
158.74	0.0305880000
158.75	0.0306780000
158.76	0.0171570000
158.77	-0.0064426000
158.78	-0.0278210000
158.79	-0.0350040000
158.8	-0.0298100000
158.81	-0.0235150000
158.82	-0.0214810000
158.83	-0.0160830000
158.84	-0.0024230000
158.85	0.0132770000
158.86	0.0239270000
158.87	0.0274650000
158.88	0.0257200000
158.89	0.0200710000
158.9	0.0117350000
158.91	0.0022658000
158.92	-0.0062410000
158.93	-0.0115070000
158.94	-0.0140100000
158.95	-0.0118850000
158.96	-0.0035738000
158.97	0.0053888000
158.98	0.0083707000
158.99	0.0033445000
159	-0.0038749000
159.01	-0.0042510000
159.02	0.0015816000
159.03	0.0072206000
159.04	0.0100320000
159.05	0.0078881000
159.06	-0.0023241000
159.07	-0.0194770000
159.08	-0.0334480000
159.09	-0.0325140000
159.1	-0.0155230000
159.11	0.0077529000
159.12	0.0261980000
159.13	0.0338640000
159.14	0.0293140000
159.15	0.0157390000
159.16	-0.0012016000
159.17	-0.0176660000
159.18	-0.0318650000
159.19	-0.0379240000
159.2	-0.0288140000
159.21	-0.0092374000
159.22	0.0084696000
159.23	0.0178480000
159.24	0.0215840000
159.25	0.0218640000
159.26	0.0160160000
159.27	0.0051436000
159.28	-0.0044552000
159.29	-0.0060544000
159.3	0.0012421000
159.31	0.0105680000
159.32	0.0135290000
159.33	0.0053407000
159.34	-0.0107030000
159.35	-0.0259470000
159.36	-0.0343750000
159.37	-0.0333060000
159.38	-0.0228560000
159.39	-0.0068057000
159.4	0.0067646000
159.41	0.0101120000
159.42	0.0043975000
159.43	-0.0039115000
159.44	-0.0096984000
159.45	-0.0104250000
159.46	-0.0082156000
159.47	-0.0061670000
159.48	-0.0021657000
159.49	0.0046646000
159.5	0.0086512000
159.51	0.0056985000
159.52	-0.0029232000
159.53	-0.0100570000
159.54	-0.0082264000
159.55	0.0003543900
159.56	0.0072429000
159.57	0.0062936000
159.58	-0.0009552900
159.59	-0.0095691000
159.6	-0.0178120000
159.61	-0.0225920000
159.62	-0.0202390000
159.63	-0.0118450000
159.64	-0.0020980000
159.65	0.0032450000
159.66	0.0031507000
159.67	0.0016174000
159.68	0.0011474000
159.69	0.0027708000
159.7	0.0064045000
159.71	0.0086126000
159.72	0.0048941000
159.73	-0.0032588000
159.74	-0.0091631000
159.75	-0.0095825000
159.76	-0.0077094000
159.77	-0.0091855000
159.78	-0.0128080000
159.79	-0.0143950000
159.8	-0.0141410000
159.81	-0.0119500000
159.82	-0.0095761000
159.83	-0.0079556000
159.84	-0.0055898000
159.85	-0.0032940000
159.86	-0.0015490000
159.87	-0.0010471000
159.88	-0.0012839000
159.89	-0.0003332100
159.9	0.0014421000
159.91	0.0004612900
159.92	-0.0058337000
159.93	-0.0132310000
159.94	-0.0173330000
159.95	-0.0181310000
159.96	-0.0159850000
159.97	-0.0105380000
159.98	-0.0017887000
159.99	0.0061270000
160	0.0082460000
160.01	0.0062626000
160.02	0.0043803000
160.03	0.0035576000
160.04	-0.0002934200
160.05	-0.0102200000
160.06	-0.0204230000
160.07	-0.0217140000
160.08	-0.0106070000
160.09	0.0059785000
160.1	0.0177720000
160.11	0.0227010000
160.12	0.0258480000
160.13	0.0288270000
160.14	0.0288780000
160.15	0.0256500000
160.16	0.0193330000
160.17	0.0107270000
160.18	0.0030753000
160.19	-0.0003569500
160.2	-0.0016186000
160.21	-0.0066758000
160.22	-0.0155170000
160.23	-0.0231890000
160.24	-0.0249930000
160.25	-0.0182230000
160.26	-0.0041999000
160.27	0.0123060000
160.28	0.0241800000
160.29	0.0245080000
160.3	0.0136170000
160.31	0.0009506000
160.32	-0.0061351000
160.33	-0.0069895000
160.34	-0.0030029000
160.35	0.0027866000
160.36	0.0070119000
160.37	0.0066020000
160.38	0.0021052000
160.39	-0.0012587000
160.4	-0.0007767600
160.41	0.0014963000
160.42	0.0018459000
160.43	-0.0004551400
160.44	-0.0030322000
160.45	-0.0038389000
160.46	-0.0024753000
160.47	0.0017903000
160.48	0.0087395000
160.49	0.0144020000
160.5	0.0163000000
160.51	0.0128520000
160.52	0.0046591000
160.53	-0.0034248000
160.54	-0.0079880000
160.55	-0.0076134000
160.56	-0.0042032000
160.57	-0.0024552000
160.58	-0.0026628000
160.59	0.0014746000
160.6	0.0118690000
160.61	0.0224810000
160.62	0.0272660000
160.63	0.0238300000
160.64	0.0157300000
160.65	0.0072742000
160.66	0.0006072000
160.67	-0.0013632000
160.68	0.0015437000
160.69	0.0062223000
160.7	0.0096558000
160.71	0.0100130000
160.72	0.0090826000
160.73	0.0101290000
160.74	0.0129970000
160.75	0.0154750000
160.76	0.0139320000
160.77	0.0082772000
160.78	0.0034420000
160.79	0.0015243000
160.8	0.0022073000
160.81	0.0043779000
160.82	0.0057638000
160.83	0.0057629000
160.84	0.0070865000
160.85	0.0118840000
160.86	0.0176530000
160.87	0.0194500000
160.88	0.0149860000
160.89	0.0068562000
160.9	-0.0030887000
160.91	-0.0116110000
160.92	-0.0145880000
160.93	-0.0142050000
160.94	-0.0128810000
160.95	-0.0130020000
160.96	-0.0164050000
160.97	-0.0210360000
160.98	-0.0226030000
160.99	-0.0164660000
161	-0.0060953000
161.01	0.0032078000
161.02	0.0124510000
161.03	0.0201610000
161.04	0.0220200000
161.05	0.0171610000
161.06	0.0083712000
161.07	-0.0010210000
161.08	-0.0087370000
161.09	-0.0140120000
161.1	-0.0163680000
161.11	-0.0149390000
161.12	-0.0109500000
161.13	-0.0056063000
161.14	0.0012175000
161.15	0.0091041000
161.16	0.0144400000
161.17	0.0111210000
161.18	-0.0002953900
161.19	-0.0120850000
161.2	-0.0168010000
161.21	-0.0138770000
161.22	-0.0092604000
161.23	-0.0063147000
161.24	-0.0048049000
161.25	-0.0045686000
161.26	-0.0068510000
161.27	-0.0109930000
161.28	-0.0132940000
161.29	-0.0132820000
161.3	-0.0127030000
161.31	-0.0108250000
161.32	-0.0067982000
161.33	-0.0034099000
161.34	-0.0033638000
161.35	-0.0052927000
161.36	-0.0051725000
161.37	-0.0006518500
161.38	0.0052855000
161.39	0.0094215000
161.4	0.0115720000
161.41	0.0120250000
161.42	0.0115990000
161.43	0.0098971000
161.44	0.0048281000
161.45	-0.0017820000
161.46	-0.0040817000
161.47	-0.0006920100
161.48	0.0027085000
161.49	0.0005882700
161.5	-0.0060517000
161.51	-0.0121710000
161.52	-0.0144810000
161.53	-0.0126320000
161.54	-0.0086495000
161.55	-0.0038049000
161.56	0.0040252000
161.57	0.0138100000
161.58	0.0180310000
161.59	0.0113750000
161.6	-0.0011448000
161.61	-0.0094966000
161.62	-0.0092965000
161.63	-0.0032411000
161.64	0.0044252000
161.65	0.0113400000
161.66	0.0142340000
161.67	0.0121300000
161.68	0.0087171000
161.69	0.0070331000
161.7	0.0071992000
161.71	0.0086365000
161.72	0.0105800000
161.73	0.0079332000
161.74	-0.0018757000
161.75	-0.0122090000
161.76	-0.0141670000
161.77	-0.0083317000
161.78	-0.0020992000
161.79	0.0032854000
161.8	0.0075806000
161.81	0.0077177000
161.82	0.0022691000
161.83	-0.0057727000
161.84	-0.0110560000
161.85	-0.0117610000
161.86	-0.0093037000
161.87	-0.0059768000
161.88	-0.0007353200
161.89	0.0058244000
161.9	0.0078533000
161.91	0.0037576000
161.92	-0.0015916000
161.93	-0.0030847000
161.94	0.0000888490
161.95	0.0056073000
161.96	0.0109250000
161.97	0.0136330000
161.98	0.0119890000
161.99	0.0057698000
162	-0.0044775000
162.01	-0.0159430000
162.02	-0.0210830000
162.03	-0.0129000000
162.04	0.0044568000
162.05	0.0185980000
162.06	0.0209120000
162.07	0.0115410000
162.08	-0.0016388000
162.09	-0.0122080000
162.1	-0.0189110000
162.11	-0.0230020000
162.12	-0.0244510000
162.13	-0.0204280000
162.14	-0.0129170000
162.15	-0.0073902000
162.16	-0.0074047000
162.17	-0.0114130000
162.18	-0.0130680000
162.19	-0.0094931000
162.2	-0.0057242000
162.21	-0.0082998000
162.22	-0.0151550000
162.23	-0.0206580000
162.24	-0.0214780000
162.25	-0.0175320000
162.26	-0.0134980000
162.27	-0.0106770000
162.28	-0.0070352000
162.29	-0.0029479000
162.3	-0.0007448400
162.31	-0.0022589000
162.32	-0.0064209000
162.33	-0.0110960000
162.34	-0.0162200000
162.35	-0.0204490000
162.36	-0.0188730000
162.37	-0.0107170000
162.38	0.0002448100
162.39	0.0107870000
162.4	0.0183500000
162.41	0.0197440000
162.42	0.0125300000
162.43	0.0008262800
162.44	-0.0068026000
162.45	-0.0060701000
162.46	0.0004343900
162.47	0.0080230000
162.48	0.0126220000
162.49	0.0109850000
162.5	0.0039113000
162.51	-0.0041537000
162.52	-0.0080996000
162.53	-0.0054124000
162.54	0.0007099600
162.55	0.0045881000
162.56	0.0030408000
162.57	-0.0017334000
162.58	-0.0057362000
162.59	-0.0101370000
162.6	-0.0159720000
162.61	-0.0191600000
162.62	-0.0155390000
162.63	-0.0058714000
162.64	0.0035908000
162.65	0.0076615000
162.66	0.0071270000
162.67	0.0048664000
162.68	0.0023729000
162.69	0.0010598000
162.7	0.0005118000
162.71	0.0009694400
162.72	0.0054244000
162.73	0.0116860000
162.74	0.0136680000
162.75	0.0085637000
162.76	-0.0009600500
162.77	-0.0087957000
162.78	-0.0096618000
162.79	-0.0012925000
162.8	0.0130650000
162.81	0.0270300000
162.82	0.0339950000
162.83	0.0309300000
162.84	0.0203280000
162.85	0.0040262000
162.86	-0.0132380000
162.87	-0.0223460000
162.88	-0.0187970000
162.89	-0.0072153000
162.9	0.0032505000
162.91	0.0090791000
162.92	0.0104460000
162.93	0.0073536000
162.94	0.0021634000
162.95	-0.0006349400
162.96	0.0027644000
162.97	0.0103230000
162.98	0.0178180000
162.99	0.0229200000
163	0.0223210000
163.01	0.0127290000
163.02	-0.0036483000
163.03	-0.0168610000
163.04	-0.0188490000
163.05	-0.0096895000
163.06	0.0049007000
163.07	0.0168010000
163.08	0.0231020000
163.09	0.0253200000
163.1	0.0236040000
163.11	0.0172380000
163.12	0.0059649000
163.13	-0.0060714000
163.14	-0.0122860000
163.15	-0.0099793000
163.16	0.0010222000
163.17	0.0178930000
163.18	0.0325410000
163.19	0.0372550000
163.2	0.0303700000
163.21	0.0158460000
163.22	0.0009107800
163.23	-0.0062755000
163.24	-0.0019372000
163.25	0.0089629000
163.26	0.0189150000
163.27	0.0233920000
163.28	0.0208960000
163.29	0.0152520000
163.3	0.0108050000
163.31	0.0075340000
163.32	0.0064834000
163.33	0.0087965000
163.34	0.0105320000
163.35	0.0080477000
163.36	0.0027626000
163.37	-0.0020237000
163.38	-0.0048845000
163.39	-0.0050564000
163.4	-0.0011513000
163.41	0.0051619000
163.42	0.0113100000
163.43	0.0156730000
163.44	0.0154380000
163.45	0.0098460000
163.46	0.0007851300
163.47	-0.0084616000
163.48	-0.0150350000
163.49	-0.0182130000
163.5	-0.0181120000
163.51	-0.0152660000
163.52	-0.0109480000
163.53	-0.0077775000
163.54	-0.0051180000
163.55	-0.0013254000
163.56	-0.0001111900
163.57	-0.0043905000
163.58	-0.0114650000
163.59	-0.0139170000
163.6	-0.0093367000
163.61	-0.0028172000
163.62	0.0032863000
163.63	0.0092191000
163.64	0.0164010000
163.65	0.0225360000
163.66	0.0241030000
163.67	0.0225870000
163.68	0.0162710000
163.69	0.0063905000
163.7	0.0006671100
163.71	0.0018744000
163.72	0.0060253000
163.73	0.0078147000
163.74	0.0055678000
163.75	-0.0012489000
163.76	-0.0100970000
163.77	-0.0137630000
163.78	-0.0101140000
163.79	-0.0034739000
163.8	0.0025755000
163.81	0.0073995000
163.82	0.0103110000
163.83	0.0099140000
163.84	0.0058381000
163.85	0.0004066000
163.86	-0.0024314000
163.87	-0.0020754000
163.88	-0.0016974000
163.89	-0.0043094000
163.9	-0.0096732000
163.91	-0.0154920000
163.92	-0.0190020000
163.93	-0.0176300000
163.94	-0.0123140000
163.95	-0.0068970000
163.96	-0.0041370000
163.97	-0.0034043000
163.98	-0.0043980000
163.99	-0.0082537000
164	-0.0113870000
164.01	-0.0105240000
164.02	-0.0091861000
164.03	-0.0117540000
164.04	-0.0188550000
164.05	-0.0263840000
164.06	-0.0286750000
164.07	-0.0254650000
164.08	-0.0203430000
164.09	-0.0150060000
164.1	-0.0098220000
164.11	-0.0067260000
164.12	-0.0080624000
164.13	-0.0120740000
164.14	-0.0150740000
164.15	-0.0170930000
164.16	-0.0178830000
164.17	-0.0145450000
164.18	-0.0072683000
164.19	0.0005903900
164.2	0.0055555000
164.21	0.0057502000
164.22	0.0032915000
164.23	0.0017300000
164.24	0.0028083000
164.25	0.0037051000
164.26	-0.0021835000
164.27	-0.0127390000
164.28	-0.0196280000
164.29	-0.0198260000
164.3	-0.0149810000
164.31	-0.0110370000
164.32	-0.0110710000
164.33	-0.0124370000
164.34	-0.0102580000
164.35	-0.0040391000
164.36	-0.0004742600
164.37	-0.0049682000
164.38	-0.0114890000
164.39	-0.0090614000
164.4	-0.0041451000
164.41	-0.0008824700
164.42	-0.0077123000
164.43	-0.0260920000
164.44	-0.0242650000
164.45	-0.0040713000
164.46	0.0138610000
164.47	0.0123310000
164.48	-0.0036273000
164.49	-0.0010707000
164.5	0.0044315000
164.51	0.0014220000
164.52	-0.0057353000
164.53	-0.0145130000
164.54	-0.0070520000
164.55	0.0184970000
164.56	0.0411680000
164.57	0.0141230000
164.58	-0.0414520000
164.59	-0.0534280000
164.6	-0.0172330000
164.61	0.0295100000
164.62	0.0469040000
164.63	0.0319330000
164.64	0.0068215000
164.65	-0.0174880000
164.66	-0.0189170000
164.67	0.0036915000
164.68	0.0199530000
164.69	0.0171160000
164.7	0.0044532000
164.71	0.0017155000
164.72	0.0019081000
164.73	-0.0055733000
164.74	-0.0036304000
164.75	0.0028790000
164.76	0.0081666000
164.77	0.0084336000
164.78	0.0001915400
164.79	-0.0054707000
164.8	-0.0052997000
164.81	0.0010391000
164.82	0.0013959000
164.83	-0.0063880000
164.84	-0.0125740000
164.85	-0.0138510000
164.86	-0.0031248000
164.87	0.0119070000
164.88	0.0145650000
164.89	0.0029517000
164.9	-0.0122790000
164.91	-0.0219660000
164.92	-0.0178390000
164.93	-0.0038180000
164.94	0.0046889000
164.95	0.0052031000
164.96	0.0046994000
164.97	0.0059892000
164.98	0.0056828000
164.99	0.0019915000
165	-0.0050684000
165.01	-0.0080016000
165.02	-0.0013771000
165.03	0.0074593000
165.04	0.0126400000
165.05	0.0086470000
165.06	-0.0017538000
165.07	-0.0075098000
165.08	-0.0058369000
165.09	-0.0003643900
165.1	0.0031562000
165.11	0.0071649000
165.12	0.0162160000
165.13	0.0214560000
165.14	0.0155460000
165.15	0.0025757000
165.16	-0.0056512000
165.17	-0.0012390000
165.18	0.0087762000
165.19	0.0138030000
165.2	0.0093549000
165.21	0.0028763000
165.22	0.0046185000
165.23	0.0079978000
165.24	0.0070823000
165.25	0.0059194000
165.26	0.0066178000
165.27	0.0132660000
165.28	0.0234840000
165.29	0.0288450000
165.3	0.0263310000
165.31	0.0208020000
165.32	0.0161730000
165.33	0.0076555000
165.34	0.0015613000
165.35	0.0039683000
165.36	0.0065148000
165.37	0.0038118000
165.38	-0.0061657000
165.39	-0.0198200000
165.4	-0.0269690000
165.41	-0.0190240000
165.42	-0.0012646000
165.43	0.0111400000
165.44	0.0126370000
165.45	0.0066541000
165.46	0.0005984300
165.47	0.0004385700
165.48	0.0054873000
165.49	0.0116190000
165.5	0.0140270000
165.51	0.0117010000
165.52	0.0092840000
165.53	0.0093665000
165.54	0.0087668000
165.55	0.0067660000
165.56	0.0067160000
165.57	0.0059791000
165.58	0.0014418000
165.59	0.0003951800
165.6	0.0051455000
165.61	0.0073118000
165.62	0.0069204000
165.63	0.0098750000
165.64	0.0122700000
165.65	0.0092529000
165.66	0.0025954000
165.67	-0.0043629000
165.68	-0.0062987000
165.69	-0.0021361000
165.7	0.0045916000
165.71	0.0091078000
165.72	0.0063950000
165.73	-0.0020336000
165.74	-0.0109620000
165.75	-0.0138590000
165.76	-0.0119400000
165.77	-0.0125770000
165.78	-0.0115470000
165.79	-0.0045238000
165.8	0.0043010000
165.81	0.0095320000
165.82	0.0097691000
165.83	0.0050234000
165.84	-0.0036115000
165.85	-0.0069571000
165.86	-0.0038360000
165.87	-0.0027308000
165.88	-0.0059388000
165.89	-0.0072546000
165.9	-0.0051149000
165.91	-0.0056484000
165.92	-0.0056913000
165.93	-0.0039085000
165.94	-0.0029773000
165.95	0.0020982000
165.96	0.0135130000
165.97	0.0234740000
165.98	0.0230510000
165.99	0.0146130000
166	0.0064074000
166.01	0.0006212600
166.02	-0.0064638000
166.03	-0.0122750000
166.04	-0.0087974000
166.05	-0.0002215800
166.06	0.0026401000
166.07	0.0013396000
166.08	0.0024820000
166.09	0.0048543000
166.1	0.0067023000
166.11	0.0113500000
166.12	0.0157220000
166.13	0.0125060000
166.14	0.0047484000
166.15	-0.0035795000
166.16	-0.0110080000
166.17	-0.0161570000
166.18	-0.0181760000
166.19	-0.0127030000
166.2	-0.0007755200
166.21	0.0107400000
166.22	0.0163600000
166.23	0.0174940000
166.24	0.0146310000
166.25	0.0045681000
166.26	-0.0047078000
166.27	-0.0070173000
166.28	-0.0078490000
166.29	-0.0100470000
166.3	-0.0099397000
166.31	-0.0051034000
166.32	0.0036539000
166.33	0.0143670000
166.34	0.0191810000
166.35	0.0141820000
166.36	0.0056750000
166.37	-0.0025013000
166.38	-0.0077204000
166.39	-0.0081968000
166.4	-0.0058231000
166.41	-0.0006951400
166.42	0.0040869000
166.43	0.0042340000
166.44	-0.0000406680
166.45	-0.0062293000
166.46	-0.0076159000
166.47	-0.0016849000
166.48	0.0049809000
166.49	0.0056284000
166.5	-0.0000226220
166.51	-0.0063962000
166.52	-0.0097301000
166.53	-0.0088452000
166.54	-0.0030042000
166.55	0.0059922000
166.56	0.0145070000
166.57	0.0185230000
166.58	0.0154670000
166.59	0.0047895000
166.6	-0.0115050000
166.61	-0.0225120000
166.62	-0.0184690000
166.63	-0.0040716000
166.64	0.0107230000
166.65	0.0167080000
166.66	0.0130310000
166.67	0.0069530000
166.68	0.0011013000
166.69	-0.0051917000
166.7	-0.0084376000
166.71	-0.0029705000
166.72	0.0045215000
166.73	0.0026787000
166.74	-0.0068238000
166.75	-0.0151400000
166.76	-0.0164200000
166.77	-0.0118960000
166.78	-0.0044323000
166.79	0.0007159900
166.8	-0.0016461000
166.81	-0.0076372000
166.82	-0.0111160000
166.83	-0.0096344000
166.84	-0.0051901000
166.85	-0.0000894160
166.86	0.0044260000
166.87	0.0043332000
166.88	-0.0004043400
166.89	-0.0051781000
166.9	-0.0074517000
166.91	-0.0072007000
166.92	-0.0057294000
166.93	-0.0055616000
166.94	-0.0072296000
166.95	-0.0062401000
166.96	-0.0008813300
166.97	0.0044416000
166.98	0.0049281000
166.99	-0.0007389000
167	-0.0070697000
167.01	-0.0101720000
167.02	-0.0126160000
167.03	-0.0144750000
167.04	-0.0141840000
167.05	-0.0117360000
167.06	-0.0075741000
167.07	-0.0031141000
167.08	0.0028735000
167.09	0.0099285000
167.1	0.0114110000
167.11	0.0059411000
167.12	-0.0025307000
167.13	-0.0101770000
167.14	-0.0123630000
167.15	-0.0102740000
167.16	-0.0063763000
167.17	-0.0005199000
167.18	0.0037401000
167.19	0.0062226000
167.2	0.0088000000
167.21	0.0081199000
167.22	0.0019763000
167.23	-0.0055794000
167.24	-0.0069619000
167.25	-0.0030718000
167.26	-0.0003004500
167.27	0.0006001600
167.28	0.0013229000
167.29	0.0026926000
167.3	0.0020149000
167.31	-0.0025746000
167.32	-0.0066306000
167.33	-0.0065986000
167.34	-0.0053241000
167.35	-0.0045395000
167.36	-0.0049371000
167.37	-0.0075527000
167.38	-0.0097683000
167.39	-0.0110350000
167.4	-0.0113540000
167.41	-0.0099481000
167.42	-0.0052543000
167.43	0.0024668000
167.44	0.0083257000
167.45	0.0109320000
167.46	0.0097274000
167.47	0.0049721000
167.48	-0.0007427700
167.49	-0.0052492000
167.5	-0.0051588000
167.51	-0.0011261000
167.52	0.0027812000
167.53	0.0071814000
167.54	0.0146950000
167.55	0.0196570000
167.56	0.0153810000
167.57	0.0064512000
167.58	-0.0013540000
167.59	-0.0060036000
167.6	-0.0058395000
167.61	-0.0046674000
167.62	-0.0057866000
167.63	-0.0039087000
167.64	0.0064328000
167.65	0.0182640000
167.66	0.0203380000
167.67	0.0140310000
167.68	0.0052996000
167.69	-0.0022206000
167.7	-0.0073573000
167.71	-0.0107860000
167.72	-0.0084092000
167.73	-0.0003769300
167.74	0.0066551000
167.75	0.0095666000
167.76	0.0092328000
167.77	0.0085887000
167.78	0.0082398000
167.79	0.0073235000
167.8	0.0084529000
167.81	0.0089428000
167.82	0.0027115000
167.83	-0.0072341000
167.84	-0.0148230000
167.85	-0.0167890000
167.86	-0.0136270000
167.87	-0.0079949000
167.88	0.0003789400
167.89	0.0109580000
167.9	0.0210270000
167.91	0.0262390000
167.92	0.0195370000
167.93	0.0020079000
167.94	-0.0139110000
167.95	-0.0192650000
167.96	-0.0143080000
167.97	-0.0051886000
167.98	0.0002963700
167.99	-0.0003025100
168	-0.0041501000
168.01	-0.0099253000
168.02	-0.0171690000
168.03	-0.0213050000
168.04	-0.0188810000
168.05	-0.0132600000
168.06	-0.0078672000
168.07	-0.0026233000
168.08	0.0018351000
168.09	0.0068238000
168.1	0.0125300000
168.11	0.0144360000
168.12	0.0097507000
168.13	-0.0009580800
168.14	-0.0121920000
168.15	-0.0169780000
168.16	-0.0151510000
168.17	-0.0102970000
168.18	-0.0027450000
168.19	0.0058704000
168.2	0.0110630000
168.21	0.0130160000
168.22	0.0140240000
168.23	0.0119970000
168.24	0.0034641000
168.25	-0.0076256000
168.26	-0.0149300000
168.27	-0.0153150000
168.28	-0.0075474000
168.29	0.0016795000
168.3	0.0054090000
168.31	0.0059033000
168.32	0.0090238000
168.33	0.0125210000
168.34	0.0072947000
168.35	-0.0055893000
168.36	-0.0177860000
168.37	-0.0234290000
168.38	-0.0194250000
168.39	-0.0091806000
168.4	-0.0003133200
168.41	0.0042174000
168.42	0.0106080000
168.43	0.0207680000
168.44	0.0235350000
168.45	0.0112220000
168.46	-0.0092200000
168.47	-0.0225730000
168.48	-0.0234930000
168.49	-0.0199220000
168.5	-0.0164830000
168.51	-0.0111240000
168.52	-0.0029306000
168.53	0.0021039000
168.54	-0.0008496700
168.55	-0.0033954000
168.56	0.0052480000
168.57	0.0179580000
168.58	0.0191260000
168.59	0.0083478000
168.6	-0.0079620000
168.61	-0.0208580000
168.62	-0.0169040000
168.63	0.0012630000
168.64	0.0172250000
168.65	0.0177470000
168.66	0.0067365000
168.67	-0.0010105000
168.68	-0.0037608000
168.69	-0.0062001000
168.7	-0.0109130000
168.71	-0.0126790000
168.72	-0.0051215000
168.73	0.0033354000
168.74	0.0067288000
168.75	0.0055806000
168.76	-0.0006630800
168.77	-0.0094994000
168.78	-0.0183330000
168.79	-0.0238480000
168.8	-0.0211280000
168.81	-0.0082205000
168.82	0.0100920000
168.83	0.0244320000
168.84	0.0274080000
168.85	0.0171670000
168.86	-0.0002369000
168.87	-0.0138190000
168.88	-0.0165610000
168.89	-0.0110860000
168.9	-0.0059833000
168.91	-0.0030750000
168.92	-0.0003431300
168.93	0.0002733900
168.94	-0.0012304000
168.95	-0.0048505000
168.96	-0.0078264000
168.97	-0.0044042000
168.98	0.0033158000
168.99	0.0087753000
169	0.0070437000
169.01	-0.0027806000
169.02	-0.0171420000
169.03	-0.0293040000
169.04	-0.0287980000
169.05	-0.0133810000
169.06	0.0046312000
169.07	0.0162170000
169.08	0.0210870000
169.09	0.0188390000
169.1	0.0113960000
169.11	0.0035297000
169.12	-0.0006574500
169.13	-0.0028643000
169.14	-0.0069873000
169.15	-0.0100510000
169.16	-0.0085934000
169.17	-0.0045134000
169.18	-0.0024120000
169.19	-0.0010656000
169.2	0.0027916000
169.21	0.0045083000
169.22	0.0018096000
169.23	-0.0015920000
169.24	-0.0030286000
169.25	-0.0033750000
169.26	-0.0082155000
169.27	-0.0187980000
169.28	-0.0242230000
169.29	-0.0157010000
169.3	-0.0023606000
169.31	0.0002371300
169.32	-0.0080493000
169.33	-0.0141440000
169.34	-0.0123190000
169.35	-0.0107340000
169.36	-0.0144390000
169.37	-0.0164330000
169.38	-0.0130110000
169.39	-0.0086313000
169.4	-0.0032834000
169.41	0.0060601000
169.42	0.0145960000
169.43	0.0179000000
169.44	0.0196860000
169.45	0.0195990000
169.46	0.0147180000
169.47	0.0095062000
169.48	0.0082800000
169.49	0.0090343000
169.5	0.0076611000
169.51	0.0041235000
169.52	0.0026508000
169.53	0.0030443000
169.54	0.0010589000
169.55	-0.0011532000
169.56	0.0016056000
169.57	0.0073202000
169.58	0.0098613000
169.59	0.0082837000
169.6	0.0060186000
169.61	0.0035853000
169.62	0.0001083000
169.63	-0.0009362800
169.64	0.0037213000
169.65	0.0119790000
169.66	0.0180770000
169.67	0.0155140000
169.68	0.0052410000
169.69	-0.0055199000
169.7	-0.0106980000
169.71	-0.0071495000
169.72	0.0005000500
169.73	0.0056534000
169.74	0.0075967000
169.75	0.0068358000
169.76	0.0023552000
169.77	-0.0041447000
169.78	-0.0070829000
169.79	-0.0061682000
169.8	-0.0074591000
169.81	-0.0121120000
169.82	-0.0147970000
169.83	-0.0118220000
169.84	-0.0049889000
169.85	0.0015814000
169.86	0.0045150000
169.87	0.0025684000
169.88	-0.0006722500
169.89	0.0009942500
169.9	0.0061536000
169.91	0.0080652000
169.92	0.0051454000
169.93	0.0002403400
169.94	-0.0035278000
169.95	-0.0069779000
169.96	-0.0110100000
169.97	-0.0131940000
169.98	-0.0122860000
169.99	-0.0073156000
170	0.0012313000
170.01	0.0076391000
170.02	0.0073148000
170.03	0.0025856000
170.04	-0.0040409000
170.05	-0.0098812000
170.06	-0.0097415000
170.07	-0.0030137000
170.08	0.0054429000
170.09	0.0095805000
170.1	0.0069080000
170.11	0.0006265800
170.12	-0.0021608000
170.13	0.0020680000
170.14	0.0105150000
170.15	0.0205840000
170.16	0.0258480000
170.17	0.0196200000
170.18	0.0049936000
170.19	-0.0093689000
170.2	-0.0157450000
170.21	-0.0132530000
170.22	-0.0065898000
170.23	-0.0007294500
170.24	0.0017064000
170.25	0.0027349000
170.26	0.0044703000
170.27	0.0041221000
170.28	0.0014313000
170.29	0.0014821000
170.3	0.0037399000
170.31	0.0035642000
170.32	-0.0008136500
170.33	-0.0083512000
170.34	-0.0142900000
170.35	-0.0158340000
170.36	-0.0137380000
170.37	-0.0079658000
170.38	-0.0013657000
170.39	0.0021885000
170.4	0.0001132200
170.41	-0.0053648000
170.42	-0.0061497000
170.43	-0.0015656000
170.44	0.0043228000
170.45	0.0098710000
170.46	0.0124340000
170.47	0.0089534000
170.48	0.0022868000
170.49	-0.0005650100
170.5	-0.0005795200
170.51	-0.0014356000
170.52	-0.0018111000
170.53	0.0007556500
170.54	0.0046091000
170.55	0.0052921000
170.56	0.0044058000
170.57	0.0061314000
170.58	0.0083193000
170.59	0.0067254000
170.6	0.0037459000
170.61	0.0044986000
170.62	0.0088615000
170.63	0.0134640000
170.64	0.0153240000
170.65	0.0116940000
170.66	0.0041624000
170.67	0.0019654000
170.68	0.0105400000
170.69	0.0217480000
170.7	0.0243680000
170.71	0.0175090000
170.72	0.0092270000
170.73	0.0065482000
170.74	0.0082080000
170.75	0.0096164000
170.76	0.0099191000
170.77	0.0086652000
170.78	0.0057294000
170.79	0.0007760100
170.8	-0.0074130000
170.81	-0.0137110000
170.82	-0.0109370000
170.83	-0.0008467500
170.84	0.0061290000
170.85	0.0044352000
170.86	0.0002087300
170.87	-0.0021171000
170.88	-0.0033573000
170.89	-0.0033631000
170.9	-0.0025207000
170.91	-0.0006298200
170.92	0.0040245000
170.93	0.0102970000
170.94	0.0144950000
170.95	0.0142790000
170.96	0.0101900000
170.97	0.0039356000
170.98	-0.0031482000
170.99	-0.0075069000
171	-0.0067148000
171.01	-0.0017829000
171.02	0.0052034000
171.03	0.0115460000
171.04	0.0137470000
171.05	0.0073002000
171.06	-0.0053067000
171.07	-0.0143570000
171.08	-0.0136000000
171.09	-0.0063327000
171.1	-0.0010462000
171.11	0.0012444000
171.12	0.0053748000
171.13	0.0117450000
171.14	0.0162030000
171.15	0.0152770000
171.16	0.0101190000
171.17	0.0026518000
171.18	-0.0060168000
171.19	-0.0115630000
171.2	-0.0109620000
171.21	-0.0042682000
171.22	0.0056743000
171.23	0.0130130000
171.24	0.0139150000
171.25	0.0075094000
171.26	-0.0027101000
171.27	-0.0094468000
171.28	-0.0072142000
171.29	0.0019481000
171.3	0.0107590000
171.31	0.0147770000
171.32	0.0120470000
171.33	0.0030208000
171.34	-0.0082980000
171.35	-0.0180150000
171.36	-0.0231410000
171.37	-0.0208150000
171.38	-0.0107180000
171.39	0.0026996000
171.4	0.0122280000
171.41	0.0134540000
171.42	0.0084704000
171.43	0.0019544000
171.44	-0.0038544000
171.45	-0.0088972000
171.46	-0.0115260000
171.47	-0.0121550000
171.48	-0.0158270000
171.49	-0.0177780000
171.5	-0.0114990000
171.51	-0.0018921000
171.52	0.0050606000
171.53	0.0033028000
171.54	-0.0070623000
171.55	-0.0161940000
171.56	-0.0140680000
171.57	-0.0045036000
171.58	-0.0003456500
171.59	-0.0002399000
171.6	0.0018044000
171.61	0.0041040000
171.62	0.0026977000
171.63	-0.0022094000
171.64	-0.0039174000
171.65	0.0018318000
171.66	0.0125460000
171.67	0.0191430000
171.68	0.0124500000
171.69	-0.0036860000
171.7	-0.0145780000
171.71	-0.0096718000
171.72	0.0066389000
171.73	0.0196520000
171.74	0.0236630000
171.75	0.0211820000
171.76	0.0143660000
171.77	0.0061843000
171.78	-0.0010626000
171.79	-0.0030017000
171.8	0.0003195100
171.81	0.0037071000
171.82	0.0047514000
171.83	0.0042712000
171.84	0.0043325000
171.85	0.0076235000
171.86	0.0126860000
171.87	0.0087842000
171.88	-0.0077014000
171.89	-0.0241200000
171.9	-0.0269080000
171.91	-0.0174010000
171.92	-0.0059514000
171.93	0.0037257000
171.94	0.0108380000
171.95	0.0128280000
171.96	0.0074242000
171.97	-0.0033876000
171.98	-0.0109100000
171.99	-0.0105040000
172	-0.0047227000
172.01	0.0033371000
172.02	0.0077556000
172.03	0.0051885000
172.04	0.0010637000
172.05	-0.0006596600
172.06	-0.0014584000
172.07	-0.0021384000
172.08	-0.0010291000
172.09	0.0052311000
172.1	0.0136220000
172.11	0.0133690000
172.12	0.0045552000
172.13	-0.0012056000
172.14	-0.0000907570
172.15	0.0016602000
172.16	-0.0006975700
172.17	-0.0045924000
172.18	-0.0057064000
172.19	-0.0038326000
172.2	-0.0004480600
172.21	0.0030403000
172.22	0.0045274000
172.23	0.0032155000
172.24	0.0005611800
172.25	-0.0005885400
172.26	0.0022757000
172.27	0.0066349000
172.28	0.0032041000
172.29	-0.0089263000
172.3	-0.0167920000
172.31	-0.0123720000
172.32	0.0010846000
172.33	0.0108400000
172.34	0.0088014000
172.35	0.0054246000
172.36	0.0065938000
172.37	0.0037647000
172.38	-0.0064692000
172.39	-0.0177010000
172.4	-0.0191250000
172.41	-0.0057952000
172.42	0.0112400000
172.43	0.0164080000
172.44	0.0053684000
172.45	-0.0108220000
172.46	-0.0156800000
172.47	-0.0059543000
172.48	0.0057106000
172.49	0.0045749000
172.5	-0.0068596000
172.51	-0.0115350000
172.52	-0.0026402000
172.53	0.0132850000
172.54	0.0265410000
172.55	0.0292520000
172.56	0.0184350000
172.57	-0.0009231200
172.58	-0.0158810000
172.59	-0.0220360000
172.6	-0.0229200000
172.61	-0.0133250000
172.62	0.0065163000
172.63	0.0198800000
172.64	0.0177000000
172.65	0.0123660000
172.66	0.0132060000
172.67	0.0145380000
172.68	0.0098154000
172.69	0.0005451300
172.7	-0.0033211000
172.71	0.0008013600
172.72	0.0059417000
172.73	0.0077795000
172.74	0.0045819000
172.75	0.0014900000
172.76	0.0026607000
172.77	0.0035005000
172.78	0.0019110000
172.79	0.0004484600
172.8	0.0026539000
172.81	0.0068345000
172.82	0.0074572000
172.83	0.0033622000
172.84	-0.0070830000
172.85	-0.0205950000
172.86	-0.0224180000
172.87	-0.0067183000
172.88	0.0131840000
172.89	0.0224390000
172.9	0.0155680000
172.91	-0.0003282900
172.92	-0.0115720000
172.93	-0.0134820000
172.94	-0.0078767000
172.95	0.0031111000
172.96	0.0139300000
172.97	0.0155650000
172.98	0.0058146000
172.99	-0.0033880000
173	-0.0000249780
173.01	0.0130530000
173.02	0.0205930000
173.03	0.0111260000
173.04	-0.0086602000
173.05	-0.0208320000
173.06	-0.0154920000
173.07	-0.0001313000
173.08	0.0094369000
173.09	0.0087891000
173.1	0.0077962000
173.11	0.0117200000
173.12	0.0147360000
173.13	0.0118900000
173.14	0.0032355000
173.15	-0.0091611000
173.16	-0.0183040000
173.17	-0.0143120000
173.18	0.0022866000
173.19	0.0182270000
173.2	0.0239960000
173.21	0.0203780000
173.22	0.0101350000
173.23	-0.0036406000
173.24	-0.0148070000
173.25	-0.0166990000
173.26	-0.0097975000
173.27	-0.0006704900
173.28	0.0084044000
173.29	0.0154760000
173.3	0.0131980000
173.31	-0.0002877000
173.32	-0.0153590000
173.33	-0.0205100000
173.34	-0.0127280000
173.35	0.0002798100
173.36	0.0082405000
173.37	0.0093218000
173.38	0.0070278000
173.39	-0.0005359400
173.4	-0.0141540000
173.41	-0.0208940000
173.42	-0.0125760000
173.43	-0.0007829700
173.44	0.0053319000
173.45	0.0071491000
173.46	0.0063492000
173.47	0.0036813000
173.48	-0.0020827000
173.49	-0.0097984000
173.5	-0.0144910000
173.51	-0.0127420000
173.52	-0.0040763000
173.53	0.0057512000
173.54	0.0091502000
173.55	0.0053152000
173.56	-0.0011659000
173.57	-0.0065362000
173.58	-0.0085677000
173.59	-0.0064826000
173.6	-0.0040529000
173.61	-0.0046975000
173.62	-0.0077774000
173.63	-0.0101550000
173.64	-0.0110680000
173.65	-0.0097569000
173.66	-0.0016956000
173.67	0.0075407000
173.68	0.0093050000
173.69	0.0056019000
173.7	0.0002411500
173.71	-0.0021526000
173.72	-0.0011553000
173.73	-0.0019372000
173.74	-0.0055089000
173.75	-0.0095976000
173.76	-0.0102950000
173.77	-0.0044256000
173.78	0.0049353000
173.79	0.0081330000
173.8	0.0010654000
173.81	-0.0092746000
173.82	-0.0159310000
173.83	-0.0179730000
173.84	-0.0165870000
173.85	-0.0124850000
173.86	-0.0084680000
173.87	-0.0047743000
173.88	0.0001228300
173.89	0.0048318000
173.9	0.0079296000
173.91	0.0066315000
173.92	0.0003822400
173.93	-0.0061033000
173.94	-0.0073626000
173.95	-0.0013688000
173.96	0.0077319000
173.97	0.0123580000
173.98	0.0075041000
173.99	-0.0053340000
174	-0.0186050000
174.01	-0.0241940000
174.02	-0.0184760000
174.03	-0.0052940000
174.04	0.0051735000
174.05	0.0052662000
174.06	-0.0038171000
174.07	-0.0149630000
174.08	-0.0215380000
174.09	-0.0206330000
174.1	-0.0135890000
174.11	-0.0058511000
174.12	-0.0025420000
174.13	-0.0032785000
174.14	-0.0050751000
174.15	-0.0077359000
174.16	-0.0110070000
174.17	-0.0107450000
174.18	-0.0050274000
174.19	0.0022230000
174.2	0.0058561000
174.21	0.0035177000
174.22	-0.0009680200
174.23	-0.0027586000
174.24	-0.0023828000
174.25	-0.0015126000
174.26	0.0007684900
174.27	0.0034584000
174.28	0.0019445000
174.29	-0.0042258000
174.3	-0.0098730000
174.31	-0.0108080000
174.32	-0.0078402000
174.33	-0.0024832000
174.34	0.0046668000
174.35	0.0095067000
174.36	0.0084494000
174.37	0.0025214000
174.38	-0.0042042000
174.39	-0.0069759000
174.4	-0.0041478000
174.41	-0.0005810700
174.42	-0.0016051000
174.43	-0.0050216000
174.44	-0.0047875000
174.45	0.0017825000
174.46	0.0099565000
174.47	0.0128380000
174.48	0.0098212000
174.49	0.0040114000
174.5	-0.0027999000
174.51	-0.0080200000
174.52	-0.0094566000
174.53	-0.0077652000
174.54	-0.0039710000
174.55	-0.0006908100
174.56	0.0009827800
174.57	0.0019473000
174.58	0.0019415000
174.59	0.0028508000
174.6	0.0039655000
174.61	0.0014977000
174.62	-0.0041016000
174.63	-0.0084669000
174.64	-0.0087051000
174.65	-0.0062166000
174.66	-0.0023927000
174.67	0.0022680000
174.68	0.0039440000
174.69	0.0000005469
174.7	-0.0051897000
174.71	-0.0087543000
174.72	-0.0103580000
174.73	-0.0062037000
174.74	0.0033788000
174.75	0.0116310000
174.76	0.0122330000
174.77	0.0068263000
174.78	0.0030584000
174.79	0.0028387000
174.8	0.0024374000
174.81	0.0008376500
174.82	0.0013293000
174.83	0.0053048000
174.84	0.0073118000
174.85	0.0026223000
174.86	-0.0036065000
174.87	-0.0051694000
174.88	-0.0037755000
174.89	-0.0035906000
174.9	-0.0068647000
174.91	-0.0106220000
174.92	-0.0088742000
174.93	-0.0015320000
174.94	0.0057550000
174.95	0.0069193000
174.96	0.0011725000
174.97	-0.0064780000
174.98	-0.0119610000
174.99	-0.0138750000
175	-0.0123030000
175.01	-0.0064250000
175.02	0.0022876000
175.03	0.0080631000
175.04	0.0085501000
175.05	0.0020598000
175.06	-0.0118070000
175.07	-0.0253530000
175.08	-0.0292550000
175.09	-0.0195840000
175.1	0.0012340000
175.11	0.0239980000
175.12	0.0341200000
175.13	0.0247630000
175.14	0.0051344000
175.15	-0.0108220000
175.16	-0.0143900000
175.17	-0.0057995000
175.18	0.0069397000
175.19	0.0099260000
175.2	-0.0096928000
175.21	-0.0419240000
175.22	-0.0578410000
175.23	-0.0384260000
175.24	0.0152670000
175.25	0.0806310000
175.26	0.1220700000
175.27	0.1037000000
175.28	0.0164810000
175.29	-0.0938360000
175.3	-0.1616100000
175.31	-0.1428700000
175.32	-0.0383200000
175.33	0.0946950000
175.34	0.1752800000
175.35	0.1521100000
175.36	0.0452570000
175.37	-0.0687560000
175.38	-0.1137300000
175.39	-0.0712490000
175.4	0.0080841000
175.41	0.0614520000
175.42	0.0571220000
175.43	0.0132630000
175.44	-0.0253580000
175.45	-0.0367490000
175.46	-0.0191560000
175.47	0.0112610000
175.48	0.0310990000
175.49	0.0334600000
175.5	0.0230560000
175.51	0.0160650000
175.52	0.0132530000
175.53	-0.0042377000
175.54	-0.0315770000
175.55	-0.0519980000
175.56	-0.0623370000
175.57	-0.0526550000
175.58	-0.0043998000
175.59	0.0644520000
175.6	0.1023500000
175.61	0.0858800000
175.62	0.0423330000
175.63	0.0029013000
175.64	-0.0309250000
175.65	-0.0584410000
175.66	-0.0728980000
175.67	-0.0663980000
175.68	-0.0449390000
175.69	-0.0224680000
175.7	0.0112980000
175.71	0.0439920000
175.72	0.0592540000
175.73	0.0835330000
175.74	0.1230400000
175.75	0.1300900000
175.76	0.0502490000
175.77	-0.0902130000
175.78	-0.1995100000
175.79	-0.2158100000
175.8	-0.1309300000
175.81	-0.0002851700
175.82	0.0911720000
175.83	0.1041000000
175.84	0.0644960000
175.85	0.0252390000
175.86	0.0108170000
175.87	0.0125360000
175.88	0.0230930000
175.89	0.0450230000
175.9	0.0584470000
175.91	0.0271930000
175.92	-0.0512360000
175.93	-0.1268800000
175.94	-0.1236500000
175.95	-0.0296120000
175.96	0.0704580000
175.97	0.0947190000
175.98	0.0481900000
175.99	0.0019951000
176	-0.0040256000
176.01	0.0108290000
176.02	0.0290350000
176.03	0.0342000000
176.04	0.0093355000
176.05	-0.0303860000
176.06	-0.0605520000
176.07	-0.0691760000
176.08	-0.0501850000
176.09	0.0136710000
176.1	0.1100700000
176.11	0.1472300000
176.12	0.0774630000
176.13	-0.0310350000
176.14	-0.1017600000
176.15	-0.1188700000
176.16	-0.0991340000
176.17	-0.0401610000
176.18	0.0353090000
176.19	0.0717560000
176.2	0.0652210000
176.21	0.0379650000
176.22	0.0050120000
176.23	-0.0155270000
176.24	-0.0178560000
176.25	-0.0053014000
176.26	0.0023603000
176.27	-0.0115610000
176.28	-0.0267370000
176.29	-0.0159770000
176.3	0.0100630000
176.31	0.0251000000
176.32	0.0290860000
176.33	0.0152770000
176.34	-0.0099733000
176.35	-0.0112410000
176.36	0.0053417000
176.37	0.0240770000
176.38	0.0378190000
176.39	0.0266840000
176.4	0.0040585000
176.41	-0.0047841000
176.42	0.0042950000
176.43	0.0173980000
176.44	0.0089946000
176.45	-0.0159650000
176.46	-0.0204570000
176.47	0.0167000000
176.48	0.0568020000
176.49	0.0448780000
176.5	-0.0059852000
176.51	-0.0473130000
176.52	-0.0486300000
176.53	-0.0185520000
176.54	0.0059717000
176.55	0.0073018000
176.56	-0.0075747000
176.57	-0.0057631000
176.58	0.0333750000
176.59	0.0776800000
176.6	0.0833600000
176.61	0.0357060000
176.62	-0.0410400000
176.63	-0.1097200000
176.64	-0.1308500000
176.65	-0.0845920000
176.66	-0.0072126000
176.67	0.0558700000
176.68	0.0867770000
176.69	0.0843650000
176.7	0.0533190000
176.71	0.0042122000
176.72	-0.0370950000
176.73	-0.0504180000
176.74	-0.0398300000
176.75	-0.0238770000
176.76	-0.0158090000
176.77	-0.0128900000
176.78	-0.0099354000
176.79	-0.0067850000
176.8	-0.0009596000
176.81	0.0075172000
176.82	0.0081098000
176.83	0.0037360000
176.84	0.0133710000
176.85	0.0290560000
176.86	0.0342780000
176.87	0.0261840000
176.88	0.0013837000
176.89	-0.0299870000
176.9	-0.0554010000
176.91	-0.0610590000
176.92	-0.0360690000
176.93	0.0015866000
176.94	0.0284180000
176.95	0.0311950000
176.96	0.0140650000
176.97	0.0044316000
176.98	0.0161940000
176.99	0.0336870000
177	0.0333430000
177.01	0.0066439000
177.02	-0.0269610000
177.03	-0.0396130000
177.04	-0.0236570000
177.05	0.0008396300
177.06	0.0107790000
177.07	0.0025163000
177.08	-0.0142330000
177.09	-0.0244380000
177.1	-0.0179190000
177.11	0.0003834100
177.12	0.0086527000
177.13	0.0063392000
177.14	0.0113050000
177.15	0.0198430000
177.16	0.0222350000
177.17	0.0128740000
177.18	-0.0018048000
177.19	-0.0158280000
177.2	-0.0314410000
177.21	-0.0386750000
177.22	-0.0291290000
177.23	-0.0179310000
177.24	-0.0214150000
177.25	-0.0229200000
177.26	-0.0088922000
177.27	0.0076515000
177.28	0.0182810000
177.29	0.0284080000
177.3	0.0220860000
177.31	-0.0227270000
177.32	-0.0721870000
177.33	-0.0850570000
177.34	-0.0547520000
177.35	0.0061701000
177.36	0.0663640000
177.37	0.0913700000
177.38	0.0657520000
177.39	0.0226680000
177.4	-0.0048661000
177.41	-0.0294110000
177.42	-0.0567450000
177.43	-0.0704660000
177.44	-0.0560290000
177.45	-0.0171290000
177.46	0.0287560000
177.47	0.0613310000
177.48	0.0607970000
177.49	0.0271100000
177.5	-0.0079738000
177.51	-0.0102520000
177.52	0.0045048000
177.53	-0.0029822000
177.54	-0.0299890000
177.55	-0.0453270000
177.56	-0.0302260000
177.57	0.0088136000
177.58	0.0417070000
177.59	0.0407300000
177.6	0.0164490000
177.61	-0.0050885000
177.62	-0.0109970000
177.63	-0.0006393900
177.64	-0.0004277400
177.65	-0.0281490000
177.66	-0.0624370000
177.67	-0.0748610000
177.68	-0.0483160000
177.69	0.0071003000
177.7	0.0596480000
177.71	0.0803520000
177.72	0.0598300000
177.73	0.0231830000
177.74	-0.0029512000
177.75	-0.0192090000
177.76	-0.0447010000
177.77	-0.0804800000
177.78	-0.0887570000
177.79	-0.0489450000
177.8	0.0155340000
177.81	0.0627710000
177.82	0.0685360000
177.83	0.0451960000
177.84	0.0158000000
177.85	0.0017154000
177.86	0.0115980000
177.87	0.0197980000
177.88	-0.0059514000
177.89	-0.0555310000
177.9	-0.0890810000
177.91	-0.0807670000
177.92	-0.0376770000
177.93	0.0189790000
177.94	0.0699070000
177.95	0.0908360000
177.96	0.0713170000
177.97	0.0215710000
177.98	-0.0279160000
177.99	-0.0439640000
178	-0.0397470000
178.01	-0.0434730000
178.02	-0.0499290000
178.03	-0.0410800000
178.04	0.0042679000
178.05	0.0777690000
178.06	0.1187600000
178.07	0.0868980000
178.08	0.0023965000
178.09	-0.0748350000
178.1	-0.0921560000
178.11	-0.0514960000
178.12	0.0024645000
178.13	0.0256480000
178.14	0.0253280000
178.15	0.0357420000
178.16	0.0607730000
178.17	0.0663710000
178.18	0.0193710000
178.19	-0.0482170000
178.2	-0.0766570000
178.21	-0.0428380000
178.22	0.0225370000
178.23	0.0519910000
178.24	0.0183380000
178.25	-0.0357590000
178.26	-0.0407040000
178.27	0.0125960000
178.28	0.0562950000
178.29	0.0552550000
178.3	0.0341760000
178.31	0.0282270000
178.32	0.0435290000
178.33	0.0275790000
178.34	-0.0449300000
178.35	-0.1089500000
178.36	-0.0997340000
178.37	-0.0274240000
178.38	0.0475330000
178.39	0.0763600000
178.4	0.0501730000
178.41	0.0103620000
178.42	0.0051303000
178.43	0.0188940000
178.44	0.0164780000
178.45	0.0004407800
178.46	-0.0111470000
178.47	-0.0145010000
178.48	-0.0201130000
178.49	-0.0357050000
178.5	-0.0479610000
178.51	-0.0317670000
178.52	0.0132360000
178.53	0.0654990000
178.54	0.0880320000
178.55	0.0448050000
178.56	-0.0379840000
178.57	-0.0813200000
178.58	-0.0539490000
178.59	0.0004583700
178.6	0.0475170000
178.61	0.0693220000
178.62	0.0395510000
178.63	-0.0205960000
178.64	-0.0529090000
178.65	-0.0402180000
178.66	-0.0102060000
178.67	0.0233380000
178.68	0.0570510000
178.69	0.0565050000
178.7	0.0008427400
178.71	-0.0744980000
178.72	-0.1066400000
178.73	-0.0499130000
178.74	0.0545250000
178.75	0.1132800000
178.76	0.0940620000
178.77	0.0271560000
178.78	-0.0365270000
178.79	-0.0680270000
178.8	-0.0647760000
178.81	-0.0335820000
178.82	-0.0053205000
178.83	0.0022935000
178.84	0.0079532000
178.85	0.0245800000
178.86	0.0380590000
178.87	0.0318900000
178.88	0.0096074000
178.89	-0.0131000000
178.9	-0.0275580000
178.91	-0.0372210000
178.92	-0.0425770000
178.93	-0.0323930000
178.94	0.0000658860
178.95	0.0436640000
178.96	0.0681270000
178.97	0.0436100000
178.98	-0.0127200000
178.99	-0.0507270000
179	-0.0494520000
179.01	-0.0270630000
179.02	0.0045305000
179.03	0.0379450000
179.04	0.0431450000
179.05	0.0143940000
179.06	-0.0257520000
179.07	-0.0505360000
179.08	-0.0410230000
179.09	-0.0109630000
179.1	0.0234020000
179.11	0.0470180000
179.12	0.0482820000
179.13	0.0391810000
179.14	0.0232050000
179.15	-0.0036779000
179.16	-0.0355190000
179.17	-0.0560740000
179.18	-0.0476380000
179.19	-0.0167400000
179.2	0.0169530000
179.21	0.0386240000
179.22	0.0435830000
179.23	0.0402260000
179.24	0.0340350000
179.25	0.0209120000
179.26	0.0019306000
179.27	-0.0152650000
179.28	-0.0314990000
179.29	-0.0422720000
179.3	-0.0331410000
179.31	-0.0060434000
179.32	0.0224160000
179.33	0.0428130000
179.34	0.0472560000
179.35	0.0274380000
179.36	-0.0028944000
179.37	-0.0178840000
179.38	-0.0071594000
179.39	0.0119390000
179.4	0.0145280000
179.41	-0.0000976480
179.42	-0.0196970000
179.43	-0.0296880000
179.44	-0.0168040000
179.45	0.0108590000
179.46	0.0290600000
179.47	0.0220840000
179.48	0.0061901000
179.49	0.0024042000
179.5	-0.0054738000
179.51	-0.0238330000
179.52	-0.0337120000
179.53	-0.0210000000
179.54	0.0143580000
179.55	0.0488330000
179.56	0.0623260000
179.57	0.0390530000
179.58	-0.0100380000
179.59	-0.0464450000
179.6	-0.0608960000
179.61	-0.0496430000
179.62	-0.0161560000
179.63	0.0199170000
179.64	0.0374830000
179.65	0.0196960000
179.66	-0.0167400000
179.67	-0.0433670000
179.68	-0.0411250000
179.69	-0.0087888000
179.7	0.0346280000
179.71	0.0656230000
179.72	0.0551590000
179.73	-0.0007567300
179.74	-0.0662610000
179.75	-0.0959890000
179.76	-0.0676240000
179.77	-0.0010626000
179.78	0.0677090000
179.79	0.1044700000
179.8	0.0834230000
179.81	0.0214290000
179.82	-0.0415770000
179.83	-0.0815040000
179.84	-0.0857290000
179.85	-0.0519990000
179.86	0.0026938000
179.87	0.0434020000
179.88	0.0469170000
179.89	0.0237580000
179.9	0.0030889000
179.91	0.0027636000
179.92	0.0170040000
179.93	0.0282700000
179.94	0.0235780000
179.95	-0.0009558800
179.96	-0.0386190000
179.97	-0.0579200000
179.98	-0.0374080000
179.99	0.0047898000
180	0.0385430000
180.01	0.0417390000
180.02	0.0206820000
180.03	-0.0035326000
180.04	-0.0149080000
180.05	-0.0060962000
180.06	0.0008877900
180.07	-0.0127730000
180.08	-0.0236930000
180.09	-0.0088669000
180.1	0.0149610000
180.11	0.0255080000
180.12	0.0220420000
180.13	0.0042406000
180.14	-0.0295040000
180.15	-0.0604890000
180.16	-0.0592290000
180.17	-0.0204450000
180.18	0.0304260000
180.19	0.0619430000
180.2	0.0615740000
180.21	0.0353410000
180.22	-0.0034888000
180.23	-0.0371410000
180.24	-0.0531490000
180.25	-0.0427180000
180.26	-0.0052525000
180.27	0.0373040000
180.28	0.0559580000
180.29	0.0434500000
180.3	0.0208080000
180.31	0.0040465000
180.32	-0.0146440000
180.33	-0.0367040000
180.34	-0.0445910000
180.35	-0.0200250000
180.36	0.0280270000
180.37	0.0545620000
180.38	0.0370440000
180.39	0.0004506200
180.4	-0.0313780000
180.41	-0.0473550000
180.42	-0.0393890000
180.43	-0.0081275000
180.44	0.0305490000
180.45	0.0546070000
180.46	0.0493710000
180.47	0.0135810000
180.48	-0.0287700000
180.49	-0.0494540000
180.5	-0.0389790000
180.51	-0.0159780000
180.52	-0.0088729000
180.53	-0.0061367000
180.54	0.0094210000
180.55	0.0261520000
180.56	0.0316740000
180.57	0.0190660000
180.58	-0.0018541000
180.59	-0.0122820000
180.6	-0.0132890000
180.61	-0.0131820000
180.62	-0.0104160000
180.63	-0.0031542000
180.64	0.0023852000
180.65	-0.0012110000
180.66	-0.0082617000
180.67	-0.0089295000
180.68	-0.0059160000
180.69	0.0014671000
180.7	0.0239780000
180.71	0.0551320000
180.72	0.0674060000
180.73	0.0467110000
180.74	0.0101910000
180.75	-0.0135740000
180.76	-0.0178120000
180.77	-0.0135990000
180.78	-0.0012493000
180.79	0.0121920000
180.8	0.0171370000
180.81	0.0218790000
180.82	0.0131090000
180.83	-0.0281920000
180.84	-0.0748480000
180.85	-0.0786890000
180.86	-0.0233770000
180.87	0.0560080000
180.88	0.1048800000
180.89	0.0903320000
180.9	0.0201450000
180.91	-0.0636900000
180.92	-0.1212500000
180.93	-0.1320800000
180.94	-0.0932660000
180.95	-0.0286040000
180.96	0.0249590000
180.97	0.0545970000
180.98	0.0670540000
180.99	0.0600860000
181	0.0332710000
181.01	0.0045461000
181.02	-0.0061086000
181.03	-0.0037895000
181.04	-0.0078791000
181.05	-0.0232300000
181.06	-0.0410770000
181.07	-0.0499620000
181.08	-0.0387210000
181.09	-0.0006638900
181.1	0.0500410000
181.11	0.0896910000
181.12	0.1067900000
181.13	0.1040400000
181.14	0.0919020000
181.15	0.0703230000
181.16	0.0327500000
181.17	-0.0280010000
181.18	-0.1051900000
181.19	-0.1605200000
181.2	-0.1601500000
181.21	-0.1070600000
181.22	-0.0316560000
181.23	0.0360410000
181.24	0.0886090000
181.25	0.1171300000
181.26	0.1140700000
181.27	0.0977130000
181.28	0.0733710000
181.29	0.0300660000
181.3	-0.0394750000
181.31	-0.1212400000
181.32	-0.1678000000
181.33	-0.1482000000
181.34	-0.0651950000
181.35	0.0464280000
181.36	0.1210200000
181.37	0.1111500000
181.38	0.0265410000
181.39	-0.0717290000
181.4	-0.1242200000
181.41	-0.1086000000
181.42	-0.0368210000
181.43	0.0454450000
181.44	0.0917270000
181.45	0.0923930000
181.46	0.0688150000
181.47	0.0402210000
181.48	0.0027814000
181.49	-0.0490860000
181.5	-0.0925910000
181.51	-0.0879100000
181.52	-0.0289420000
181.53	0.0393700000
181.54	0.0724000000
181.55	0.0584970000
181.56	0.0025163000
181.57	-0.0814050000
181.58	-0.1532600000
181.59	-0.1548000000
181.6	-0.0723170000
181.61	0.0567950000
181.62	0.1739300000
181.63	0.2090100000
181.64	0.1456600000
181.65	0.0333990000
181.66	-0.0749060000
181.67	-0.1542200000
181.68	-0.1942500000
181.69	-0.1768000000
181.7	-0.0907120000
181.71	0.0372350000
181.72	0.1459700000
181.73	0.1956900000
181.74	0.1808900000
181.75	0.1041300000
181.76	-0.0117230000
181.77	-0.1230300000
181.78	-0.1758100000
181.79	-0.1457900000
181.8	-0.0691160000
181.81	0.0074757000
181.82	0.0523050000
181.83	0.0488790000
181.84	0.0176480000
181.85	0.0029094000
181.86	0.0365760000
181.87	0.0955250000
181.88	0.1154900000
181.89	0.0716950000
181.9	-0.0139420000
181.91	-0.1033300000
181.92	-0.1524400000
181.93	-0.1399800000
181.94	-0.0714280000
181.95	0.0255170000
181.96	0.1064300000
181.97	0.1389300000
181.98	0.1066300000
181.99	0.0289650000
182	-0.0317760000
182.01	-0.0507930000
182.02	-0.0460180000
182.03	-0.0286190000
182.04	-0.0185910000
182.05	-0.0245090000
182.06	-0.0271320000
182.07	-0.0052418000
182.08	0.0351630000
182.09	0.0540290000
182.1	0.0307390000
182.11	-0.0062625000
182.12	-0.0150370000
182.13	0.0154300000
182.14	0.0538980000
182.15	0.0497860000
182.16	-0.0094844000
182.17	-0.0761200000
182.18	-0.0916060000
182.19	-0.0374520000
182.2	0.0476660000
182.21	0.1089500000
182.22	0.1095000000
182.23	0.0471800000
182.24	-0.0434830000
182.25	-0.1155700000
182.26	-0.1236200000
182.27	-0.0638430000
182.28	0.0191110000
182.29	0.0680970000
182.3	0.0601580000
182.31	0.0324470000
182.32	0.0168120000
182.33	0.0043901000
182.34	-0.0080155000
182.35	-0.0095784000
182.36	-0.0049486000
182.37	-0.0121330000
182.38	-0.0301260000
182.39	-0.0366720000
182.4	-0.0218080000
182.41	0.0036341000
182.42	0.0315840000
182.43	0.0663640000
182.44	0.0969960000
182.45	0.0957980000
182.46	0.0495690000
182.47	-0.0247730000
182.48	-0.0834390000
182.49	-0.0975140000
182.5	-0.0783700000
182.51	-0.0492250000
182.52	-0.0168990000
182.53	0.0214790000
182.54	0.0614480000
182.55	0.0839740000
182.56	0.0669220000
182.57	0.0153130000
182.58	-0.0380060000
182.59	-0.0605230000
182.6	-0.0458990000
182.61	-0.0079841000
182.62	0.0417420000
182.63	0.0862530000
182.64	0.0908380000
182.65	0.0393060000
182.66	-0.0335060000
182.67	-0.0766720000
182.68	-0.0660900000
182.69	-0.0193410000
182.7	0.0282300000
182.71	0.0491720000
182.72	0.0361280000
182.73	0.0115410000
182.74	-0.0063522000
182.75	-0.0120420000
182.76	-0.0081724000
182.77	-0.0069799000
182.78	-0.0066047000
182.79	-0.0038337000
182.8	-0.0031671000
182.81	-0.0087894000
182.82	-0.0178460000
182.83	-0.0208620000
182.84	-0.0152200000
182.85	0.0013191000
182.86	0.0158450000
182.87	0.0086244000
182.88	-0.0081657000
182.89	-0.0096506000
182.9	0.0058672000
182.91	0.0135910000
182.92	-0.0000502830
182.93	-0.0126310000
182.94	-0.0085416000
182.95	-0.0045724000
182.96	-0.0062766000
182.97	0.0036896000
182.98	0.0237080000
182.99	0.0333150000
183	0.0178870000
183.01	-0.0143400000
183.02	-0.0355670000
183.03	-0.0315450000
183.04	-0.0108750000
183.05	0.0087516000
183.06	0.0243270000
183.07	0.0441870000
183.08	0.0617820000
183.09	0.0619830000
183.1	0.0312660000
183.11	-0.0272430000
183.12	-0.0838200000
183.13	-0.1056100000
183.14	-0.0781770000
183.15	-0.0096717000
183.16	0.0656190000
183.17	0.1091900000
183.18	0.1043200000
183.19	0.0500910000
183.2	-0.0296690000
183.21	-0.0892630000
183.22	-0.0906540000
183.23	-0.0432470000
183.24	-0.0049583000
183.25	-0.0046971000
183.26	-0.0192180000
183.27	-0.0173790000
183.28	0.0065600000
183.29	0.0348960000
183.3	0.0573730000
183.31	0.0685870000
183.32	0.0612260000
183.33	0.0329140000
183.34	-0.0096410000
183.35	-0.0507870000
183.36	-0.0719620000
183.37	-0.0560820000
183.38	-0.0070788000
183.39	0.0550770000
183.4	0.1060400000
183.41	0.1144200000
183.42	0.0738220000
183.43	0.0065636000
183.44	-0.0583520000
183.45	-0.0943910000
183.46	-0.0980650000
183.47	-0.0817310000
183.48	-0.0625270000
183.49	-0.0418870000
183.5	0.0040970000
183.51	0.0738330000
183.52	0.1272400000
183.53	0.1240300000
183.54	0.0687360000
183.55	-0.0027430000
183.56	-0.0718910000
183.57	-0.1216100000
183.58	-0.1261300000
183.59	-0.0726390000
183.6	0.0102930000
183.61	0.0684460000
183.62	0.0800290000
183.63	0.0573280000
183.64	0.0263280000
183.65	0.0055144000
183.66	-0.0102580000
183.67	-0.0272150000
183.68	-0.0331170000
183.69	-0.0213550000
183.7	-0.0095960000
183.71	-0.0127290000
183.72	-0.0245050000
183.73	-0.0270090000
183.74	-0.0169300000
183.75	-0.0030507000
183.76	0.0155090000
183.77	0.0323850000
183.78	0.0357890000
183.79	0.0259230000
183.8	0.0118510000
183.81	-0.0007284000
183.82	-0.0182490000
183.83	-0.0387360000
183.84	-0.0476430000
183.85	-0.0409690000
183.86	-0.0237210000
183.87	0.0003210000
183.88	0.0278660000
183.89	0.0456180000
183.9	0.0326750000
183.91	-0.0092174000
183.92	-0.0464410000
183.93	-0.0478020000
183.94	-0.0226420000
183.95	0.0008450500
183.96	0.0166870000
183.97	0.0281990000
183.98	0.0263100000
183.99	0.0007718200
184	-0.0367710000
184.01	-0.0577040000
184.02	-0.0371690000
184.03	0.0153900000
184.04	0.0531800000
184.05	0.0507270000
184.06	0.0234280000
184.07	-0.0003777700
184.08	-0.0044964000
184.09	0.0003543600
184.1	-0.0069536000
184.11	-0.0330240000
184.12	-0.0558590000
184.13	-0.0472640000
184.14	-0.0147850000
184.15	0.0145610000
184.16	0.0341590000
184.17	0.0509410000
184.18	0.0641540000
184.19	0.0645840000
184.2	0.0483830000
184.21	0.0198010000
184.22	-0.0142380000
184.23	-0.0455160000
184.24	-0.0708870000
184.25	-0.0756440000
184.26	-0.0442090000
184.27	0.0083274000
184.28	0.0595800000
184.29	0.0948520000
184.3	0.0983680000
184.31	0.0601060000
184.32	-0.0017834000
184.33	-0.0498610000
184.34	-0.0648700000
184.35	-0.0532720000
184.36	-0.0317580000
184.37	-0.0070496000
184.38	0.0129020000
184.39	0.0157930000
184.4	0.0069429000
184.41	0.0058977000
184.42	0.0223020000
184.43	0.0408890000
184.44	0.0472260000
184.45	0.0346060000
184.46	0.0050918000
184.47	-0.0165990000
184.48	-0.0112770000
184.49	0.0096333000
184.5	0.0140100000
184.51	-0.0133170000
184.52	-0.0491000000
184.53	-0.0585590000
184.54	-0.0356710000
184.55	-0.0017287000
184.56	0.0229990000
184.57	0.0234020000
184.58	-0.0015349000
184.59	-0.0275780000
184.6	-0.0286330000
184.61	-0.0099278000
184.62	0.0070330000
184.63	0.0183810000
184.64	0.0286190000
184.65	0.0300900000
184.66	0.0151160000
184.67	-0.0051829000
184.68	-0.0173250000
184.69	-0.0186100000
184.7	-0.0113190000
184.71	-0.0058660000
184.72	-0.0104920000
184.73	-0.0218350000
184.74	-0.0341190000
184.75	-0.0329820000
184.76	-0.0039467000
184.77	0.0441100000
184.78	0.0832850000
184.79	0.0825260000
184.8	0.0328000000
184.81	-0.0452170000
184.82	-0.1104400000
184.83	-0.1186900000
184.84	-0.0626690000
184.85	0.0228710000
184.86	0.0939330000
184.87	0.1181000000
184.88	0.0816940000
184.89	0.0005078200
184.9	-0.0778100000
184.91	-0.1057100000
184.92	-0.0725670000
184.93	-0.0059575000
184.94	0.0503590000
184.95	0.0641290000
184.96	0.0315990000
184.97	-0.0246480000
184.98	-0.0602080000
184.99	-0.0415380000
185	0.0148410000
185.01	0.0650810000
185.02	0.0750160000
185.03	0.0367410000
185.04	-0.0291590000
185.05	-0.0867580000
185.06	-0.0999690000
185.07	-0.0625780000
185.08	-0.0019301000
185.09	0.0503060000
185.1	0.0789720000
185.11	0.0853480000
185.12	0.0702870000
185.13	0.0418120000
185.14	0.0151840000
185.15	-0.0077861000
185.16	-0.0328560000
185.17	-0.0547680000
185.18	-0.0542130000
185.19	-0.0281810000
185.2	-0.0021025000
185.21	0.0056908000
185.22	0.0041934000
185.23	0.0142060000
185.24	0.0367080000
185.25	0.0481600000
185.26	0.0281870000
185.27	-0.0167120000
185.28	-0.0544590000
185.29	-0.0600880000
185.3	-0.0371640000
185.31	-0.0099703000
185.32	0.0065550000
185.33	0.0219930000
185.34	0.0364390000
185.35	0.0314200000
185.36	0.0032231000
185.37	-0.0235080000
185.38	-0.0260850000
185.39	-0.0158140000
185.4	-0.0122660000
185.41	-0.0128250000
185.42	-0.0061259000
185.43	0.0089771000
185.44	0.0238470000
185.45	0.0281390000
185.46	0.0200100000
185.47	0.0107090000
185.48	0.0073791000
185.49	0.0042184000
185.5	-0.0113870000
185.51	-0.0412600000
185.52	-0.0603750000
185.53	-0.0417360000
185.54	0.0127330000
185.55	0.0661660000
185.56	0.0760190000
185.57	0.0407630000
185.58	-0.0061331000
185.59	-0.0379520000
185.6	-0.0447610000
185.61	-0.0233840000
185.62	0.0116730000
185.63	0.0298090000
185.64	0.0193030000
185.65	-0.0048346000
185.66	-0.0310820000
185.67	-0.0567720000
185.68	-0.0661040000
185.69	-0.0429790000
185.7	0.0063195000
185.71	0.0603500000
185.72	0.0914780000
185.73	0.0801530000
185.74	0.0306330000
185.75	-0.0333210000
185.76	-0.0829730000
185.77	-0.0971560000
185.78	-0.0701980000
185.79	-0.0119730000
185.8	0.0547200000
185.81	0.0990670000
185.82	0.0995220000
185.83	0.0545120000
185.84	-0.0192730000
185.85	-0.0843040000
185.86	-0.1040700000
185.87	-0.0779490000
185.88	-0.0268440000
185.89	0.0342900000
185.9	0.0886530000
185.91	0.1091000000
185.92	0.0784360000
185.93	0.0144720000
185.94	-0.0447400000
185.95	-0.0728850000
185.96	-0.0670910000
185.97	-0.0397570000
185.98	-0.0039487000
185.99	0.0281590000
186	0.0434950000
186.01	0.0345860000
186.02	0.0123460000
186.03	-0.0013349000
186.04	0.0002462200
186.05	0.0082240000
186.06	0.0103480000
186.07	-0.0014992000
186.08	-0.0266690000
186.09	-0.0542030000
186.1	-0.0625970000
186.11	-0.0398130000
186.12	0.0030293000
186.13	0.0431730000
186.14	0.0624700000
186.15	0.0567420000
186.16	0.0311820000
186.17	0.0006369600
186.18	-0.0236590000
186.19	-0.0440880000
186.2	-0.0599500000
186.21	-0.0664300000
186.22	-0.0547480000
186.23	-0.0221520000
186.24	0.0178090000
186.25	0.0477660000
186.26	0.0551550000
186.27	0.0407540000
186.28	0.0159040000
186.29	-0.0001244800
186.3	0.0032329000
186.31	0.0053627000
186.32	-0.0130110000
186.33	-0.0421670000
186.34	-0.0610100000
186.35	-0.0547910000
186.36	-0.0226460000
186.37	0.0218540000
186.38	0.0590680000
186.39	0.0735900000
186.4	0.0577610000
186.41	0.0187760000
186.42	-0.0200750000
186.43	-0.0399080000
186.44	-0.0362130000
186.45	-0.0173200000
186.46	0.0024958000
186.47	0.0162940000
186.48	0.0183300000
186.49	0.0034300000
186.5	-0.0189970000
186.51	-0.0280950000
186.52	-0.0156600000
186.53	-0.0002275400
186.54	0.0009152900
186.55	0.0002243300
186.56	0.0170630000
186.57	0.0437270000
186.58	0.0549260000
186.59	0.0334090000
186.6	-0.0152420000
186.61	-0.0619600000
186.62	-0.0767250000
186.63	-0.0516380000
186.64	-0.0112040000
186.65	0.0159140000
186.66	0.0324790000
186.67	0.0486540000
186.68	0.0565430000
186.69	0.0447870000
186.7	0.0144580000
186.71	-0.0193050000
186.72	-0.0350970000
186.73	-0.0275830000
186.74	-0.0114360000
186.75	-0.0001204700
186.76	-0.0033018000
186.77	-0.0236970000
186.78	-0.0516520000
186.79	-0.0610730000
186.8	-0.0303510000
186.81	0.0219500000
186.82	0.0629180000
186.83	0.0699900000
186.84	0.0373150000
186.85	-0.0106550000
186.86	-0.0474450000
186.87	-0.0655320000
186.88	-0.0642900000
186.89	-0.0429380000
186.9	-0.0036231000
186.91	0.0400800000
186.92	0.0621810000
186.93	0.0451230000
186.94	0.0048187000
186.95	-0.0290850000
186.96	-0.0430780000
186.97	-0.0385940000
186.98	-0.0235160000
186.99	-0.0002322600
187	0.0234090000
187.01	0.0272320000
187.02	0.0074663000
187.03	-0.0185810000
187.04	-0.0316540000
187.05	-0.0182390000
187.06	0.0153080000
187.07	0.0427240000
187.08	0.0462340000
187.09	0.0235100000
187.1	-0.0136770000
187.11	-0.0400340000
187.12	-0.0376410000
187.13	-0.0180950000
187.14	-0.0089431000
187.15	-0.0103440000
187.16	-0.0061935000
187.17	0.0055514000
187.18	0.0204750000
187.19	0.0290070000
187.2	0.0222420000
187.21	0.0043971000
187.22	-0.0080494000
187.23	-0.0077296000
187.24	-0.0054677000
187.25	-0.0063777000
187.26	-0.0048748000
187.27	0.0019013000
187.28	0.0041439000
187.29	-0.0076090000
187.3	-0.0204540000
187.31	-0.0174060000
187.32	0.0026563000
187.33	0.0286380000
187.34	0.0434150000
187.35	0.0393160000
187.36	0.0257170000
187.37	0.0164640000
187.38	0.0145950000
187.39	0.0052998000
187.4	-0.0221170000
187.41	-0.0536850000
187.42	-0.0666170000
187.43	-0.0504430000
187.44	-0.0186300000
187.45	0.0078771000
187.46	0.0256220000
187.47	0.0402700000
187.48	0.0493520000
187.49	0.0440540000
187.5	0.0211900000
187.51	-0.0098964000
187.52	-0.0311910000
187.53	-0.0357440000
187.54	-0.0286280000
187.55	-0.0119450000
187.56	0.0109090000
187.57	0.0328290000
187.58	0.0434630000
187.59	0.0372140000
187.6	0.0197190000
187.61	-0.0025747000
187.62	-0.0214530000
187.63	-0.0269650000
187.64	-0.0159630000
187.65	0.0066645000
187.66	0.0288160000
187.67	0.0362950000
187.68	0.0226140000
187.69	-0.0021957000
187.7	-0.0214940000
187.71	-0.0304100000
187.72	-0.0308090000
187.73	-0.0205670000
187.74	0.0025365000
187.75	0.0282670000
187.76	0.0376890000
187.77	0.0240470000
187.78	-0.0011762000
187.79	-0.0172860000
187.8	-0.0113460000
187.81	0.0062521000
187.82	0.0122370000
187.83	0.0022757000
187.84	-0.0083245000
187.85	-0.0131480000
187.86	-0.0189400000
187.87	-0.0271350000
187.88	-0.0238830000
187.89	-0.0056408000
187.9	0.0070491000
187.91	0.0046577000
187.92	0.0028174000
187.93	0.0128300000
187.94	0.0181240000
187.95	-0.0011079000
187.96	-0.0297290000
187.97	-0.0351260000
187.98	-0.0103420000
187.99	0.0171150000
188	0.0172460000
188.01	-0.0078536000
188.02	-0.0304970000
188.03	-0.0284230000
188.04	-0.0080174000
188.05	0.0030348000
188.06	-0.0054941000
188.07	-0.0139810000
188.08	-0.0063884000
188.09	0.0079921000
188.1	0.0153960000
188.11	0.0173500000
188.12	0.0187340000
188.13	0.0152530000
188.14	0.0036365000
188.15	-0.0107790000
188.16	-0.0218520000
188.17	-0.0235440000
188.18	-0.0151560000
188.19	-0.0029342000
188.2	0.0065764000
188.21	0.0057905000
188.22	-0.0019084000
188.23	-0.0067058000
188.24	-0.0072143000
188.25	-0.0022196000
188.26	0.0094468000
188.27	0.0260590000
188.28	0.0422760000
188.29	0.0456290000
188.3	0.0257550000
188.31	-0.0127010000
188.32	-0.0474550000
188.33	-0.0559210000
188.34	-0.0369770000
188.35	-0.0102790000
188.36	0.0057979000
188.37	0.0174850000
188.38	0.0423430000
188.39	0.0705790000
188.4	0.0669400000
188.41	0.0190280000
188.42	-0.0419980000
188.43	-0.0740780000
188.44	-0.0629320000
188.45	-0.0313450000
188.46	-0.0053771000
188.47	0.0116100000
188.48	0.0233640000
188.49	0.0251900000
188.5	0.0099914000
188.51	-0.0088276000
188.52	-0.0060822000
188.53	0.0185650000
188.54	0.0429140000
188.55	0.0447480000
188.56	0.0198210000
188.57	-0.0121700000
188.58	-0.0315640000
188.59	-0.0344560000
188.6	-0.0279270000
188.61	-0.0220560000
188.62	-0.0185760000
188.63	-0.0126710000
188.64	-0.0010590000
188.65	0.0168480000
188.66	0.0361930000
188.67	0.0464960000
188.68	0.0403900000
188.69	0.0176220000
188.7	-0.0140630000
188.71	-0.0390200000
188.72	-0.0415480000
188.73	-0.0193330000
188.74	0.0088438000
188.75	0.0266320000
188.76	0.0346930000
188.77	0.0383440000
188.78	0.0383270000
188.79	0.0282720000
188.8	0.0056432000
188.81	-0.0240870000
188.82	-0.0463100000
188.83	-0.0465210000
188.84	-0.0272430000
188.85	-0.0012628000
188.86	0.0190520000
188.87	0.0258360000
188.88	0.0180990000
188.89	0.0056583000
188.9	0.0010374000
188.91	0.0048657000
188.92	0.0058930000
188.93	-0.0077152000
188.94	-0.0315330000
188.95	-0.0476020000
188.96	-0.0429460000
188.97	-0.0194500000
188.98	0.0097792000
188.99	0.0338250000
189	0.0476510000
189.01	0.0481260000
189.02	0.0331560000
189.03	0.0037507000
189.04	-0.0248910000
189.05	-0.0301930000
189.06	-0.0111580000
189.07	0.0122110000
189.08	0.0218400000
189.09	0.0138290000
189.1	-0.0046356000
189.11	-0.0240690000
189.12	-0.0331570000
189.13	-0.0250890000
189.14	-0.0030200000
189.15	0.0218460000
189.16	0.0336910000
189.17	0.0218580000
189.18	-0.0047862000
189.19	-0.0172530000
189.2	-0.0029477000
189.21	0.0177070000
189.22	0.0226930000
189.23	0.0093619000
189.24	-0.0106190000
189.25	-0.0232920000
189.26	-0.0188920000
189.27	0.0017573000
189.28	0.0238190000
189.29	0.0326060000
189.3	0.0266180000
189.31	0.0095698000
189.32	-0.0124420000
189.33	-0.0275170000
189.34	-0.0272400000
189.35	-0.0120170000
189.36	0.0086186000
189.37	0.0219320000
189.38	0.0231910000
189.39	0.0169960000
189.4	0.0078706000
189.41	-0.0016898000
189.42	-0.0060120000
189.43	-0.0047100000
189.44	-0.0070226000
189.45	-0.0202590000
189.46	-0.0358980000
189.47	-0.0366410000
189.48	-0.0177500000
189.49	0.0109430000
189.5	0.0349530000
189.51	0.0447100000
189.52	0.0354060000
189.53	0.0090842000
189.54	-0.0184870000
189.55	-0.0309960000
189.56	-0.0238150000
189.57	-0.0033697000
189.58	0.0161570000
189.59	0.0217370000
189.6	0.0110690000
189.61	-0.0063447000
189.62	-0.0178110000
189.63	-0.0165150000
189.64	-0.0050718000
189.65	0.0093448000
189.66	0.0203780000
189.67	0.0222850000
189.68	0.0141460000
189.69	0.0004257500
189.7	-0.0114860000
189.71	-0.0129730000
189.72	-0.0032484000
189.73	0.0107280000
189.74	0.0178310000
189.75	0.0090362000
189.76	-0.0057563000
189.77	-0.0066086000
189.78	0.0094882000
189.79	0.0241370000
189.8	0.0190410000
189.81	-0.0021453000
189.82	-0.0189300000
189.83	-0.0168420000
189.84	0.0002939300
189.85	0.0180640000
189.86	0.0243480000
189.87	0.0179080000
189.88	0.0066343000
189.89	-0.0015423000
189.9	-0.0018938000
189.91	0.0049832000
189.92	0.0129710000
189.93	0.0163480000
189.94	0.0135140000
189.95	0.0042454000
189.96	-0.0094963000
189.97	-0.0206230000
189.98	-0.0213000000
189.99	-0.0101090000
190	0.0028262000
190.01	0.0065719000
190.02	0.0033267000
190.03	0.0004181900
190.04	0.0020516000
190.05	0.0103720000
190.06	0.0199570000
190.07	0.0200470000
190.08	0.0108490000
190.09	-0.0001921100
190.1	-0.0101460000
190.11	-0.0162660000
190.12	-0.0164940000
190.13	-0.0096093000
190.14	0.0024106000
190.15	0.0128230000
190.16	0.0175210000
190.17	0.0162180000
190.18	0.0124160000
190.19	0.0084721000
190.2	0.0042010000
190.21	-0.0004610100
190.22	-0.0080591000
190.23	-0.0144490000
190.24	-0.0091831000
190.25	0.0047044000
190.26	0.0120530000
190.27	0.0057455000
190.28	-0.0092562000
190.29	-0.0206870000
190.3	-0.0183230000
190.31	-0.0062315000
190.32	0.0064694000
190.33	0.0146680000
190.34	0.0156970000
190.35	0.0082326000
190.36	-0.0082598000
190.37	-0.0227220000
190.38	-0.0208040000
190.39	-0.0044012000
190.4	0.0126180000
190.41	0.0180430000
190.42	0.0120060000
190.43	0.0009633700
190.44	-0.0101060000
190.45	-0.0176220000
190.46	-0.0184650000
190.47	-0.0091992000
190.48	0.0069675000
190.49	0.0222200000
190.5	0.0271870000
190.51	0.0145490000
190.52	-0.0071408000
190.53	-0.0187770000
190.54	-0.0141720000
190.55	-0.0049093000
190.56	-0.0046772000
190.57	-0.0169460000
190.58	-0.0287100000
190.59	-0.0247230000
190.6	-0.0086155000
190.61	0.0062434000
190.62	0.0128460000
190.63	0.0122130000
190.64	0.0086842000
190.65	0.0045356000
190.66	0.0016306000
190.67	0.0003589100
190.68	-0.0024228000
190.69	-0.0081488000
190.7	-0.0174350000
190.71	-0.0253280000
190.72	-0.0222550000
190.73	-0.0121290000
190.74	-0.0035443000
190.75	0.0067002000
190.76	0.0178360000
190.77	0.0163910000
190.78	-0.0041554000
190.79	-0.0307290000
190.8	-0.0415450000
190.81	-0.0273000000
190.82	-0.0015931000
190.83	0.0173350000
190.84	0.0248520000
190.85	0.0237200000
190.86	0.0163350000
190.87	0.0016582000
190.88	-0.0172350000
190.89	-0.0285790000
190.9	-0.0254010000
190.91	-0.0101820000
190.92	0.0068425000
190.93	0.0153620000
190.94	0.0153800000
190.95	0.0131220000
190.96	0.0110530000
190.97	0.0042263000
190.98	-0.0074511000
190.99	-0.0146390000
191	-0.0124180000
191.01	-0.0053506000
191.02	0.0018210000
191.03	0.0079926000
191.04	0.0089965000
191.05	0.0019669000
191.06	-0.0079971000
191.07	-0.0134210000
191.08	-0.0140480000
191.09	-0.0146420000
191.1	-0.0117970000
191.11	-0.0010531000
191.12	0.0123140000
191.13	0.0191370000
191.14	0.0138440000
191.15	0.0008464000
191.16	-0.0121150000
191.17	-0.0209560000
191.18	-0.0218830000
191.19	-0.0135890000
191.2	-0.0029993000
191.21	-0.0025317000
191.22	-0.0087489000
191.23	-0.0061299000
191.24	0.0030867000
191.25	0.0077260000
191.26	0.0070501000
191.27	0.0057118000
191.28	0.0022362000
191.29	-0.0078072000
191.3	-0.0203520000
191.31	-0.0278120000
191.32	-0.0246760000
191.33	-0.0104480000
191.34	0.0083399000
191.35	0.0224380000
191.36	0.0268320000
191.37	0.0250180000
191.38	0.0175990000
191.39	0.0009212700
191.4	-0.0182540000
191.41	-0.0270960000
191.42	-0.0233950000
191.43	-0.0143160000
191.44	-0.0022749000
191.45	0.0130940000
191.46	0.0280950000
191.47	0.0374750000
191.48	0.0334120000
191.49	0.0136990000
191.5	-0.0085115000
191.51	-0.0180380000
191.52	-0.0130340000
191.53	-0.0008765200
191.54	0.0086261000
191.55	0.0084715000
191.56	0.0018895000
191.57	-0.0056530000
191.58	-0.0114850000
191.59	-0.0106480000
191.6	-0.0011898000
191.61	0.0138770000
191.62	0.0263140000
191.63	0.0254950000
191.64	0.0130740000
191.65	-0.0006234700
191.66	-0.0114690000
191.67	-0.0206290000
191.68	-0.0249030000
191.69	-0.0162740000
191.7	0.0004523800
191.71	0.0120690000
191.72	0.0161300000
191.73	0.0153400000
191.74	0.0117710000
191.75	0.0063384000
191.76	0.0002127300
191.77	-0.0044832000
191.78	-0.0094958000
191.79	-0.0141940000
191.8	-0.0139550000
191.81	-0.0079546000
191.82	0.0007257200
191.83	0.0069949000
191.84	0.0078965000
191.85	0.0056445000
191.86	0.0063068000
191.87	0.0133950000
191.88	0.0179760000
191.89	0.0084561000
191.9	-0.0098046000
191.91	-0.0200930000
191.92	-0.0148640000
191.93	-0.0007653400
191.94	0.0118400000
191.95	0.0173610000
191.96	0.0144240000
191.97	0.0024279000
191.98	-0.0141750000
191.99	-0.0231200000
192	-0.0155000000
192.01	0.0038676000
192.02	0.0225110000
192.03	0.0306170000
192.04	0.0231040000
192.05	0.0051919000
192.06	-0.0116070000
192.07	-0.0199110000
192.08	-0.0186790000
192.09	-0.0147820000
192.1	-0.0104870000
192.11	-0.0010227000
192.12	0.0116420000
192.13	0.0170020000
192.14	0.0102040000
192.15	0.0015453000
192.16	-0.0027234000
192.17	-0.0051949000
192.18	-0.0039239000
192.19	0.0022156000
192.2	0.0098475000
192.21	0.0149120000
192.22	0.0125660000
192.23	-0.0000788840
192.24	-0.0175710000
192.25	-0.0260840000
192.26	-0.0166150000
192.27	0.0053317000
192.28	0.0263490000
192.29	0.0327900000
192.3	0.0206890000
192.31	0.0014011000
192.32	-0.0084714000
192.33	-0.0031886000
192.34	0.0057503000
192.35	0.0082884000
192.36	0.0073755000
192.37	0.0065130000
192.38	0.0034110000
192.39	-0.0040904000
192.4	-0.0093277000
192.41	-0.0062178000
192.42	0.0030770000
192.43	0.0125410000
192.44	0.0082184000
192.45	-0.0114610000
192.46	-0.0243970000
192.47	-0.0143690000
192.48	0.0089363000
192.49	0.0238550000
192.5	0.0239850000
192.51	0.0147760000
192.52	0.0024630000
192.53	-0.0065377000
192.54	-0.0098275000
192.55	-0.0056518000
192.56	0.0032434000
192.57	0.0101400000
192.58	0.0118330000
192.59	0.0070585000
192.6	-0.0035508000
192.61	-0.0147530000
192.62	-0.0180040000
192.63	-0.0096930000
192.64	0.0047893000
192.65	0.0145050000
192.66	0.0132300000
192.67	0.0049494000
192.68	-0.0012390000
192.69	-0.0006463400
192.7	0.0009737600
192.71	-0.0004563300
192.72	-0.0023358000
192.73	-0.0022774000
192.74	-0.0004213700
192.75	0.0007457800
192.76	0.0033991000
192.77	0.0110640000
192.78	0.0166730000
192.79	0.0123400000
192.8	0.0023771000
192.81	-0.0073819000
192.82	-0.0139610000
192.83	-0.0136020000
192.84	-0.0090103000
192.85	-0.0057925000
192.86	-0.0038386000
192.87	-0.0002139600
192.88	0.0034840000
192.89	0.0027647000
192.9	0.0027050000
192.91	0.0105360000
192.92	0.0205130000
192.93	0.0221310000
192.94	0.0128480000
192.95	0.0007258900
192.96	-0.0061449000
192.97	-0.0064123000
192.98	-0.0017433000
192.99	0.0036946000
193	0.0065824000
193.01	0.0071892000
193.02	0.0076182000
193.03	0.0062560000
193.04	0.0009497500
193.05	-0.0041820000
193.06	-0.0061533000
193.07	-0.0052170000
193.08	-0.0023773000
193.09	0.0016867000
193.1	0.0062520000
193.11	0.0077760000
193.12	0.0068756000
193.13	0.0083322000
193.14	0.0105810000
193.15	0.0067694000
193.16	-0.0019177000
193.17	-0.0038193000
193.18	0.0050799000
193.19	0.0110860000
193.2	0.0016057000
193.21	-0.0135900000
193.22	-0.0175570000
193.23	-0.0085873000
193.24	0.0032829000
193.25	0.0074927000
193.26	0.0039345000
193.27	0.0004120000
193.28	0.0025962000
193.29	0.0092613000
193.3	0.0121780000
193.31	0.0091002000
193.32	0.0038005000
193.33	-0.0027715000
193.34	-0.0079766000
193.35	-0.0100930000
193.36	-0.0091653000
193.37	-0.0067717000
193.38	-0.0071469000
193.39	-0.0089078000
193.4	-0.0083500000
193.41	-0.0041541000
193.42	0.0034688000
193.43	0.0097956000
193.44	0.0098419000
193.45	0.0057418000
193.46	0.0036383000
193.47	0.0028972000
193.48	-0.0008577200
193.49	-0.0075727000
193.5	-0.0125400000
193.51	-0.0099365000
193.52	-0.0009568400
193.53	0.0074820000
193.54	0.0081369000
193.55	0.0000768840
193.56	-0.0104030000
193.57	-0.0178150000
193.58	-0.0162070000
193.59	-0.0038020000
193.6	0.0117310000
193.61	0.0198620000
193.62	0.0161260000
193.63	0.0045011000
193.64	-0.0080245000
193.65	-0.0134150000
193.66	-0.0089580000
193.67	-0.0025104000
193.68	-0.0040711000
193.69	-0.0110970000
193.7	-0.0092119000
193.71	0.0052139000
193.72	0.0195690000
193.73	0.0203540000
193.74	0.0065298000
193.75	-0.0076655000
193.76	-0.0108390000
193.77	-0.0055049000
193.78	-0.0001686500
193.79	-0.0005645600
193.8	-0.0041475000
193.81	-0.0057146000
193.82	-0.0018063000
193.83	0.0067154000
193.84	0.0123350000
193.85	0.0102350000
193.86	0.0015969000
193.87	-0.0082760000
193.88	-0.0132900000
193.89	-0.0122580000
193.9	-0.0073473000
193.91	-0.0037785000
193.92	-0.0038768000
193.93	-0.0042357000
193.94	-0.0023204000
193.95	0.0026510000
193.96	0.0056232000
193.97	0.0019485000
193.98	-0.0048615000
193.99	-0.0096380000
194	-0.0094903000
194.01	-0.0068415000
194.02	-0.0036523000
194.03	0.0034497000
194.04	0.0128390000
194.05	0.0147520000
194.06	0.0045652000
194.07	-0.0096900000
194.08	-0.0159160000
194.09	-0.0106930000
194.1	-0.0006051900
194.11	0.0078391000
194.12	0.0102840000
194.13	0.0057888000
194.14	-0.0024404000
194.15	-0.0107700000
194.16	-0.0151760000
194.17	-0.0138770000
194.18	-0.0081937000
194.19	-0.0004890500
194.2	0.0085487000
194.21	0.0165130000
194.22	0.0199340000
194.23	0.0184040000
194.24	0.0107900000
194.25	0.0005022600
194.26	-0.0076888000
194.27	-0.0164270000
194.28	-0.0260560000
194.29	-0.0294720000
194.3	-0.0199660000
194.31	0.0007967500
194.32	0.0179880000
194.33	0.0217050000
194.34	0.0199990000
194.35	0.0156970000
194.36	0.0089456000
194.37	0.0001337100
194.38	-0.0208780000
194.39	-0.0400640000
194.4	-0.0370630000
194.41	-0.0245250000
194.42	-0.0074542000
194.43	0.0132730000
194.44	0.0210690000
194.45	0.0207770000
194.46	0.0219580000
194.47	0.0105720000
194.48	-0.0076011000
194.49	-0.0138040000
194.5	-0.0125520000
194.51	-0.0040100000
194.52	0.0002005800
194.53	-0.0130130000
194.54	-0.0170460000
194.55	0.0020140000
194.56	0.0172670000
194.57	0.0136870000
194.58	0.0094324000
194.59	0.0028356000
194.6	-0.0105650000
194.61	-0.0062977000
194.62	0.0098380000
194.63	0.0088617000
194.64	-0.0035770000
194.65	-0.0038309000
194.66	0.0008450200
194.67	0.0003424800
194.68	0.0000663070
194.69	-0.0037144000
194.7	-0.0028777000
194.71	0.0082761000
194.72	0.0100030000
194.73	-0.0062463000
194.74	-0.0231660000
194.75	-0.0256460000
194.76	-0.0062171000
194.77	0.0253680000
194.78	0.0376800000
194.79	0.0274190000
194.8	0.0117790000
194.81	-0.0112620000
194.82	-0.0344300000
194.83	-0.0346410000
194.84	-0.0134500000
194.85	0.0117240000
194.86	0.0340590000
194.87	0.0360070000
194.88	0.0085038000
194.89	-0.0230190000
194.9	-0.0341570000
194.91	-0.0194890000
194.92	0.0067391000
194.93	0.0218290000
194.94	0.0200130000
194.95	0.0137440000
194.96	0.0091642000
194.97	-0.0016522000
194.98	-0.0173120000
194.99	-0.0283790000
195	-0.0317900000
195.01	-0.0220810000
195.02	0.0043942000
195.03	0.0290970000
195.04	0.0303150000
195.05	0.0133700000
195.06	-0.0059901000
195.07	-0.0186190000
195.08	-0.0207630000
195.09	-0.0161610000
195.1	-0.0073325000
195.11	0.0034826000
195.12	0.0069143000
195.13	0.0010670000
195.14	-0.0068364000
195.15	-0.0096045000
195.16	-0.0039885000
195.17	0.0058639000
195.18	0.0113800000
195.19	0.0081629000
195.2	0.0051650000
195.21	0.0063589000
195.22	0.0022992000
195.23	-0.0098805000
195.24	-0.0210040000
195.25	-0.0213210000
195.26	-0.0122160000
195.27	0.0031568000
195.28	0.0199150000
195.29	0.0242790000
195.3	0.0125440000
195.31	-0.0050596000
195.32	-0.0184140000
195.33	-0.0223620000
195.34	-0.0181570000
195.35	-0.0086317000
195.36	0.0013976000
195.37	0.0056223000
195.38	0.0027180000
195.39	-0.0049883000
195.4	-0.0104190000
195.41	-0.0096183000
195.42	-0.0032101000
195.43	0.0066378000
195.44	0.0094110000
195.45	-0.0003672300
195.46	-0.0150160000
195.47	-0.0245260000
195.48	-0.0231670000
195.49	-0.0102040000
195.5	0.0076860000
195.51	0.0177010000
195.52	0.0131170000
195.53	-0.0009618800
195.54	-0.0138460000
195.55	-0.0180990000
195.56	-0.0100870000
195.57	0.0111440000
195.58	0.0338010000
195.59	0.0385900000
195.6	0.0231340000
195.61	-0.0024198000
195.62	-0.0306370000
195.63	-0.0496960000
195.64	-0.0471110000
195.65	-0.0236080000
195.66	0.0034102000
195.67	0.0207940000
195.68	0.0362090000
195.69	0.0488970000
195.7	0.0450810000
195.71	0.0255020000
195.72	-0.0068167000
195.73	-0.0418970000
195.74	-0.0548190000
195.75	-0.0427690000
195.76	-0.0195610000
195.77	0.0089858000
195.78	0.0388100000
195.79	0.0527960000
195.8	0.0314790000
195.81	-0.0079389000
195.82	-0.0299960000
195.83	-0.0254840000
195.84	-0.0021121000
195.85	0.0239900000
195.86	0.0261950000
195.87	0.0112210000
195.88	0.0054012000
195.89	0.0011819000
195.9	-0.0109070000
195.91	-0.0242430000
195.92	-0.0255910000
195.93	-0.0052499000
195.94	0.0238240000
195.95	0.0331010000
195.96	0.0094612000
195.97	-0.0242640000
195.98	-0.0418980000
195.99	-0.0287730000
196	0.0132390000
196.01	0.0524010000
196.02	0.0569400000
196.03	0.0204080000
196.04	-0.0303460000
196.05	-0.0589300000
196.06	-0.0509160000
196.07	-0.0146720000
196.08	0.0246370000
196.09	0.0428590000
196.1	0.0313560000
196.11	-0.0000993600
196.12	-0.0247000000
196.13	-0.0225810000
196.14	-0.0023314000
196.15	0.0187930000
196.16	0.0266660000
196.17	0.0143570000
196.18	-0.0069077000
196.19	-0.0204020000
196.2	-0.0131460000
196.21	0.0076519000
196.22	0.0201540000
196.23	0.0161020000
196.24	0.0004875600
196.25	-0.0140350000
196.26	-0.0182760000
196.27	-0.0063606000
196.28	0.0203750000
196.29	0.0408030000
196.3	0.0327200000
196.31	-0.0026160000
196.32	-0.0353960000
196.33	-0.0387170000
196.34	-0.0157260000
196.35	0.0120480000
196.36	0.0255250000
196.37	0.0212230000
196.38	0.0099687000
196.39	0.0064107000
196.4	0.0060543000
196.41	-0.0027654000
196.42	-0.0089558000
196.43	-0.0043249000
196.44	0.0019548000
196.45	0.0032882000
196.46	0.0021402000
196.47	0.0031172000
196.48	0.0078313000
196.49	0.0137570000
196.5	0.0095976000
196.51	0.0000654300
196.52	0.0037482000
196.53	0.0128790000
196.54	0.0111420000
196.55	-0.0036554000
196.56	-0.0183750000
196.57	-0.0179500000
196.58	-0.0056396000
196.59	0.0072985000
196.6	0.0120320000
196.61	0.0097372000
196.62	0.0053304000
196.63	0.0063196000
196.64	0.0192850000
196.65	0.0278370000
196.66	0.0123420000
196.67	-0.0177700000
196.68	-0.0369000000
196.69	-0.0339540000
196.7	-0.0160920000
196.71	0.0035321000
196.72	0.0155280000
196.73	0.0128210000
196.74	-0.0044672000
196.75	-0.0182150000
196.76	-0.0097061000
196.77	0.0183890000
196.78	0.0420900000
196.79	0.0426530000
196.8	0.0235400000
196.81	-0.0023692000
196.82	-0.0240920000
196.83	-0.0343880000
196.84	-0.0290390000
196.85	-0.0124710000
196.86	0.0051451000
196.87	0.0175570000
196.88	0.0184590000
196.89	0.0054447000
196.9	-0.0089880000
196.91	-0.0082176000
196.92	0.0061463000
196.93	0.0139590000
196.94	0.0029103000
196.95	-0.0166920000
196.96	-0.0255690000
196.97	-0.0155290000
196.98	0.0042875000
196.99	0.0175780000
197	0.0158020000
197.01	0.0054135000
197.02	-0.0027098000
197.03	-0.0042669000
197.04	-0.0047742000
197.05	-0.0127040000
197.06	-0.0226140000
197.07	-0.0268310000
197.08	-0.0276180000
197.09	-0.0230920000
197.1	-0.0081011000
197.11	0.0157060000
197.12	0.0399400000
197.13	0.0499370000
197.14	0.0300220000
197.15	-0.0148880000
197.16	-0.0562380000
197.17	-0.0658400000
197.18	-0.0373020000
197.19	0.0068156000
197.2	0.0381030000
197.21	0.0454050000
197.22	0.0353730000
197.23	0.0176070000
197.24	-0.0064379000
197.25	-0.0295030000
197.26	-0.0395930000
197.27	-0.0315300000
197.28	-0.0095027000
197.29	0.0078508000
197.3	0.0065757000
197.31	-0.0023410000
197.32	-0.0017284000
197.33	0.0087123000
197.34	0.0249930000
197.35	0.0344460000
197.36	0.0186710000
197.37	-0.0027947000
197.38	-0.0116090000
197.39	-0.0093743000
197.4	0.0019436000
197.41	-0.0048164000
197.42	-0.0241250000
197.43	-0.0255010000
197.44	-0.0103990000
197.45	0.0115790000
197.46	0.0200240000
197.47	0.0131490000
197.48	0.0077013000
197.49	0.0009469300
197.5	0.0023622000
197.51	0.0141180000
197.52	0.0130470000
197.53	-0.0042248000
197.54	-0.0321150000
197.55	-0.0563010000
197.56	-0.0500930000
197.57	-0.0086100000
197.58	0.0398350000
197.59	0.0535180000
197.6	0.0238100000
197.61	-0.0171510000
197.62	-0.0335520000
197.63	-0.0244790000
197.64	-0.0068559000
197.65	0.0082320000
197.66	0.0148380000
197.67	0.0258820000
197.68	0.0343020000
197.69	0.0164610000
197.7	-0.0285720000
197.71	-0.0704100000
197.72	-0.0516610000
197.73	0.0266110000
197.74	0.0868650000
197.75	0.0696740000
197.76	-0.0143880000
197.77	-0.0838580000
197.78	-0.0650790000
197.79	0.0137190000
197.8	0.0619920000
197.81	0.0422800000
197.82	-0.0008458100
197.83	-0.0171160000
197.84	-0.0093540000
197.85	-0.0094020000
197.86	-0.0227530000
197.87	-0.0263740000
197.88	-0.0089492000
197.89	0.0110950000
197.9	0.0057699000
197.91	-0.0181890000
197.92	-0.0232180000
197.93	0.0014124000
197.94	0.0339400000
197.95	0.0514970000
197.96	0.0358970000
197.97	-0.0115800000
197.98	-0.0540550000
197.99	-0.0534480000
198	-0.0159760000
198.01	0.0280160000
198.02	0.0501780000
198.03	0.0255950000
198.04	-0.0262110000
198.05	-0.0467730000
198.06	-0.0174410000
198.07	0.0236450000
198.08	0.0364180000
198.09	0.0241400000
198.1	0.0132210000
198.11	0.0055319000
198.12	-0.0141160000
198.13	-0.0392600000
198.14	-0.0373670000
198.15	-0.0009818600
198.16	0.0378960000
198.17	0.0528770000
198.18	0.0393880000
198.19	0.0074029000
198.2	-0.0260390000
198.21	-0.0396520000
198.22	-0.0284950000
198.23	-0.0057442000
198.24	0.0160680000
198.25	0.0231250000
198.26	0.0159260000
198.27	0.0034861000
198.28	-0.0063373000
198.29	-0.0084241000
198.3	-0.0083730000
198.31	-0.0023912000
198.32	0.0104610000
198.33	0.0175870000
198.34	0.0158260000
198.35	0.0099776000
198.36	0.0032011000
198.37	-0.0072798000
198.38	-0.0212890000
198.39	-0.0276480000
198.4	-0.0149640000
198.41	0.0092555000
198.42	0.0215970000
198.43	0.0148510000
198.44	0.0008387100
198.45	-0.0024807000
198.46	0.0121760000
198.47	0.0325060000
198.48	0.0449380000
198.49	0.0331460000
198.5	-0.0073447000
198.51	-0.0489830000
198.52	-0.0607350000
198.53	-0.0359380000
198.54	0.0061851000
198.55	0.0367500000
198.56	0.0414010000
198.57	0.0239110000
198.58	0.0014171000
198.59	-0.0072733000
198.6	-0.0050672000
198.61	0.0001692000
198.62	0.0086552000
198.63	0.0143030000
198.64	0.0122660000
198.65	0.0016389000
198.66	-0.0123250000
198.67	-0.0182910000
198.68	-0.0129340000
198.69	-0.0018715000
198.7	0.0093569000
198.71	0.0212610000
198.72	0.0328730000
198.73	0.0344990000
198.74	0.0155920000
198.75	-0.0251560000
198.76	-0.0642650000
198.77	-0.0669670000
198.78	-0.0280440000
198.79	0.0281920000
198.8	0.0681500000
198.81	0.0710770000
198.82	0.0378380000
198.83	-0.0167340000
198.84	-0.0574590000
198.85	-0.0576470000
198.86	-0.0244850000
198.87	0.0207010000
198.88	0.0494470000
198.89	0.0417910000
198.9	0.0051667000
198.91	-0.0331770000
198.92	-0.0434740000
198.93	-0.0214160000
198.94	0.0073769000
198.95	0.0198710000
198.96	0.0169830000
198.97	0.0140440000
198.98	0.0147120000
198.99	0.0039741000
199	-0.0206580000
199.01	-0.0355830000
199.02	-0.0229840000
199.03	0.0070084000
199.04	0.0321100000
199.05	0.0419910000
199.06	0.0361530000
199.07	0.0114620000
199.08	-0.0258490000
199.09	-0.0522170000
199.1	-0.0531740000
199.11	-0.0302190000
199.12	0.0072872000
199.13	0.0414010000
199.14	0.0592550000
199.15	0.0573480000
199.16	0.0379610000
199.17	0.0016549000
199.18	-0.0430100000
199.19	-0.0710560000
199.2	-0.0640660000
199.21	-0.0227120000
199.22	0.0276150000
199.23	0.0523700000
199.24	0.0396620000
199.25	0.0044615000
199.26	-0.0235560000
199.27	-0.0202820000
199.28	0.0080803000
199.29	0.0338910000
199.3	0.0411270000
199.31	0.0292460000
199.32	0.0033016000
199.33	-0.0260780000
199.34	-0.0449220000
199.35	-0.0417770000
199.36	-0.0196090000
199.37	0.0088253000
199.38	0.0314640000
199.39	0.0343310000
199.4	0.0145090000
199.41	-0.0142710000
199.42	-0.0282730000
199.43	-0.0171220000
199.44	0.0005207300
199.45	0.0114100000
199.46	0.0167950000
199.47	0.0141970000
199.48	-0.0008288000
199.49	-0.0213530000
199.5	-0.0299220000
199.51	-0.0204960000
199.52	-0.0004437200
199.53	0.0168120000
199.54	0.0219500000
199.55	0.0174990000
199.56	0.0050907000
199.57	-0.0149160000
199.58	-0.0308180000
199.59	-0.0270830000
199.6	-0.0073041000
199.61	0.0078849000
199.62	0.0056886000
199.63	-0.0105390000
199.64	-0.0250640000
199.65	-0.0204890000
199.66	0.0012182000
199.67	0.0185380000
199.68	0.0165820000
199.69	0.0061351000
199.7	0.0037127000
199.71	0.0015075000
199.72	-0.0121620000
199.73	-0.0274160000
199.74	-0.0268780000
199.75	-0.0083208000
199.76	0.0077888000
199.77	0.0067899000
199.78	-0.0036388000
199.79	-0.0105450000
199.8	-0.0063621000
199.81	0.0026877000
199.82	0.0056864000
199.83	-0.0007207000
199.84	-0.0087651000
199.85	-0.0043780000
199.86	0.0108000000
199.87	0.0225320000
199.88	0.0200720000
199.89	0.0015437000
199.9	-0.0268770000
199.91	-0.0527060000
199.92	-0.0559700000
199.93	-0.0298220000
199.94	0.0040190000
199.95	0.0243380000
199.96	0.0241630000
199.97	0.0154380000
199.98	0.0053700000
199.99	-0.0029264000
